Reference,TopContact,TopContact_Z,BackContact,BackContact_Z,ActiveLayer,AL(Z),Avg_Z,AL(Z_sq) ,AL(A),AL_Mob(cm2/Vs),AL_Den(g/cm^3),Avg_Val_e,AL_Eg(eV),AL_Th_Eg(eV),Thickness(nm),Substrate,S_Eg(eV),S_Th_Eg(eV),E(eV),Wave_L(nm),Res(A/W),P_Int(μW/cm2),Bias(V),PIN,NIP,FET,SBD,NN,Ohmic,PN
https://doi.org/10.1007/978-981-19-2308-1_15,Au,79,Cu,29,TiO2,38,12.66,1444,79.865,0.1,3.86,5.33,3.2,2.68,200,Si,1.12,0.61,2.254545455,550,0.496,1.19,3,0,0,0,1,0,0,0
https://doi.org/10.1007/978-981-19-2308-1_15,Au,79,Cu,29,TiO2,38,12.66,1444,79.865,0.1,3.86,5.33,3.2,2.68,200,Si,1.12,0.61,2.755555556,450,0.194,1.18,3,0,0,0,1,0,0,0
https://doi.org/10.1364/OE.25.030843,ITO,,In,49,TiO2,38,12.66,1444,79.865,0.1,3.86,5.33,3.27,2.68,200,GaN,3.39,1.73,4.06557377,305,0.121,18.275,8.8,0,0,0,0,0,0,1
https://doi.org/10.1364/OE.25.030843,ITO,,In,49,TiO2,38,12.66,1444,79.865,0.1,3.86,5.33,3.27,2.68,200,GaN,3.39,1.73,4.025974026,308,0.174,18.275,8.8,0,0,0,0,0,0,1
https://doi.org/10.1364/OE.25.030843,ITO,,In,49,TiO2,38,12.66,1444,79.865,0.1,3.86,5.33,3.27,2.68,200,GaN,3.39,1.73,3.974358974,312,0.203,18.27586207,8.8,0,0,0,0,0,0,1
https://doi.org/10.1364/OE.25.030843,ITO,,In,49,TiO2,38,12.66,1444,79.865,0.1,3.86,5.33,3.27,2.68,200,GaN,3.39,1.73,3.949044586,314,0.114,18.275,8.8,0,0,0,0,0,0,1
https://doi.org/10.1364/OE.25.030843,ITO,,In,49,TiO2,38,12.66,1444,79.865,0.1,3.86,5.33,3.27,2.68,200,GaN,3.39,1.73,3.911671924,317,0.091,18.275,8.8,0,0,0,0,0,0,1
https://doi.org/10.1364/OE.25.030843,ITO,,In,49,TiO2,38,12.66,1444,79.865,0.1,3.86,5.33,3.27,2.68,200,GaN,3.39,1.73,3.875,320,0.136,18.275,8.8,0,0,0,0,0,0,1
https://doi.org/10.1364/OE.25.030843,ITO,,In,49,TiO2,38,12.66,1444,79.865,0.1,3.86,5.33,3.27,2.68,200,GaN,3.39,1.73,3.839009288,323,0.088,18.275,8.8,0,0,0,0,0,0,1
https://doi.org/10.1364/OE.25.030843,ITO,,In,49,TiO2,38,12.66,1444,79.865,0.1,3.86,5.33,3.27,2.68,200,GaN,3.39,1.73,3.79204893,327,0.089,18.275,8.8,0,0,0,0,0,0,1
https://doi.org/10.1364/OE.25.030843,ITO,,In,49,TiO2,38,12.66,1444,79.865,0.1,3.86,5.33,3.27,2.68,200,GaN,3.39,1.73,3.757575758,330,0.119,18.275,8.8,0,0,0,0,0,0,1
https://doi.org/10.1364/OE.25.030843,ITO,,In,49,TiO2,38,12.66,1444,79.865,0.1,3.86,5.33,3.27,2.68,200,GaN,3.39,1.73,3.701492537,335,0.06,18.275,8.8,0,0,0,0,0,0,1
https://doi.org/10.1364/OE.25.030843,ITO,,In,49,TiO2,38,12.66,1444,79.865,0.1,3.86,5.33,3.27,2.68,200,GaN,3.39,1.73,3.647058824,340,0.075,18.275,8.8,0,0,0,0,0,0,1
https://doi.org/10.1364/OE.25.030843,ITO,,In,49,TiO2,38,12.66,1444,79.865,0.1,3.86,5.33,3.27,2.68,200,GaN,3.39,1.73,3.625730994,342,0.053,18.275,8.8,0,0,0,0,0,0,1
https://doi.org/10.1364/OE.25.030843,ITO,,In,49,TiO2,38,12.66,1444,79.865,0.1,3.86,5.33,3.27,2.68,200,GaN,3.39,1.73,3.604651163,344,0.076,18.275,8.8,0,0,0,0,0,0,1
https://doi.org/10.1364/OE.25.030843,ITO,,In,49,TiO2,38,12.66,1444,79.865,0.1,3.86,5.33,3.27,2.68,200,GaN,3.39,1.73,3.573487032,347,0.054,18.275,8.8,0,0,0,0,0,0,1
https://doi.org/10.1364/OE.25.030843,ITO,,In,49,TiO2,38,12.66,1444,79.865,0.1,3.86,5.33,3.27,2.68,200,GaN,3.39,1.73,3.542857143,350,0.051,18.275,8.8,0,0,0,0,0,0,1
https://doi.org/10.1364/OE.25.030843,ITO,,In,49,TiO2,38,12.66,1444,79.865,0.1,3.86,5.33,3.27,2.68,200,GaN,3.39,1.73,3.502824859,354,0.025,18.275,8.8,0,0,0,0,0,0,1
https://doi.org/10.1364/OE.25.030843,ITO,,In,49,TiO2,38,12.66,1444,79.865,0.1,3.86,5.33,3.27,2.68,200,GaN,3.39,1.73,3.483146067,356,0.003,18.275,8.8,0,0,0,0,0,0,1
https://doi.org/10.1364/OE.25.030843,ITO,,In,49,TiO2,38,12.66,1444,79.865,0.1,3.86,5.33,3.27,2.68,200,GaN,3.39,1.73,3.454038997,359,0.003,18.275,8.8,0,0,0,0,0,0,1
https://doi.org/10.1364/OE.25.030843,ITO,,In,49,TiO2,38,12.66,1444,79.865,0.1,3.86,5.33,3.27,2.68,200,GaN,3.39,1.73,3.415977961,363,0.007,18.275,8.8,0,0,0,0,0,0,1
https://doi.org/10.1364/OE.25.030843,ITO,,In,49,TiO2,38,12.66,1444,79.865,0.1,3.86,5.33,3.27,2.68,200,GaN,3.39,1.73,3.734939759,332,0.111,18.275,8.8,0,0,0,0,0,0,1
https://doi.org/10.1364/OE.25.030843,ITO,,In,49,TiO2,38,12.66,1444,79.865,0.1,3.86,5.33,3.27,2.68,200,GaN,3.39,1.73,3.369565217,368,0.005,18.275,8.8,0,0,0,0,0,0,1
https://doi.org/10.1364/OE.25.030843,ITO,,In,49,TiO2,38,12.66,1444,79.865,0.1,3.86,5.33,3.27,2.68,200,GaN,3.39,1.73,3.187660668,389,0.006,18.275,8.8,0,0,0,0,0,0,1
https://doi.org/10.1364/OE.25.030843,ITO,,In,49,TiO2,38,12.66,1444,79.865,0.1,3.86,5.33,2.95,2.68,200,GaN,3.39,1.73,4.054516014,305.8318171,0.044458117,4.42,8.8,0,0,0,0,0,0,1
https://doi.org/10.1364/OE.25.030843,ITO,,In,49,TiO2,38,12.66,1444,79.865,0.1,3.86,5.33,2.95,2.68,200,GaN,3.39,1.73,4.015849918,308.7764795,0.029143123,4.42,8.8,0,0,0,0,0,0,1
https://doi.org/10.1364/OE.25.030843,ITO,,In,49,TiO2,38,12.66,1444,79.865,0.1,3.86,5.33,2.95,2.68,200,GaN,3.39,1.73,3.970341593,312.3156965,0.017878953,4.42,8.8,0,0,0,0,0,0,1
https://doi.org/10.1364/OE.25.030843,ITO,,In,49,TiO2,38,12.66,1444,79.865,0.1,3.86,5.33,2.95,2.68,200,GaN,3.39,1.73,3.938978515,314.8024279,0.046646555,4.42,8.8,0,0,0,0,0,0,1
https://doi.org/10.1364/OE.25.030843,ITO,,In,49,TiO2,38,12.66,1444,79.865,0.1,3.86,5.33,2.95,2.68,200,GaN,3.39,1.73,3.896821667,318.2080439,0.039891174,4.42,8.8,0,0,0,0,0,0,1
https://doi.org/10.1364/OE.25.030843,ITO,,In,49,TiO2,38,12.66,1444,79.865,0.1,3.86,5.33,2.95,2.68,200,GaN,3.39,1.73,3.865358952,320.7981498,0.055017288,4.42,8.8,0,0,0,0,0,0,1
https://doi.org/10.1364/OE.25.030843,ITO,,In,49,TiO2,38,12.66,1444,79.865,0.1,3.86,5.33,2.95,2.68,200,GaN,3.39,1.73,3.821882588,324.4474343,0.063406221,4.419354839,8.8,0,0,0,0,0,0,1
https://doi.org/10.1364/OE.25.030843,ITO,,In,49,TiO2,38,12.66,1444,79.865,0.1,3.86,5.33,2.95,2.68,200,GaN,3.39,1.73,3.79204893,327,0.093,4.419354839,8.8,0,0,0,0,0,0,1
https://doi.org/10.1364/OE.25.030843,ITO,,In,49,TiO2,38,12.66,1444,79.865,0.1,3.86,5.33,2.95,2.68,200,GaN,3.39,1.73,3.759114935,329.8648808,0.045064645,4.42,8.8,0,0,0,0,0,0,1
https://doi.org/10.1364/OE.25.030843,ITO,,In,49,TiO2,38,12.66,1444,79.865,0.1,3.86,5.33,2.95,2.68,200,GaN,3.39,1.73,3.724985239,332.8872252,0.031504048,4.42,8.8,0,0,0,0,0,0,1
https://doi.org/10.1364/OE.25.030843,ITO,,In,49,TiO2,38,12.66,1444,79.865,0.1,3.86,5.33,2.95,2.68,200,GaN,3.39,1.73,3.696696007,335.4346686,0.030893108,4.42,8.8,0,0,0,0,0,0,1
https://doi.org/10.1364/OE.25.030843,ITO,,In,49,TiO2,38,12.66,1444,79.865,0.1,3.86,5.33,2.95,2.68,200,GaN,3.39,1.73,3.619880521,342.5527425,0.040322869,4.42,8.8,0,0,0,0,0,0,1
https://doi.org/10.1364/OE.25.030843,ITO,,In,49,TiO2,38,12.66,1444,79.865,0.1,3.86,5.33,2.95,2.68,200,GaN,3.39,1.73,3.593851525,345.0337309,0.022984107,4.42,8.8,0,0,0,0,0,0,1
https://doi.org/10.1364/OE.25.030843,ITO,,In,49,TiO2,38,12.66,1444,79.865,0.1,3.86,5.33,2.95,2.68,200,GaN,3.39,1.73,3.565410121,347.7860773,0.022166298,4.42,8.8,0,0,0,0,0,0,1
https://doi.org/10.1364/OE.25.030843,ITO,,In,49,TiO2,38,12.66,1444,79.865,0.1,3.86,5.33,2.95,2.68,200,GaN,3.39,1.73,3.539844439,350.2978793,0.019791459,4.42,8.8,0,0,0,0,0,0,1
https://doi.org/10.1364/OE.25.030843,ITO,,In,49,TiO2,38,12.66,1444,79.865,0.1,3.86,5.33,2.95,2.68,200,GaN,3.39,1.73,3.500948198,354.1897594,0.020982335,4.42,8.8,0,0,0,0,0,0,1
https://doi.org/10.1364/OE.25.030843,ITO,,In,49,TiO2,38,12.66,1444,79.865,0.1,3.86,5.33,2.95,2.68,200,GaN,3.39,1.73,3.474527728,356.8830348,0.017757973,4.42,8.8,0,0,0,0,0,0,1
https://doi.org/10.1364/OE.25.030843,ITO,,In,49,TiO2,38,12.66,1444,79.865,0.1,3.86,5.33,2.95,2.68,200,GaN,3.39,1.73,3.450763522,359.3407639,0.015867003,4.42,8.8,0,0,0,0,0,0,1
https://doi.org/10.1364/OE.25.030843,ITO,,In,49,TiO2,38,12.66,1444,79.865,0.1,3.86,5.33,2.95,2.68,200,GaN,3.39,1.73,3.416851615,362.9071847,0.02574054,4.42,8.8,0,0,0,0,0,0,1
https://doi.org/10.1364/OE.25.030843,ITO,,In,49,TiO2,38,12.66,1444,79.865,0.1,3.86,5.33,2.95,2.68,200,GaN,3.39,1.73,3.387326175,366.0704449,0.01850425,4.42,8.8,0,0,0,0,0,0,1
https://doi.org/10.1364/OE.25.030843,ITO,,In,49,TiO2,38,12.66,1444,79.865,0.1,3.86,5.33,2.95,2.68,200,GaN,3.39,1.73,3.365436114,368.4515046,0.020203529,4.42,8.8,0,0,0,0,0,0,1
https://doi.org/10.1364/OE.25.030843,ITO,,In,49,TiO2,38,12.66,1444,79.865,0.1,3.86,5.33,2.95,2.68,200,GaN,3.39,1.73,3.335002525,371.8138114,0.006910527,4.42,8.8,0,0,0,0,0,0,1
https://doi.org/10.1364/OE.25.030843,ITO,,In,49,TiO2,38,12.66,1444,79.865,0.1,3.86,5.33,2.95,2.68,200,GaN,3.39,1.73,3.307651984,374.8882911,0.000515362,4.42,8.8,0,0,0,0,0,0,1
https://doi.org/10.1364/OE.25.030843,ITO,,In,49,TiO2,38,12.66,1444,79.865,0.1,3.86,5.33,2.95,2.68,200,GaN,3.39,1.73,3.286135192,377.342966,0.001389546,4.42,8.8,0,0,0,0,0,0,1
https://doi.org/10.1364/OE.25.030843,ITO,,In,49,TiO2,38,12.66,1444,79.865,0.1,3.86,5.33,2.95,2.68,200,GaN,3.39,1.73,3.251499648,381.3624894,0.000940859,4.42,8.8,0,0,0,0,0,0,1
https://pubs.acs.org/doi/10.1021/acssuschemeng.9b07449,Ag,47,Ag,47,WSe2,142,47.33,20164,341.782,180,8.66,6,1.64,1.45,120,Si,1.1,0.61,3.1,400,0.013233981,7.757,2,0,0,0,0,0,0,1
https://pubs.acs.org/doi/10.1021/acssuschemeng.9b07449,Ag,47,Ag,47,WSe2,142,47.33,20164,341.782,180,8.66,6,1.64,1.45,120,Si,1.1,0.61,2.890410959,429.0047393,0.0175842,7.757,2,0,0,0,0,0,0,1
https://pubs.acs.org/doi/10.1021/acssuschemeng.9b07449,Ag,47,Ag,47,WSe2,142,47.33,20164,341.782,180,8.66,6,1.64,1.45,120,Si,1.1,0.61,2.638563937,469.9526066,0.031658287,7.757,2,0,0,0,0,0,0,1
https://pubs.acs.org/doi/10.1021/acssuschemeng.9b07449,Ag,47,Ag,47,WSe2,142,47.33,20164,341.782,180,8.66,6,1.64,1.45,120,Si,1.1,0.61,2.387226277,519.4312796,0.095390289,7.757603045,2,0,0,0,0,0,0,1
https://pubs.acs.org/doi/10.1021/acssuschemeng.9b07449,Ag,47,Ag,47,WSe2,142,47.33,20164,341.782,180,8.66,6,1.64,1.45,120,Si,1.1,0.61,2.217288135,559.2417062,0.080190174,7.757,2,0,0,0,0,0,0,1
https://pubs.acs.org/doi/10.1021/acssuschemeng.9b07449,Ag,47,Ag,47,WSe2,142,47.33,20164,341.782,180,8.66,6,1.64,1.45,120,Si,1.1,0.61,2.066013898,600.1895735,0.067648292,7.757,2,0,0,0,0,0,0,1
https://pubs.acs.org/doi/10.1021/acssuschemeng.9b07449,Ag,47,Ag,47,WSe2,142,47.33,20164,341.782,180,8.66,6,1.64,1.45,120,Si,1.1,0.61,1.851925255,669.5734597,0.042601529,7.757,2,0,0,0,0,0,0,1
https://pubs.acs.org/doi/10.1021/acssuschemeng.9b07449,Ag,47,Ag,47,MoSe2-WSe2,142,47.33,20164,341.782,180,8.66,6,0.7,1.25,240,Si,1.1,0.61,2.384615385,520,0.342464079,121.7041991,2,0,0,0,0,0,0,1
https://pubs.acs.org/doi/10.1021/acssuschemeng.9b07449,Ag,47,Ag,47,MoSe2-WSe2,142,47.33,20164,341.782,180,8.66,6,0.7,1.25,240,Si,1.1,0.61,2.384615385,520,0.356352345,135.7309955,2,0,0,0,0,0,0,1
https://pubs.acs.org/doi/10.1021/acssuschemeng.9b07449,Ag,47,Ag,47,MoSe2-WSe2,142,47.33,20164,341.782,180,8.66,6,0.7,1.25,240,Si,1.1,0.61,2.384615385,520,0.288343724,185.701458,2,0,0,0,0,0,0,1
https://pubs.acs.org/doi/10.1021/acssuschemeng.9b07449,Ag,47,Ag,47,MoSe2-WSe2,142,47.33,20164,341.782,180,8.66,6,0.7,1.25,240,Si,1.1,0.61,2.384615385,520,0.275559033,220.7684492,2,0,0,0,0,0,0,1
https://pubs.acs.org/doi/10.1021/acssuschemeng.9b07449,Ag,47,Ag,47,MoSe2-WSe2,142,47.33,20164,341.782,180,8.66,6,0.7,1.25,240,Si,1.1,0.61,2.384615385,520,0.260631728,291.7791063,2,0,0,0,0,0,0,1
https://pubs.acs.org/doi/10.1021/acssuschemeng.9b07449,Ag,47,Ag,47,MoSe2-WSe2,142,47.33,20164,341.782,180,8.66,6,0.7,1.25,240,Si,1.1,0.61,2.384615385,520,0.216107959,436.430445,2,0,0,0,0,0,0,1
https://pubs.acs.org/doi/10.1021/acssuschemeng.9b07449,Ag,47,Ag,47,MoSe2-WSe2,142,47.33,20164,341.782,180,8.66,6,0.7,1.25,240,Si,1.1,0.61,2.384615385,520,0.178799377,588.0951818,2,0,0,0,0,0,0,1
https://pubs.acs.org/doi/10.1021/acssuschemeng.9b07449,Ag,47,Ag,47,MoSe2-WSe2,142,47.33,20164,341.782,180,8.66,6,0.7,1.25,240,Si,1.1,0.61,2.384615385,520,0.154578808,745.0199674,2,0,0,0,0,0,0,1
https://pubs.acs.org/doi/10.1021/acssuschemeng.9b07449,Ag,47,Ag,47,MoSe2-WSe2,142,47.33,20164,341.782,180,8.66,6,0.7,1.25,240,Si,1.1,0.61,2.384615385,520,0.022234971,121.7041991,2.970723748,0,0,0,0,0,0,1
https://pubs.acs.org/doi/10.1021/acssuschemeng.9b07449,Ag,47,Ag,47,MoSe2-WSe2,142,47.33,20164,341.782,180,8.66,6,0.7,1.25,240,Si,1.1,0.61,2.384615385,520,0.021674349,121.7041991,2.468194272,0,0,0,0,0,0,1
https://pubs.acs.org/doi/10.1021/acssuschemeng.9b07449,Ag,47,Ag,47,MoSe2-WSe2,142,47.33,20164,341.782,180,8.66,6,0.7,1.25,240,Si,1.1,0.61,2.384615385,520,0.020839645,121.7041991,1.965664796,0,0,0,0,0,0,1
https://pubs.acs.org/doi/10.1021/acssuschemeng.9b07449,Ag,47,Ag,47,MoSe2-WSe2,142,47.33,20164,341.782,180,8.66,6,0.7,1.25,240,Si,1.1,0.61,2.384615385,520,0.012563224,121.7041991,1.326081826,0,0,0,0,0,0,1
https://pubs.acs.org/doi/10.1021/acssuschemeng.9b07449,Ag,47,Ag,47,MoSe2-WSe2,142,47.33,20164,341.782,180,8.66,6,0.7,1.25,240,Si,1.1,0.61,2.384615385,520,0.001728133,121.7041991,0.947915705,0,0,0,0,0,0,1
https://pubs.acs.org/doi/10.1021/acssuschemeng.9b07449,Ag,47,Ag,47,MoSe2-WSe2,142,47.33,20164,341.782,180,8.66,6,0.7,1.25,240,Si,1.1,0.61,2.384615385,520,0.001242779,121.7041991,0.625586192,0,0,0,0,0,0,1
https://pubs.acs.org/doi/10.1021/acssuschemeng.9b07449,Ag,47,Ag,47,MoSe2-WSe2,142,47.33,20164,341.782,180,8.66,6,0.7,1.25,240,Si,1.1,0.61,2.384615385,520,0.020092148,121.7041991,1.630645145,0,0,0,0,0,0,1
https://pubs.acs.org/doi/10.1021/acssuschemeng.9b07449,Ag,47,Ag,47,MoSe2-WSe2,142,47.33,20164,341.782,180,8.66,6,0.7,1.25,240,Si,1.1,0.61,2.384615385,520,0.021113727,121.7041991,2.133174621,0,0,0,0,0,0,1
https://doi.org/10.1016/j.apsusc.2020.147739,Ag,47,Ag,47,SnSe2,118,39.33,13924,276.653,450,5.54,5.33,1.27,0.7,50,Si,1.1,0.61,2.032786885,610,10.20758014,119,2.498920734,0,0,0,0,0,0,1
https://doi.org/10.1016/j.apsusc.2020.147739,Ag,47,Ag,47,SnSe2,118,39.33,13924,276.653,450,5.54,5.33,1.27,0.7,50,Si,1.1,0.61,2.032786885,610,10.11831607,119,2.295824335,0,0,0,0,0,0,1
https://doi.org/10.1016/j.apsusc.2020.147739,Ag,47,Ag,47,SnSe2,118,39.33,13924,276.653,450,5.54,5.33,1.27,0.7,50,Si,1.1,0.61,2.032786885,610,7.808750143,119,1.999804045,0,0,0,0,0,0,1
https://doi.org/10.1016/j.apsusc.2020.147739,Ag,47,Ag,47,SnSe2,118,39.33,13924,276.653,450,5.54,5.33,1.27,0.7,50,Si,1.1,0.61,2.032786885,610,5.178907662,119,1.798759125,0,0,0,0,0,0,1
https://doi.org/10.1016/j.apsusc.2020.147739,Ag,47,Ag,47,SnSe2,118,39.33,13924,276.653,450,5.54,5.33,1.27,0.7,50,Si,1.1,0.61,2.032786885,610,2.997392733,119,1.59883442,0,0,0,0,0,0,1
https://doi.org/10.1016/j.apsusc.2020.147739,Ag,47,Ag,47,SnSe2,118,39.33,13924,276.653,450,5.54,5.33,1.27,0.7,50,Si,1.1,0.61,2.032786885,610,1.416969828,119,1.399515711,0,0,0,0,0,0,1
https://doi.org/10.1016/j.apsusc.2020.147739,Ag,47,Ag,47,SnSe2,118,39.33,13924,276.653,450,5.54,5.33,1.27,0.7,50,Si,1.1,0.61,2.032786885,610,0.686051388,119,1.19434219,0,0,0,0,0,0,1
https://doi.org/10.1016/j.apsusc.2020.147739,Ag,47,Ag,47,SnSe2,118,39.33,13924,276.653,450,5.54,5.33,1.27,0.7,50,Si,1.1,0.61,2.032786885,610,0.33805585,119,0.992399748,0,0,0,0,0,0,1
https://doi.org/10.1016/j.apsusc.2020.147739,Ag,47,Ag,47,SnSe2,118,39.33,13924,276.653,450,5.54,5.33,1.27,0.7,50,Si,1.1,0.61,2.032786885,610,0.077619664,119,0.79630485,0,0,0,0,0,0,1
https://doi.org/10.1016/j.apsusc.2020.147739,Ag,47,Ag,47,SnSe2,118,39.33,13924,276.653,450,5.54,5.33,1.27,0.7,50,Si,1.1,0.61,3.095602837,400.5681818,0.931603774,119,2,0,0,0,0,0,0,1
https://doi.org/10.1016/j.apsusc.2020.147739,Ag,47,Ag,47,SnSe2,118,39.33,13924,276.653,450,5.54,5.33,1.27,0.7,50,Si,1.1,0.61,2.819638243,439.7727273,1.591981132,119,2,0,0,0,0,0,0,1
https://doi.org/10.1016/j.apsusc.2020.147739,Ag,47,Ag,47,SnSe2,118,39.33,13924,276.653,450,5.54,5.33,1.27,0.7,50,Si,1.1,0.61,2.642130751,469.3181818,3.266509434,119,2,0,0,0,0,0,0,1
https://doi.org/10.1016/j.apsusc.2020.147739,Ag,47,Ag,47,SnSe2,118,39.33,13924,276.653,450,5.54,5.33,1.27,0.7,50,Si,1.1,0.61,2.385136612,519.8863636,6.497641509,119,2,0,0,0,0,0,0,1
https://doi.org/10.1016/j.apsusc.2020.147739,Ag,47,Ag,47,SnSe2,118,39.33,13924,276.653,450,5.54,5.33,1.27,0.7,50,Si,1.1,0.61,2.215634518,559.6590909,7.370283019,119,2,0,0,0,0,0,0,1
https://doi.org/10.1016/j.apsusc.2020.147739,Ag,47,Ag,47,SnSe2,118,39.33,13924,276.653,450,5.54,5.33,1.27,0.7,50,Si,1.1,0.61,2.033923579,609.6590909,7.912735849,119,2,0,0,0,0,0,0,1
https://doi.org/10.1016/j.apsusc.2020.147739,Ag,47,Ag,47,SnSe2,118,39.33,13924,276.653,450,5.54,5.33,1.27,0.7,50,Si,1.1,0.61,1.96967509,629.5454545,7.606132075,119,2,0,0,0,0,0,0,1
https://doi.org/10.1016/j.apsusc.2020.147739,Ag,47,Ag,47,SnSe2,118,39.33,13924,276.653,450,5.54,5.33,1.27,0.7,50,Si,1.1,0.61,1.851060221,669.8863636,3.714622642,119,2,0,0,0,0,0,0,1
https://doi.org/10.1016/j.apsusc.2020.147739,Ag,47,Ag,47,SnSe2,118,39.33,13924,276.653,450,5.54,5.33,1.27,0.7,50,Si,1.1,0.61,2.032786885,610,7.601761179,96.65532925,2,0,0,0,0,0,0,1
https://doi.org/10.1016/j.apsusc.2020.147739,Ag,47,Ag,47,SnSe2,118,39.33,13924,276.653,450,5.54,5.33,1.27,0.7,50,Si,1.1,0.61,2.032786885,610,5.125279342,252.6879237,2,0,0,0,0,0,0,1
https://doi.org/10.1016/j.apsusc.2020.147739,Ag,47,Ag,47,SnSe2,118,39.33,13924,276.653,450,5.54,5.33,1.27,0.7,50,Si,1.1,0.61,2.032786885,610,2.676028451,763.3400508,2,0,0,0,0,0,0,1
https://doi.org/10.1016/j.apsusc.2020.147739,Ag,47,Ag,47,SnSe2,118,39.33,13924,276.653,450,5.54,5.33,1.27,0.7,50,Si,1.1,0.61,2.032786885,610,1.480455738,2451.329027,2,0,0,0,0,0,0,1
https://doi.org/10.1016/j.apsusc.2020.147739,Ag,47,Ag,47,SnSe2,118,39.33,13924,276.653,450,5.54,5.33,1.27,0.7,50,Si,1.1,0.61,2.032786885,610,1.348831515,3359.155031,2,0,0,0,0,0,0,1
https://doi.org/10.1016/j.apsusc.2020.147739,Ag,47,Ag,47,SnSe2,118,39.33,13924,276.653,450,5.54,5.33,1.27,0.7,50,Si,1.1,0.61,2.032786885,610,1.085439243,5089.69835,2,0,0,0,0,0,0,1
https://doi.org/10.1016/j.apsusc.2020.147739,Ag,47,Ag,47,SnSe2,118,39.33,13924,276.653,450,5.54,5.33,1.27,0.7,50,Si,1.1,0.61,2.032786885,610,3.003037946,550.8550855,2,0,0,0,0,0,0,1
https://doi.org/10.1016/j.apsusc.2020.147739,Ag,47,Ag,47,SnSe2,118,39.33,13924,276.653,450,5.54,5.33,1.27,0.7,50,Si,1.1,0.61,2.032786885,610,1.767817846,1609.360936,2,0,0,0,0,0,0,1
https://doi.org/10.1016/j.apsusc.2020.147739,Ag,47,Ag,47,SnSe2,118,39.33,13924,276.653,450,5.54,5.33,1.35,0.7,40,Si,1.1,0.61,2.032786885,610,2.803724876,119,2.498920734,0,0,0,0,0,0,1
https://doi.org/10.1016/j.apsusc.2020.147739,Ag,47,Ag,47,SnSe2,118,39.33,13924,276.653,450,5.54,5.33,1.35,0.7,40,Si,1.1,0.61,2.032786885,610,2.282244288,119,2.295824335,0,0,0,0,0,0,1
https://doi.org/10.1016/j.apsusc.2020.147739,Ag,47,Ag,47,SnSe2,118,39.33,13924,276.653,450,5.54,5.33,1.35,0.7,40,Si,1.1,0.61,2.032786885,610,1.557815803,119,1.999804045,0,0,0,0,0,0,1
https://doi.org/10.1016/j.apsusc.2020.147739,Ag,47,Ag,47,SnSe2,118,39.33,13924,276.653,450,5.54,5.33,1.35,0.7,40,Si,1.1,0.61,2.032786885,610,1.174544787,119,1.798759125,0,0,0,0,0,0,1
https://doi.org/10.1016/j.apsusc.2020.147739,Ag,47,Ag,47,SnSe2,118,39.33,13924,276.653,450,5.54,5.33,1.35,0.7,40,Si,1.1,0.61,2.032786885,610,0.803201659,119,1.59883442,0,0,0,0,0,0,1
https://doi.org/10.1016/j.apsusc.2020.147739,Ag,47,Ag,47,SnSe2,118,39.33,13924,276.653,450,5.54,5.33,1.35,0.7,40,Si,1.1,0.61,2.032786885,610,0.574385511,119,1.399515711,0,0,0,0,0,0,1
https://doi.org/10.1016/j.apsusc.2020.147739,Ag,47,Ag,47,SnSe2,118,39.33,13924,276.653,450,5.54,5.33,1.35,0.7,40,Si,1.1,0.61,2.032786885,610,0.388098318,119,1.19434219,0,0,0,0,0,0,1
https://doi.org/10.1016/j.apsusc.2020.147739,Ag,47,Ag,47,SnSe2,118,39.33,13924,276.653,450,5.54,5.33,1.35,0.7,40,Si,1.1,0.61,2.032786885,610,0.17076326,119,0.992399748,0,0,0,0,0,0,1
https://doi.org/10.1016/j.apsusc.2020.147739,Ag,47,Ag,47,SnSe2,118,39.33,13924,276.653,450,5.54,5.33,1.35,0.7,40,Si,1.1,0.61,2.032786885,610,0.077619664,119,0.79630485,0,0,0,0,0,0,1
https://doi.org/10.1016/j.apsusc.2020.147739,Ag,47,Ag,47,SnSe2,118,39.33,13924,276.653,450,5.54,5.33,1.35,0.7,40,Si,1.1,0.61,3.104409673,399.4318182,0.153301887,119,2,0,0,0,0,0,0,1
https://doi.org/10.1016/j.apsusc.2020.147739,Ag,47,Ag,47,SnSe2,118,39.33,13924,276.653,450,5.54,5.33,1.35,0.7,40,Si,1.1,0.61,2.823285899,439.2045455,0.45990566,119,2,0,0,0,0,0,0,1
https://doi.org/10.1016/j.apsusc.2020.147739,Ag,47,Ag,47,SnSe2,118,39.33,13924,276.653,450,5.54,5.33,1.35,0.7,40,Si,1.1,0.61,2.638935913,469.8863636,0.813679245,119,2,0,0,0,0,0,0,1
https://doi.org/10.1016/j.apsusc.2020.147739,Ag,47,Ag,47,SnSe2,118,39.33,13924,276.653,450,5.54,5.33,1.35,0.7,40,Si,1.1,0.61,2.385136612,519.8863636,0.860849057,119,2,0,0,0,0,0,0,1
https://doi.org/10.1016/j.apsusc.2020.147739,Ag,47,Ag,47,SnSe2,118,39.33,13924,276.653,450,5.54,5.33,1.35,0.7,40,Si,1.1,0.61,2.215634518,559.6590909,1.591981132,119,2,0,0,0,0,0,0,1
https://doi.org/10.1016/j.apsusc.2020.147739,Ag,47,Ag,47,SnSe2,118,39.33,13924,276.653,450,5.54,5.33,1.35,0.7,40,Si,1.1,0.61,2.033923579,609.6590909,2.747641509,119,2,0,0,0,0,0,0,1
https://doi.org/10.1016/j.apsusc.2020.147739,Ag,47,Ag,47,SnSe2,118,39.33,13924,276.653,450,5.54,5.33,1.35,0.7,40,Si,1.1,0.61,1.967899008,630.1136364,2.488207547,119,2,0,0,0,0,0,0,1
https://doi.org/10.1016/j.apsusc.2020.147739,Ag,47,Ag,47,SnSe2,118,39.33,13924,276.653,450,5.54,5.33,1.35,0.7,40,Si,1.1,0.61,1.851060221,669.8863636,0.601415094,119,2,0,0,0,0,0,0,1
https://doi.org/10.1016/j.apsusc.2020.147739,Ag,47,Ag,47,SnSe2,118,39.33,13924,276.653,450,5.54,5.33,1.35,0.7,40,Si,1.1,0.61,2.032786885,610,2.698258466,128.5710872,2,0,0,0,0,0,0,1
https://doi.org/10.1016/j.apsusc.2020.147739,Ag,47,Ag,47,SnSe2,118,39.33,13924,276.653,450,5.54,5.33,1.35,0.7,40,Si,1.1,0.61,2.032786885,610,1.269013205,252.6879237,2,0,0,0,0,0,0,1
https://doi.org/10.1016/j.apsusc.2020.147739,Ag,47,Ag,47,SnSe2,118,39.33,13924,276.653,450,5.54,5.33,1.35,0.7,40,Si,1.1,0.61,2.032786885,610,0.854788227,586.0302844,2,0,0,0,0,0,0,1
https://doi.org/10.1016/j.apsusc.2020.147739,Ag,47,Ag,47,SnSe2,118,39.33,13924,276.653,450,5.54,5.33,1.35,0.7,40,Si,1.1,0.61,2.032786885,610,0.816297949,791.7096134,2,0,0,0,0,0,0,1
https://doi.org/10.1016/j.apsusc.2020.147739,Ag,47,Ag,47,SnSe2,118,39.33,13924,276.653,450,5.54,5.33,1.35,0.7,40,Si,1.1,0.61,2.032786885,610,0.493717525,1642.796492,2,0,0,0,0,0,0,1
https://doi.org/10.1016/j.apsusc.2020.147739,Ag,47,Ag,47,SnSe2,118,39.33,13924,276.653,450,5.54,5.33,1.35,0.7,40,Si,1.1,0.61,2.032786885,610,0.401911367,2474.024677,2,0,0,0,0,0,0,1
https://doi.org/10.1016/j.apsusc.2020.147739,Ag,47,Ag,47,SnSe2,118,39.33,13924,276.653,450,5.54,5.33,1.35,0.7,40,Si,1.1,0.61,2.032786885,610,0.376787464,3366.247421,2,0,0,0,0,0,0,1
https://doi.org/10.1016/j.apsusc.2020.147739,Ag,47,Ag,47,SnSe2,118,39.33,13924,276.653,450,5.54,5.33,1.35,0.7,40,Si,1.1,0.61,2.032786885,610,0.339812348,5125.160304,2,0,0,0,0,0,0,1
https://onlinelibrary.wiley.com/doi/abs/10.1002/adfm.201907951,Graphene,6,Si,14,MoTe2,146,48.66,21316,351.15,180,7.23,6,1.1,0.86,4.15,Si,1,0.61,1.265306122,980,0.061708113,2190,1.756940357,0,0,0,0,1,0,0
https://onlinelibrary.wiley.com/doi/abs/10.1002/adfm.201907951,Graphene,6,Si,14,MoTe2,146,48.66,21316,351.15,180,7.23,6,1.1,0.86,4.15,Si,1,0.61,1.265306122,980,0.061713738,2190,1.668790669,0,0,0,0,1,0,0
https://onlinelibrary.wiley.com/doi/abs/10.1002/adfm.201907951,Graphene,6,Si,14,MoTe2,146,48.66,21316,351.15,180,7.23,6,1.1,0.86,4.15,Si,1,0.61,1.265306122,980,0.061475948,2190,1.580640981,0,0,0,0,1,0,0
https://onlinelibrary.wiley.com/doi/abs/10.1002/adfm.201907951,Graphene,6,Si,14,MoTe2,146,48.66,21316,351.15,180,7.23,6,1.1,0.86,4.15,Si,1,0.61,1.265306122,980,0.06140998,2190,1.492491292,0,0,0,0,1,0,0
https://onlinelibrary.wiley.com/doi/abs/10.1002/adfm.201907951,Graphene,6,Si,14,MoTe2,146,48.66,21316,351.15,180,7.23,6,1.1,0.86,4.15,Si,1,0.61,1.265306122,980,0.06137265,2190,1.404341604,0,0,0,0,1,0,0
https://onlinelibrary.wiley.com/doi/abs/10.1002/adfm.201907951,Graphene,6,Si,14,MoTe2,146,48.66,21316,351.15,180,7.23,6,1.1,0.86,4.15,Si,1,0.61,1.265306122,980,0.061106223,2190,1.316191916,0,0,0,0,1,0,0
https://onlinelibrary.wiley.com/doi/abs/10.1002/adfm.201907951,Graphene,6,Si,14,MoTe2,146,48.66,21316,351.15,180,7.23,6,1.1,0.86,4.15,Si,1,0.61,1.265306122,980,0.061111848,2190,1.228042228,0,0,0,0,1,0,0
https://onlinelibrary.wiley.com/doi/abs/10.1002/adfm.201907951,Graphene,6,Si,14,MoTe2,146,48.66,21316,351.15,180,7.23,6,1.1,0.86,4.15,Si,1,0.61,1.265306122,980,0.061117473,2190,1.13989254,0,0,0,0,1,0,0
https://onlinelibrary.wiley.com/doi/abs/10.1002/adfm.201907951,Graphene,6,Si,14,MoTe2,146,48.66,21316,351.15,180,7.23,6,1.1,0.86,4.15,Si,1,0.61,1.265306122,980,0.061051505,2190,1.051742852,0,0,0,0,1,0,0
https://onlinelibrary.wiley.com/doi/abs/10.1002/adfm.201907951,Graphene,6,Si,14,MoTe2,146,48.66,21316,351.15,180,7.23,6,1.1,0.86,4.15,Si,1,0.61,1.265306122,980,0.060813716,2190,0.963593164,0,0,0,0,1,0,0
https://onlinelibrary.wiley.com/doi/abs/10.1002/adfm.201907951,Graphene,6,Si,14,MoTe2,146,48.66,21316,351.15,180,7.23,6,1.1,0.86,4.15,Si,1,0.61,1.265306122,980,0.060547288,2190,0.875443475,0,0,0,0,1,0,0
https://onlinelibrary.wiley.com/doi/abs/10.1002/adfm.201907951,Graphene,6,Si,14,MoTe2,146,48.66,21316,351.15,180,7.23,6,1.1,0.86,4.15,Si,1,0.61,1.265306122,980,0.060080402,2190,0.787293787,0,0,0,0,1,0,0
https://onlinelibrary.wiley.com/doi/abs/10.1002/adfm.201907951,Graphene,6,Si,14,MoTe2,146,48.66,21316,351.15,180,7.23,6,1.1,0.86,4.15,Si,1,0.61,1.265306122,980,0.058768722,2190,0.699144099,0,0,0,0,1,0,0
https://onlinelibrary.wiley.com/doi/abs/10.1002/adfm.201907951,Graphene,6,Si,14,MoTe2,146,48.66,21316,351.15,180,7.23,6,1.1,0.86,4.15,Si,1,0.61,1.265306122,980,0.056149708,2190,0.623014823,0,0,0,0,1,0,0
https://onlinelibrary.wiley.com/doi/abs/10.1002/adfm.201907951,Graphene,6,Si,14,MoTe2,146,48.66,21316,351.15,180,7.23,6,1.1,0.86,4.15,Si,1,0.61,1.265306122,980,0.053317706,2190,0.574933175,0,0,0,0,1,0,0
https://onlinelibrary.wiley.com/doi/abs/10.1002/adfm.201907951,Graphene,6,Si,14,MoTe2,146,48.66,21316,351.15,180,7.23,6,1.1,0.86,4.15,Si,1,0.61,1.265306122,980,0.045072018,2190,0.512541513,0,0,0,0,1,0,0
https://onlinelibrary.wiley.com/doi/abs/10.1002/adfm.201907951,Graphene,6,Si,14,MoTe2,146,48.66,21316,351.15,180,7.23,6,1.1,0.86,4.15,Si,1,0.61,1.265306122,980,0.040389658,2190,0.47008847,0,0,0,0,1,0,0
https://onlinelibrary.wiley.com/doi/abs/10.1002/adfm.201907951,Graphene,6,Si,14,MoTe2,146,48.66,21316,351.15,180,7.23,6,1.1,0.86,4.15,Si,1,0.61,1.265306122,980,0.034132332,2190,0.414661015,0,0,0,0,1,0,0
https://onlinelibrary.wiley.com/doi/abs/10.1002/adfm.201907951,Graphene,6,Si,14,MoTe2,146,48.66,21316,351.15,180,7.23,6,1.1,0.86,4.15,Si,1,0.61,1.265306122,980,0.030556945,2190,0.394010563,0,0,0,0,1,0,0
https://onlinelibrary.wiley.com/doi/abs/10.1002/adfm.201907951,Graphene,6,Si,14,MoTe2,146,48.66,21316,351.15,180,7.23,6,1.1,0.86,4.15,Si,1,0.61,1.265306122,980,0.026659681,2190,0.358201504,0,0,0,0,1,0,0
https://onlinelibrary.wiley.com/doi/abs/10.1002/adfm.201907951,Graphene,6,Si,14,MoTe2,146,48.66,21316,351.15,180,7.23,6,1.1,0.86,4.15,Si,1,0.61,1.265306122,980,0.021859624,2190,0.317162117,0,0,0,0,1,0,0
https://onlinelibrary.wiley.com/doi/abs/10.1002/adfm.201907951,Graphene,6,Si,14,MoTe2,146,48.66,21316,351.15,180,7.23,6,1.1,0.86,4.15,Si,1,0.61,1.265306122,980,0.018029139,2190,0.268258561,0,0,0,0,1,0,0
https://onlinelibrary.wiley.com/doi/abs/10.1002/adfm.201907951,Graphene,6,Si,14,MoTe2,146,48.66,21316,351.15,180,7.23,6,1.1,0.86,4.15,Si,1,0.61,1.265306122,980,0.014150228,2190,0.241032841,0,0,0,0,1,0,0
https://onlinelibrary.wiley.com/doi/abs/10.1002/adfm.201907951,Graphene,6,Si,14,MoTe2,146,48.66,21316,351.15,180,7.23,6,1.1,0.86,4.15,Si,1,0.61,1.265306122,980,0.010372866,2190,0.185040324,0,0,0,0,1,0,0
https://onlinelibrary.wiley.com/doi/abs/10.1002/adfm.201907951,Graphene,6,Si,14,MoTe2,146,48.66,21316,351.15,180,7.23,6,1.1,0.86,4.15,Si,1,0.61,1.265306122,980,0.002645688,2190,0.052546103,0,0,0,0,1,0,0
https://onlinelibrary.wiley.com/doi/abs/10.1002/adfm.201907951,Graphene,6,Si,14,MoTe2,146,48.66,21316,351.15,180,7.23,6,1.1,0.86,4.15,Si,1,0.61,1.265306122,980,0.066297762,1310,1.756940357,0,0,0,0,1,0,0
https://onlinelibrary.wiley.com/doi/abs/10.1002/adfm.201907951,Graphene,6,Si,14,MoTe2,146,48.66,21316,351.15,180,7.23,6,1.1,0.86,4.15,Si,1,0.61,1.265306122,980,0.066307166,1310,1.668790669,0,0,0,0,1,0,0
https://onlinelibrary.wiley.com/doi/abs/10.1002/adfm.201907951,Graphene,6,Si,14,MoTe2,146,48.66,21316,351.15,180,7.23,6,1.1,0.86,4.15,Si,1,0.61,1.265306122,980,0.065789953,1310,1.580640981,0,0,0,0,1,0,0
https://onlinelibrary.wiley.com/doi/abs/10.1002/adfm.201907951,Graphene,6,Si,14,MoTe2,146,48.66,21316,351.15,180,7.23,6,1.1,0.86,4.15,Si,1,0.61,1.265306122,980,0.065631798,1310,1.492491292,0,0,0,0,1,0,0
https://onlinelibrary.wiley.com/doi/abs/10.1002/adfm.201907951,Graphene,6,Si,14,MoTe2,146,48.66,21316,351.15,180,7.23,6,1.1,0.86,4.15,Si,1,0.61,1.265306122,980,0.065545453,1310,1.404341604,0,0,0,0,1,0,0
https://onlinelibrary.wiley.com/doi/abs/10.1002/adfm.201907951,Graphene,6,Si,14,MoTe2,146,48.66,21316,351.15,180,7.23,6,1.1,0.86,4.15,Si,1,0.61,1.265306122,980,0.065506983,1310,1.316191916,0,0,0,0,1,0,0
https://onlinelibrary.wiley.com/doi/abs/10.1002/adfm.201907951,Graphene,6,Si,14,MoTe2,146,48.66,21316,351.15,180,7.23,6,1.1,0.86,4.15,Si,1,0.61,1.265306122,980,0.065348827,1310,1.228042228,0,0,0,0,1,0,0
https://onlinelibrary.wiley.com/doi/abs/10.1002/adfm.201907951,Graphene,6,Si,14,MoTe2,146,48.66,21316,351.15,180,7.23,6,1.1,0.86,4.15,Si,1,0.61,1.265306122,980,0.06528642,1310,1.13989254,0,0,0,0,1,0,0
https://onlinelibrary.wiley.com/doi/abs/10.1002/adfm.201907951,Graphene,6,Si,14,MoTe2,146,48.66,21316,351.15,180,7.23,6,1.1,0.86,4.15,Si,1,0.61,1.265306122,980,0.064793144,1310,1.051742852,0,0,0,0,1,0,0
https://onlinelibrary.wiley.com/doi/abs/10.1002/adfm.201907951,Graphene,6,Si,14,MoTe2,146,48.66,21316,351.15,180,7.23,6,1.1,0.86,4.15,Si,1,0.61,1.265306122,980,0.064730737,1310,0.963593164,0,0,0,0,1,0,0
https://onlinelibrary.wiley.com/doi/abs/10.1002/adfm.201907951,Graphene,6,Si,14,MoTe2,146,48.66,21316,351.15,180,7.23,6,1.1,0.86,4.15,Si,1,0.61,1.265306122,980,0.06433321,1310,0.875443475,0,0,0,0,1,0,0
https://onlinelibrary.wiley.com/doi/abs/10.1002/adfm.201907951,Graphene,6,Si,14,MoTe2,146,48.66,21316,351.15,180,7.23,6,1.1,0.86,4.15,Si,1,0.61,1.265306122,980,0.064227951,1310,0.796309096,0,0,0,0,1,0,0
https://onlinelibrary.wiley.com/doi/abs/10.1002/adfm.201907951,Graphene,6,Si,14,MoTe2,146,48.66,21316,351.15,180,7.23,6,1.1,0.86,4.15,Si,1,0.61,1.265306122,980,0.063538157,1310,0.699144099,0,0,0,0,1,0,0
https://onlinelibrary.wiley.com/doi/abs/10.1002/adfm.201907951,Graphene,6,Si,14,MoTe2,146,48.66,21316,351.15,180,7.23,6,1.1,0.86,4.15,Si,1,0.61,1.265306122,980,0.061911859,1310,0.610994411,0,0,0,0,1,0,0
https://onlinelibrary.wiley.com/doi/abs/10.1002/adfm.201907951,Graphene,6,Si,14,MoTe2,146,48.66,21316,351.15,180,7.23,6,1.1,0.86,4.15,Si,1,0.61,1.265306122,980,0.057676879,1310,0.526851527,0,0,0,0,1,0,0
https://onlinelibrary.wiley.com/doi/abs/10.1002/adfm.201907951,Graphene,6,Si,14,MoTe2,146,48.66,21316,351.15,180,7.23,6,1.1,0.86,4.15,Si,1,0.61,1.265306122,980,0.051787122,1310,0.462742663,0,0,0,0,1,0,0
https://onlinelibrary.wiley.com/doi/abs/10.1002/adfm.201907951,Graphene,6,Si,14,MoTe2,146,48.66,21316,351.15,180,7.23,6,1.1,0.86,4.15,Si,1,0.61,1.265306122,980,0.045586531,1310,0.418667819,0,0,0,0,1,0,0
https://onlinelibrary.wiley.com/doi/abs/10.1002/adfm.201907951,Graphene,6,Si,14,MoTe2,146,48.66,21316,351.15,180,7.23,6,1.1,0.86,4.15,Si,1,0.61,1.265306122,980,0.039903351,1310,0.378599779,0,0,0,0,1,0,0
https://onlinelibrary.wiley.com/doi/abs/10.1002/adfm.201907951,Graphene,6,Si,14,MoTe2,146,48.66,21316,351.15,180,7.23,6,1.1,0.86,4.15,Si,1,0.61,1.265306122,980,0.033904202,1310,0.338531739,0,0,0,0,1,0,0
https://onlinelibrary.wiley.com/doi/abs/10.1002/adfm.201907951,Graphene,6,Si,14,MoTe2,146,48.66,21316,351.15,180,7.23,6,1.1,0.86,4.15,Si,1,0.61,1.265306122,980,0.027905053,1310,0.298463698,0,0,0,0,1,0,0
https://onlinelibrary.wiley.com/doi/abs/10.1002/adfm.201907951,Graphene,6,Si,14,MoTe2,146,48.66,21316,351.15,180,7.23,6,1.1,0.86,4.15,Si,1,0.61,1.265306122,980,0.023800439,1310,0.27041607,0,0,0,0,1,0,0
https://onlinelibrary.wiley.com/doi/abs/10.1002/adfm.201907951,Graphene,6,Si,14,MoTe2,146,48.66,21316,351.15,180,7.23,6,1.1,0.86,4.15,Si,1,0.61,1.265306122,980,0.019427041,1310,0.231168831,0,0,0,0,1,0,0
https://onlinelibrary.wiley.com/doi/abs/10.1002/adfm.201907951,Graphene,6,Si,14,MoTe2,146,48.66,21316,351.15,180,7.23,6,1.1,0.86,4.15,Si,1,0.61,1.265306122,980,0.014993562,1310,0.18961039,0,0,0,0,1,0,0
https://doi.org/10.1016/j.optmat.2022.112537,Ag,47,Ag,47,WSe2,142,47.33,20164,341.782,180,8.66,6,1.65,1.45,2,Si,1.1,0.61,1.850746269,670,0.122926199,6.276538175,1,0,0,0,0,0,0,1
https://doi.org/10.1016/j.optmat.2022.112537,Ag,47,Ag,47,WSe2,142,47.33,20164,341.782,180,8.66,6,1.65,1.45,2,Si,1.1,0.61,1.850746269,670,0.079865201,10.83318986,1,0,0,0,0,0,0,1
https://doi.org/10.1016/j.optmat.2022.112537,Ag,47,Ag,47,WSe2,142,47.33,20164,341.782,180,8.66,6,1.65,1.45,2,Si,1.1,0.61,1.850746269,670,0.064581794,13.7104003,1,0,0,0,0,0,0,1
https://doi.org/10.1016/j.optmat.2022.112537,Ag,47,Ag,47,WSe2,142,47.33,20164,341.782,180,8.66,6,1.65,1.45,2,Si,1.1,0.61,1.850746269,670,0.060710427,19.351133,1,0,0,0,0,0,0,1
https://doi.org/10.1016/j.optmat.2022.112537,Ag,47,Ag,47,WSe2,142,47.33,20164,341.782,180,8.66,6,1.65,1.45,2,Si,1.1,0.61,1.850746269,670,0.054435269,25.18533597,1,0,0,0,0,0,0,1
https://doi.org/10.1016/j.optmat.2022.112537,Ag,47,Ag,47,WSe2,142,47.33,20164,341.782,180,8.66,6,1.65,1.45,2,Si,1.1,0.61,1.850746269,670,0.047689715,31.61727628,1,0,0,0,0,0,0,1
https://doi.org/10.1016/j.optmat.2022.112537,Ag,47,Ag,47,WSe2,142,47.33,20164,341.782,180,8.66,6,1.65,1.45,2,Si,1.1,0.61,1.850746269,670,0.041138875,37.73695279,1,0,0,0,0,0,0,1
https://doi.org/10.1016/j.optmat.2022.112537,Ag,47,Ag,47,WSe2,142,47.33,20164,341.782,180,8.66,6,1.65,1.45,2,Si,1.1,0.61,1.850746269,670,0.033855933,44.53728631,1,0,0,0,0,0,0,1
https://doi.org/10.1016/j.optmat.2022.112537,Ag,47,Ag,47,WSe2,142,47.33,20164,341.782,180,8.66,6,1.65,1.45,2,Si,1.1,0.61,1.850746269,670,0.027072304,50.97546322,1,0,0,0,0,0,0,1
https://doi.org/10.1016/j.optmat.2022.112537,Ag,47,Ag,47,WSe2,142,47.33,20164,341.782,180,8.66,6,1.65,1.45,2,Si,1.1,0.61,1.850746269,670,0.019947927,57.34484474,1,0,0,0,0,0,0,1
https://doi.org/10.1016/j.optmat.2022.112537,Ag,47,Ag,47,WSe2,142,47.33,20164,341.782,180,8.66,6,1.65,1.45,2,Si,1.1,0.61,1.850746269,670,0.017020364,64.011989,1,0,0,0,0,0,0,1
https://doi.org/10.1016/j.optmat.2022.112537,Ag,47,Ag,47,WSe2,142,47.33,20164,341.782,180,8.66,6,1.65,1.45,2,Si,1.1,0.61,1.850746269,670,0.015940975,69.773894,1,0,0,0,0,0,0,1
https://doi.org/10.1016/j.optmat.2022.112537,Ag,47,Ag,47,WSe2,142,47.33,20164,341.782,180,8.66,6,1.65,1.45,2,Si,1.1,0.61,1.850746269,670,0.01491768,75.67635418,1,0,0,0,0,0,0,1
https://doi.org/10.1016/j.optmat.2022.112537,Ag,47,Ag,47,WSe2,142,47.33,20164,341.782,180,8.66,6,1.65,1.45,2,Si,1.1,0.61,1.850746269,670,0.014791888,83.82769736,1,0,0,0,0,0,0,1
https://doi.org/10.1016/j.optmat.2022.112537,Ag,47,Ag,47,WSe2,142,47.33,20164,341.782,180,8.66,6,1.65,1.45,2,Si,1.1,0.61,1.850746269,670,0.014696459,90.01147494,1,0,0,0,0,0,0,1
https://doi.org/10.1016/j.optmat.2022.112537,Ag,47,Ag,47,WSe2,142,47.33,20164,341.782,180,8.66,6,1.65,1.45,2,Si,1.1,0.61,1.850746269,670,0.014618381,95.07092933,1,0,0,0,0,0,0,1
https://doi.org/10.1016/j.optmat.2022.112537,Ag,47,Ag,47,WSe2,142,47.33,20164,341.782,180,8.66,6,1.65,1.45,2,Si,1.1,0.61,1.850746269,670,0.010974741,109.6862634,1,0,0,0,0,0,0,1
https://doi.org/10.1016/j.optmat.2022.112537,Ag,47,Ag,47,WSe2,142,47.33,20164,341.782,180,8.66,6,1.65,1.45,2,Si,1.1,0.61,1.850746269,670,0.010198299,115.7012189,1,0,0,0,0,0,0,1
https://doi.org/10.1016/j.optmat.2022.112537,Ag,47,Ag,47,WSe2,142,47.33,20164,341.782,180,8.66,6,1.65,1.45,2,Si,1.1,0.61,1.850746269,670,0.011957945,119.8054613,1,0,0,0,0,0,0,1
https://doi.org/10.1016/j.optmat.2022.112537,Ag,47,Ag,47,WSe2,142,47.33,20164,341.782,180,8.66,6,1.65,1.45,2,Si,1.1,0.61,1.850746269,670,0.501692432,0.433585442,1,0,0,0,0,0,0,1
https://doi.org/10.1021/acsami.2c23234,Au,79,Ag,47,Borophane,5,5,25,10.811,20100,2.48,3,0,0,1.65,Si,1,0.61,3.397260274,365,0.034795434,4600,1.889871717,0,0,0,1,0,0,0
https://doi.org/10.1021/acsami.2c23234,Au,79,Ag,47,Borophane,5,5,25,10.811,20100,2.48,3,0,0,1.65,Si,1,0.61,3.397260274,365,0.044759217,4600,2.039957704,0,0,0,1,0,0,0
https://doi.org/10.1021/acsami.2c23234,Au,79,Ag,47,Borophane,5,5,25,10.811,20100,2.48,3,0,0,1.65,Si,1,0.61,3.397260274,365,0.054251752,4600,2.171820428,0,0,0,1,0,0,0
https://doi.org/10.1021/acsami.2c23234,Au,79,Ag,47,Borophane,5,5,25,10.811,20100,2.48,3,0,0,1.65,Si,1,0.61,3.397260274,365,0.065343275,4600,2.313716184,0,0,0,1,0,0,0
https://doi.org/10.1021/acsami.2c23234,Au,79,Ag,47,Borophane,5,5,25,10.811,20100,2.48,3,0,0,1.65,Si,1,0.61,3.397260274,365,0.078836875,4600,2.455611941,0,0,0,1,0,0,0
https://doi.org/10.1021/acsami.2c23234,Au,79,Ag,47,Borophane,5,5,25,10.811,20100,2.48,3,0,0,1.65,Si,1,0.61,3.397260274,365,0.09321545,4600,2.597507697,0,0,0,1,0,0,0
https://doi.org/10.1021/acsami.2c23234,Au,79,Ag,47,Borophane,5,5,25,10.811,20100,2.48,3,0,0,1.65,Si,1,0.61,3.397260274,365,0.1079733,4600,2.739403454,0,0,0,1,0,0,0
https://doi.org/10.1021/acsami.2c23234,Au,79,Ag,47,Borophane,5,5,25,10.811,20100,2.48,3,0,0,1.65,Si,1,0.61,3.397260274,365,0.124753951,4600,2.88129921,0,0,0,1,0,0,0
https://doi.org/10.1021/acsami.2c23234,Au,79,Ag,47,Borophane,5,5,25,10.811,20100,2.48,3,0,0,1.65,Si,1,0.61,3.397260274,365,0.142166727,4600,3.023194967,0,0,0,1,0,0,0
https://doi.org/10.1021/acsami.2c23234,Au,79,Ag,47,Borophane,5,5,25,10.811,20100,2.48,3,0,0,1.65,Si,1,0.61,3.397260274,365,0.157683127,4600,3.165090723,0,0,0,1,0,0,0
https://doi.org/10.1021/acsami.2c23234,Au,79,Ag,47,Borophane,5,5,25,10.811,20100,2.48,3,0,0,1.65,Si,1,0.61,3.397260274,365,0.17775083,4600,3.30698648,0,0,0,1,0,0,0
https://doi.org/10.1021/acsami.2c23234,Au,79,Ag,47,Borophane,5,5,25,10.811,20100,2.48,3,0,0,1.65,Si,1,0.61,3.397260274,365,0.197649965,4600,3.448882236,0,0,0,1,0,0,0
https://doi.org/10.1021/acsami.2c23234,Au,79,Ag,47,Borophane,5,5,25,10.811,20100,2.48,3,0,0,1.65,Si,1,0.61,3.397260274,365,0.216706267,4600,3.590777993,0,0,0,1,0,0,0
https://doi.org/10.1021/acsami.2c23234,Au,79,Ag,47,Borophane,5,5,25,10.811,20100,2.48,3,0,0,1.65,Si,1,0.61,3.397260274,365,0.241198846,4600,3.732673749,0,0,0,1,0,0,0
https://doi.org/10.1021/acsami.2c23234,Au,79,Ag,47,Borophane,5,5,25,10.811,20100,2.48,3,0,0,1.65,Si,1,0.61,3.397260274,365,0.261140124,4600,3.874569506,0,0,0,1,0,0,0
https://doi.org/10.1021/acsami.2c23234,Au,79,Ag,47,Borophane,5,5,25,10.811,20100,2.48,3,0,0,1.65,Si,1,0.61,3.397260274,365,0.286728387,4600,4.016465262,0,0,0,1,0,0,0
https://doi.org/10.1021/acsami.2c23234,Au,79,Ag,47,Borophane,5,5,25,10.811,20100,2.48,3,0,0,1.65,Si,1,0.61,3.397260274,365,0.314971576,4600,4.158361019,0,0,0,1,0,0,0
https://doi.org/10.1021/acsami.2c23234,Au,79,Ag,47,Borophane,5,5,25,10.811,20100,2.48,3,0,0,1.65,Si,1,0.61,3.397260274,365,0.339759147,4600,4.300256775,0,0,0,1,0,0,0
https://doi.org/10.1021/acsami.2c23234,Au,79,Ag,47,Borophane,5,5,25,10.811,20100,2.48,3,0,0,1.65,Si,1,0.61,3.397260274,365,0.367559849,4600,4.442152532,0,0,0,1,0,0,0
https://doi.org/10.1021/acsami.2c23234,Au,79,Ag,47,Borophane,5,5,25,10.811,20100,2.48,3,0,0,1.65,Si,1,0.61,3.397260274,365,0.392610238,4600,4.577598481,0,0,0,1,0,0,0
https://doi.org/10.1021/acsami.2c23234,Au,79,Ag,47,Borophane,5,5,25,10.811,20100,2.48,3,0,0,1.65,Si,1,0.61,3.397260274,365,0.422387107,4600,4.703011397,0,0,0,1,0,0,0
https://doi.org/10.1021/acsami.2c23234,Au,79,Ag,47,Borophane,5,5,25,10.811,20100,2.48,3,0,0,1.65,Si,1,0.61,3.397260274,365,0.45463444,4600,4.842040573,0,0,0,1,0,0,0
https://doi.org/10.1021/acsami.2c23234,Au,79,Ag,47,Borophane,5,5,25,10.811,20100,2.48,3,0,0,1.65,Si,1,0.61,3.397260274,365,0.479701354,4600,4.971036715,0,0,0,1,0,0,0
https://doi.org/10.1021/acsami.2c23234,Au,79,Ag,47,Borophane,5,5,25,10.811,20100,2.48,3,0,0,1.65,Si,1,0.61,3.397260274,365,0.029354836,4600,1.755260244,0,0,0,1,0,0,0
https://doi.org/10.1021/acsami.2c23234,Au,79,Ag,47,Borophane,5,5,25,10.811,20100,2.48,3,0,0,1.65,Si,1,0.61,3.397260274,365,0.019848733,4600,1.566998893,0,0,0,1,0,0,0
https://doi.org/10.1021/acsami.2c23234,Au,79,Ag,47,Borophane,5,5,25,10.811,20100,2.48,3,0,0,1.65,Si,1,0.61,3.397260274,365,0.000189257,6600,0.040159176,0,0,0,1,0,0,0
https://doi.org/10.1021/acsami.2c23234,Au,79,Ag,47,Borophane,5,5,25,10.811,20100,2.48,3,0,0,1.65,Si,1,0.61,3.397260274,365,0.000746447,6600,0.186569798,0,0,0,1,0,0,0
https://doi.org/10.1021/acsami.2c23234,Au,79,Ag,47,Borophane,5,5,25,10.811,20100,2.48,3,0,0,1.65,Si,1,0.61,3.397260274,365,0.002215715,6600,0.343760811,0,0,0,1,0,0,0
https://doi.org/10.1021/acsami.2c23234,Au,79,Ag,47,Borophane,5,5,25,10.811,20100,2.48,3,0,0,1.65,Si,1,0.61,3.397260274,365,0.00191333,6600,0.49671338,0,0,0,1,0,0,0
https://doi.org/10.1021/acsami.2c23234,Au,79,Ag,47,Borophane,5,5,25,10.811,20100,2.48,3,0,0,1.65,Si,1,0.61,3.397260274,365,0.003805462,6600,0.636766334,0,0,0,1,0,0,0
https://doi.org/10.1021/acsami.2c23234,Au,79,Ag,47,Borophane,5,5,25,10.811,20100,2.48,3,0,0,1.65,Si,1,0.61,3.397260274,365,0.003804312,6600,0.782347695,0,0,0,1,0,0,0
https://doi.org/10.1021/acsami.2c23234,Au,79,Ag,47,Borophane,5,5,25,10.811,20100,2.48,3,0,0,1.65,Si,1,0.61,3.397260274,365,0.005130008,6600,0.928620106,0,0,0,1,0,0,0
https://doi.org/10.1021/acsami.2c23234,Au,79,Ag,47,Borophane,5,5,25,10.811,20100,2.48,3,0,0,1.65,Si,1,0.61,3.397260274,365,0.006995,6600,1.079223102,0,0,0,1,0,0,0
https://doi.org/10.1021/acsami.2c23234,Au,79,Ag,47,Borophane,5,5,25,10.811,20100,2.48,3,0,0,1.65,Si,1,0.61,3.397260274,365,0.008910547,6600,1.217248975,0,0,0,1,0,0,0
https://doi.org/10.1021/acsami.2c23234,Au,79,Ag,47,Borophane,5,5,25,10.811,20100,2.48,3,0,0,1.65,Si,1,0.61,3.397260274,365,0.012567164,6600,1.376881701,0,0,0,1,0,0,0
https://doi.org/10.1021/acsami.2c23234,Au,79,Ag,47,Borophane,5,5,25,10.811,20100,2.48,3,0,0,1.65,Si,1,0.61,3.397260274,365,0.015991801,6600,1.50677365,0,0,0,1,0,0,0
https://doi.org/10.1021/acsami.2c23234,Au,79,Ag,47,Borophane,5,5,25,10.811,20100,2.48,3,0,0,1.65,Si,1,0.61,3.397260274,365,0.021826054,6600,1.653255936,0,0,0,1,0,0,0
https://doi.org/10.1021/acsami.2c23234,Au,79,Ag,47,Borophane,5,5,25,10.811,20100,2.48,3,0,0,1.65,Si,1,0.61,3.397260274,365,0.028489896,6600,1.797731615,0,0,0,1,0,0,0
https://doi.org/10.1021/acsami.2c23234,Au,79,Ag,47,Borophane,5,5,25,10.811,20100,2.48,3,0,0,1.65,Si,1,0.61,3.397260274,365,0.035573821,6600,1.941777307,0,0,0,1,0,0,0
https://doi.org/10.1021/acsami.2c23234,Au,79,Ag,47,Borophane,5,5,25,10.811,20100,2.48,3,0,0,1.65,Si,1,0.61,3.397260274,365,0.045114132,6600,2.080233167,0,0,0,1,0,0,0
https://doi.org/10.1021/acsami.2c23234,Au,79,Ag,47,Borophane,5,5,25,10.811,20100,2.48,3,0,0,1.65,Si,1,0.61,3.397260274,365,0.056946925,6600,2.227288769,0,0,0,1,0,0,0
https://doi.org/10.1021/acsami.2c23234,Au,79,Ag,47,Borophane,5,5,25,10.811,20100,2.48,3,0,0,1.65,Si,1,0.61,3.397260274,365,0.068232617,6600,2.361444757,0,0,0,1,0,0,0
https://doi.org/10.1021/acsami.2c23234,Au,79,Ag,47,Borophane,5,5,25,10.811,20100,2.48,3,0,0,1.65,Si,1,0.61,3.397260274,365,0.082261967,6600,2.511080282,0,0,0,1,0,0,0
https://doi.org/10.1021/acsami.2c23234,Au,79,Ag,47,Borophane,5,5,25,10.811,20100,2.48,3,0,0,1.65,Si,1,0.61,3.397260274,365,0.096064151,6600,2.649106154,0,0,0,1,0,0,0
https://doi.org/10.1021/acsami.2c23234,Au,79,Ag,47,Borophane,5,5,25,10.811,20100,2.48,3,0,0,1.65,Si,1,0.61,3.397260274,365,0.111971626,6600,2.791001911,0,0,0,1,0,0,0
https://doi.org/10.1021/acsami.2c23234,Au,79,Ag,47,Borophane,5,5,25,10.811,20100,2.48,3,0,0,1.65,Si,1,0.61,3.397260274,365,0.127747574,6600,2.929027783,0,0,0,1,0,0,0
https://doi.org/10.1021/acsami.2c23234,Au,79,Ag,47,Borophane,5,5,25,10.811,20100,2.48,3,0,0,1.65,Si,1,0.61,3.397260274,365,0.144686417,6600,3.068343617,0,0,0,1,0,0,0
https://doi.org/10.1021/acsami.2c23234,Au,79,Ag,47,Borophane,5,5,25,10.811,20100,2.48,3,0,0,1.65,Si,1,0.61,3.397260274,365,0.162013393,6600,3.205079527,0,0,0,1,0,0,0
https://doi.org/10.1021/acsami.2c23234,Au,79,Ag,47,Borophane,5,5,25,10.811,20100,2.48,3,0,0,1.65,Si,1,0.61,3.397260274,365,0.183091253,6600,3.358584937,0,0,0,1,0,0,0
https://doi.org/10.1021/acsami.2c23234,Au,79,Ag,47,Borophane,5,5,25,10.811,20100,2.48,3,0,0,1.65,Si,1,0.61,3.397260274,365,0.202771099,6600,3.494030886,0,0,0,1,0,0,0
https://doi.org/10.1021/acsami.2c23234,Au,79,Ag,47,Borophane,5,5,25,10.811,20100,2.48,3,0,0,1.65,Si,1,0.61,3.397260274,365,0.224675584,6600,3.628043545,0,0,0,1,0,0,0
https://doi.org/10.1021/acsami.2c23234,Au,79,Ag,47,Borophane,5,5,25,10.811,20100,2.48,3,0,0,1.65,Si,1,0.61,3.397260274,365,0.2467967,6600,3.754603093,0,0,0,1,0,0,0
https://doi.org/10.1021/acsami.2c23234,Au,79,Ag,47,Borophane,5,5,25,10.811,20100,2.48,3,0,0,1.65,Si,1,0.61,3.397260274,365,0.26686948,6600,3.893918927,0,0,0,1,0,0,0
https://doi.org/10.1021/acsami.2c23234,Au,79,Ag,47,Borophane,5,5,25,10.811,20100,2.48,3,0,0,1.65,Si,1,0.61,3.397260274,365,0.286571706,6600,4.016465262,0,0,0,1,0,0,0
https://doi.org/10.1021/acsami.2c23234,Au,79,Ag,47,Borophane,5,5,25,10.811,20100,2.48,3,0,0,1.65,Si,1,0.61,3.397260274,365,0.307440204,6600,4.14159152,0,0,0,1,0,0,0
https://doi.org/10.1021/acsami.2c23234,Au,79,Ag,47,Borophane,5,5,25,10.811,20100,2.48,3,0,0,1.65,Si,1,0.61,3.397260274,365,0.33237112,6600,4.274457547,0,0,0,1,0,0,0
https://doi.org/10.1021/acsami.2c23234,Au,79,Ag,47,Borophane,5,5,25,10.811,20100,2.48,3,0,0,1.65,Si,1,0.61,3.397260274,365,0.355290923,6600,4.390554075,0,0,0,1,0,0,0
https://doi.org/10.1021/acsami.2c23234,Au,79,Ag,47,Borophane,5,5,25,10.811,20100,2.48,3,0,0,1.65,Si,1,0.61,3.397260274,365,0.375034785,6600,4.500200796,0,0,0,1,0,0,0
https://doi.org/10.1021/acsami.2c23234,Au,79,Ag,47,Borophane,5,5,25,10.811,20100,2.48,3,0,0,1.65,Si,1,0.61,3.397260274,365,0.396016607,6600,4.61307242,0,0,0,1,0,0,0
https://doi.org/10.1021/acsami.2c23234,Au,79,Ag,47,Borophane,5,5,25,10.811,20100,2.48,3,0,0,1.65,Si,1,0.61,3.397260274,365,0.419814551,6600,4.737410369,0,0,0,1,0,0,0
https://doi.org/10.1021/acsami.2c23234,Au,79,Ag,47,Borophane,5,5,25,10.811,20100,2.48,3,0,0,1.65,Si,1,0.61,3.397260274,365,0.443361624,6600,4.859240059,0,0,0,1,0,0,0
https://doi.org/10.1021/acsami.2c23234,Au,79,Ag,47,Borophane,5,5,25,10.811,20100,2.48,3,0,0,1.65,Si,1,0.61,3.397260274,365,0.460597363,6600,4.971036715,0,0,0,1,0,0,0
https://doi.org/10.1021/acsami.2c23234,Au,79,Ag,47,Borophane,5,5,25,10.811,20100,2.48,3,0,0,1.65,Si,1,0.61,3.397260274,365,0.020480234,3800,1.668735473,0,0,0,1,0,0,0
https://doi.org/10.1021/acsami.2c23234,Au,79,Ag,47,Borophane,5,5,25,10.811,20100,2.48,3,0,0,1.65,Si,1,0.61,3.397260274,365,0.030094818,3800,1.894478722,0,0,0,1,0,0,0
https://doi.org/10.1021/acsami.2c23234,Au,79,Ag,47,Borophane,5,5,25,10.811,20100,2.48,3,0,0,1.65,Si,1,0.61,3.397260274,365,0.046314098,3800,2.081523128,0,0,0,1,0,0,0
https://doi.org/10.1021/acsami.2c23234,Au,79,Ag,47,Borophane,5,5,25,10.811,20100,2.48,3,0,0,1.65,Si,1,0.61,3.397260274,365,0.047681551,3800,2.204069463,0,0,0,1,0,0,0
https://doi.org/10.1021/acsami.2c23234,Au,79,Ag,47,Borophane,5,5,25,10.811,20100,2.48,3,0,0,1.65,Si,1,0.61,3.397260274,365,0.063629578,3800,2.358864834,0,0,0,1,0,0,0
https://doi.org/10.1021/acsami.2c23234,Au,79,Ag,47,Borophane,5,5,25,10.811,20100,2.48,3,0,0,1.65,Si,1,0.61,3.397260274,365,0.07200146,3800,2.51581014,0,0,0,1,0,0,0
https://doi.org/10.1021/acsami.2c23234,Au,79,Ag,47,Borophane,5,5,25,10.811,20100,2.48,3,0,0,1.65,Si,1,0.61,3.397260274,365,0.09483249,3800,2.736823531,0,0,0,1,0,0,0
https://doi.org/10.1021/acsami.2c23234,Au,79,Ag,47,Borophane,5,5,25,10.811,20100,2.48,3,0,0,1.65,Si,1,0.61,3.397260274,365,0.108456046,3800,2.86287119,0,0,0,1,0,0,0
https://doi.org/10.1021/acsami.2c23234,Au,79,Ag,47,Borophane,5,5,25,10.811,20100,2.48,3,0,0,1.65,Si,1,0.61,3.397260274,365,0.13525976,3800,3.040394452,0,0,0,1,0,0,0
https://doi.org/10.1021/acsami.2c23234,Au,79,Ag,47,Borophane,5,5,25,10.811,20100,2.48,3,0,0,1.65,Si,1,0.61,3.397260274,365,0.149730784,3800,3.174304733,0,0,0,1,0,0,0
https://doi.org/10.1021/acsami.2c23234,Au,79,Ag,47,Borophane,5,5,25,10.811,20100,2.48,3,0,0,1.65,Si,1,0.61,3.397260274,365,0.165368088,3800,3.322466017,0,0,0,1,0,0,0
https://doi.org/10.1021/acsami.2c23234,Au,79,Ag,47,Borophane,5,5,25,10.811,20100,2.48,3,0,0,1.65,Si,1,0.61,3.397260274,365,0.182840913,3800,3.443722391,0,0,0,1,0,0,0
https://doi.org/10.1021/acsami.2c23234,Au,79,Ag,47,Borophane,5,5,25,10.811,20100,2.48,3,0,0,1.65,Si,1,0.61,3.397260274,365,0.213087447,3800,3.635926643,0,0,0,1,0,0,0
https://doi.org/10.1021/acsami.2c23234,Au,79,Ag,47,Borophane,5,5,25,10.811,20100,2.48,3,0,0,1.65,Si,1,0.61,3.397260274,365,0.227192255,3800,3.761052901,0,0,0,1,0,0,0
https://doi.org/10.1021/acsami.2c23234,Au,79,Ag,47,Borophane,5,5,25,10.811,20100,2.48,3,0,0,1.65,Si,1,0.61,3.397260274,365,0.256772618,3800,3.928317898,0,0,0,1,0,0,0
https://doi.org/10.1021/acsami.2c23234,Au,79,Ag,47,Borophane,5,5,25,10.811,20100,2.48,3,0,0,1.65,Si,1,0.61,3.397260274,365,0.291510463,3800,4.113212369,0,0,0,1,0,0,0
https://doi.org/10.1021/acsami.2c23234,Au,79,Ag,47,Borophane,5,5,25,10.811,20100,2.48,3,0,0,1.65,Si,1,0.61,3.397260274,365,0.311223786,3800,4.248658318,0,0,0,1,0,0,0
https://doi.org/10.1021/acsami.2c23234,Au,79,Ag,47,Borophane,5,5,25,10.811,20100,2.48,3,0,0,1.65,Si,1,0.61,3.397260274,365,0.354940525,3800,4.43183284,0,0,0,1,0,0,0
https://doi.org/10.1021/acsami.2c23234,Au,79,Ag,47,Borophane,5,5,25,10.811,20100,2.48,3,0,0,1.65,Si,1,0.61,3.397260274,365,0.383471217,3800,4.590498095,0,0,0,1,0,0,0
https://doi.org/10.1021/acsami.2c23234,Au,79,Ag,47,Borophane,5,5,25,10.811,20100,2.48,3,0,0,1.65,Si,1,0.61,3.397260274,365,0.41420217,3800,4.805491666,0,0,0,1,0,0,0
https://doi.org/10.1021/acsami.2c23234,Au,79,Ag,47,Borophane,5,5,25,10.811,20100,2.48,3,0,0,1.65,Si,1,0.61,3.397260274,365,0.449517944,3800,4.932337873,0,0,0,1,0,0,0
https://doi.org/10.1021/acsami.2c23234,Au,79,Ag,47,Borophane,5,5,25,10.811,20100,2.48,3,0,0,1.65,Si,1,0.61,3.397260274,365,0.021083568,2100,1.636486437,0,0,0,1,0,0,0
https://doi.org/10.1021/acsami.2c23234,Au,79,Ag,47,Borophane,5,5,25,10.811,20100,2.48,3,0,0,1.65,Si,1,0.61,3.397260274,365,0.027105209,2100,1.771932387,0,0,0,1,0,0,0
https://doi.org/10.1021/acsami.2c23234,Au,79,Ag,47,Borophane,5,5,25,10.811,20100,2.48,3,0,0,1.65,Si,1,0.61,3.397260274,365,0.033096489,2100,1.9654266,0,0,0,1,0,0,0
https://doi.org/10.1021/acsami.2c23234,Au,79,Ag,47,Borophane,5,5,25,10.811,20100,2.48,3,0,0,1.65,Si,1,0.61,3.397260274,365,0.041147833,2100,2.103022485,0,0,0,1,0,0,0
https://doi.org/10.1021/acsami.2c23234,Au,79,Ag,47,Borophane,5,5,25,10.811,20100,2.48,3,0,0,1.65,Si,1,0.61,3.397260274,365,0.049988119,2100,2.285337033,0,0,0,1,0,0,0
https://doi.org/10.1021/acsami.2c23234,Au,79,Ag,47,Borophane,5,5,25,10.811,20100,2.48,3,0,0,1.65,Si,1,0.61,3.397260274,365,0.060866879,2100,2.453032018,0,0,0,1,0,0,0
https://doi.org/10.1021/acsami.2c23234,Au,79,Ag,47,Borophane,5,5,25,10.811,20100,2.48,3,0,0,1.65,Si,1,0.61,3.397260274,365,0.06454155,2100,2.582765281,0,0,0,1,0,0,0
https://doi.org/10.1021/acsami.2c23234,Au,79,Ag,47,Borophane,5,5,25,10.811,20100,2.48,3,0,0,1.65,Si,1,0.61,3.397260274,365,0.077945303,2100,2.748617464,0,0,0,1,0,0,0
https://doi.org/10.1021/acsami.2c23234,Au,79,Ag,47,Borophane,5,5,25,10.811,20100,2.48,3,0,0,1.65,Si,1,0.61,3.397260274,365,0.091506966,2100,2.889898953,0,0,0,1,0,0,0
https://doi.org/10.1021/acsami.2c23234,Au,79,Ag,47,Borophane,5,5,25,10.811,20100,2.48,3,0,0,1.65,Si,1,0.61,3.397260274,365,0.105680031,2100,2.97159651,0,0,0,1,0,0,0
https://doi.org/10.1021/acsami.2c23234,Au,79,Ag,47,Borophane,5,5,25,10.811,20100,2.48,3,0,0,1.65,Si,1,0.61,3.397260274,365,0.121800711,2100,3.212389309,0,0,0,1,0,0,0
https://doi.org/10.1021/acsami.2c23234,Au,79,Ag,47,Borophane,5,5,25,10.811,20100,2.48,3,0,0,1.65,Si,1,0.61,3.397260274,365,0.142022404,2100,3.377934358,0,0,0,1,0,0,0
https://doi.org/10.1021/acsami.2c23234,Au,79,Ag,47,Borophane,5,5,25,10.811,20100,2.48,3,0,0,1.65,Si,1,0.61,3.397260274,365,0.151066672,2100,3.558528957,0,0,0,1,0,0,0
https://doi.org/10.1021/acsami.2c23234,Au,79,Ag,47,Borophane,5,5,25,10.811,20100,2.48,3,0,0,1.65,Si,1,0.61,3.397260274,365,0.181968203,2100,3.689675035,0,0,0,1,0,0,0
https://doi.org/10.1021/acsami.2c23234,Au,79,Ag,47,Borophane,5,5,25,10.811,20100,2.48,3,0,0,1.65,Si,1,0.61,3.397260274,365,0.203557838,2100,3.874569506,0,0,0,1,0,0,0
https://doi.org/10.1021/acsami.2c23234,Au,79,Ag,47,Borophane,5,5,25,10.811,20100,2.48,3,0,0,1.65,Si,1,0.61,3.397260274,365,0.23762818,2100,4.048714298,0,0,0,1,0,0,0
https://doi.org/10.1021/acsami.2c23234,Au,79,Ag,47,Borophane,5,5,25,10.811,20100,2.48,3,0,0,1.65,Si,1,0.61,3.397260274,365,0.253285008,2100,4.205659604,0,0,0,1,0,0,0
https://doi.org/10.1021/acsami.2c23234,Au,79,Ag,47,Borophane,5,5,25,10.811,20100,2.48,3,0,0,1.65,Si,1,0.61,3.397260274,365,0.287377653,2100,4.383387623,0,0,0,1,0,0,0
https://doi.org/10.1021/acsami.2c23234,Au,79,Ag,47,Borophane,5,5,25,10.811,20100,2.48,3,0,0,1.65,Si,1,0.61,3.397260274,365,0.322675,2100,4.522775121,0,0,0,1,0,0,0
https://doi.org/10.1021/acsami.2c23234,Au,79,Ag,47,Borophane,5,5,25,10.811,20100,2.48,3,0,0,1.65,Si,1,0.61,3.397260274,365,0.345442537,2100,4.674345588,0,0,0,1,0,0,0
https://doi.org/10.1021/acsami.2c23234,Au,79,Ag,47,Borophane,5,5,25,10.811,20100,2.48,3,0,0,1.65,Si,1,0.61,3.397260274,365,0.407297326,2100,4.837740702,0,0,0,1,0,0,0
https://doi.org/10.1021/acsami.2c23234,Au,79,Ag,47,Borophane,5,5,25,10.811,20100,2.48,3,0,0,1.65,Si,1,0.61,3.397260274,365,0.46816144,2100,4.95383723,0,0,0,1,0,0,0
https://doi.org/10.1021/acsami.2c23234,Au,79,Ag,47,Borophane,5,5,25,10.811,20100,2.48,3,0,0,1.65,Si,1,0.61,3.397260274,365,0.039754835,1000,2.112159712,0,0,0,1,0,0,0
https://doi.org/10.1021/acsami.2c23234,Au,79,Ag,47,Borophane,5,5,25,10.811,20100,2.48,3,0,0,1.65,Si,1,0.61,3.397260274,365,0.048537084,1000,2.286483665,0,0,0,1,0,0,0
https://doi.org/10.1021/acsami.2c23234,Au,79,Ag,47,Borophane,5,5,25,10.811,20100,2.48,3,0,0,1.65,Si,1,0.61,3.397260274,365,0.055557215,1000,2.431102674,0,0,0,1,0,0,0
https://doi.org/10.1021/acsami.2c23234,Au,79,Ag,47,Borophane,5,5,25,10.811,20100,2.48,3,0,0,1.65,Si,1,0.61,3.397260274,365,0.050386869,1000,2.543759305,0,0,0,1,0,0,0
https://doi.org/10.1021/acsami.2c23234,Au,79,Ag,47,Borophane,5,5,25,10.811,20100,2.48,3,0,0,1.65,Si,1,0.61,3.397260274,365,0.060455997,1000,2.713604225,0,0,0,1,0,0,0
https://doi.org/10.1021/acsami.2c23234,Au,79,Ag,47,Borophane,5,5,25,10.811,20100,2.48,3,0,0,1.65,Si,1,0.61,3.397260274,365,0.06759493,1000,2.870242398,0,0,0,1,0,0,0
https://doi.org/10.1021/acsami.2c23234,Au,79,Ag,47,Borophane,5,5,25,10.811,20100,2.48,3,0,0,1.65,Si,1,0.61,3.397260274,365,0.070730864,1000,3.031257226,0,0,0,1,0,0,0
https://doi.org/10.1021/acsami.2c23234,Au,79,Ag,47,Borophane,5,5,25,10.811,20100,2.48,3,0,0,1.65,Si,1,0.61,3.397260274,365,0.073752311,1000,3.192502403,0,0,0,1,0,0,0
https://doi.org/10.1021/acsami.2c23234,Au,79,Ag,47,Borophane,5,5,25,10.811,20100,2.48,3,0,0,1.65,Si,1,0.61,3.397260274,365,0.080800641,1000,3.327625863,0,0,0,1,0,0,0
https://doi.org/10.1021/acsami.2c23234,Au,79,Ag,47,Borophane,5,5,25,10.811,20100,2.48,3,0,0,1.65,Si,1,0.61,3.397260274,365,0.089160725,1000,3.481847917,0,0,0,1,0,0,0
https://doi.org/10.1021/acsami.2c23234,Au,79,Ag,47,Borophane,5,5,25,10.811,20100,2.48,3,0,0,1.65,Si,1,0.61,3.397260274,365,0.096089154,1000,3.645243031,0,0,0,1,0,0,0
https://doi.org/10.1021/acsami.2c23234,Au,79,Ag,47,Borophane,5,5,25,10.811,20100,2.48,3,0,0,1.65,Si,1,0.61,3.397260274,365,0.096290427,1000,3.785562168,0,0,0,1,0,0,0
https://doi.org/10.1021/acsami.2c23234,Au,79,Ag,47,Borophane,5,5,25,10.811,20100,2.48,3,0,0,1.65,Si,1,0.61,3.397260274,365,0.107156379,1000,3.923301382,0,0,0,1,0,0,0
https://doi.org/10.1021/acsami.2c23234,Au,79,Ag,47,Borophane,5,5,25,10.811,20100,2.48,3,0,0,1.65,Si,1,0.61,3.397260274,365,0.114825509,1000,4.059463976,0,0,0,1,0,0,0
https://doi.org/10.1021/acsami.2c23234,Au,79,Ag,47,Borophane,5,5,25,10.811,20100,2.48,3,0,0,1.65,Si,1,0.61,3.397260274,365,0.121412712,1000,4.209959476,0,0,0,1,0,0,0
https://doi.org/10.1021/acsami.2c23234,Au,79,Ag,47,Borophane,5,5,25,10.811,20100,2.48,3,0,0,1.65,Si,1,0.61,3.397260274,365,0.186290971,1000,4.354721813,0,0,0,1,0,0,0
https://doi.org/10.1021/acsami.2c23234,Au,79,Ag,47,Borophane,5,5,25,10.811,20100,2.48,3,0,0,1.65,Si,1,0.61,3.397260274,365,0.242908492,1000,4.519550217,0,0,0,1,0,0,0
https://doi.org/10.1021/acsami.2c23234,Au,79,Ag,47,Borophane,5,5,25,10.811,20100,2.48,3,0,0,1.65,Si,1,0.61,3.397260274,365,0.29509261,1000,4.661445974,0,0,0,1,0,0,0
https://doi.org/10.1021/acsami.2c23234,Au,79,Ag,47,Borophane,5,5,25,10.811,20100,2.48,3,0,0,1.65,Si,1,0.61,3.397260274,365,0.346113618,1000,4.80334173,0,0,0,1,0,0,0
https://doi.org/10.1021/acsami.2c23234,Au,79,Ag,47,Borophane,5,5,25,10.811,20100,2.48,3,0,0,1.65,Si,1,0.61,3.397260274,365,0.427957055,1000,4.945237487,0,0,0,1,0,0,0
https://linkinghub.elsevier.com/retrieve/pii/S0042207X23003275,Au,79,Cu,29,Ga2O3,86,17.2,7396,187.443,200,5.89,4.8,4.88,2.4,400,Mo,1.8,0,6.358974359,195,9.357020176,35.5,5,0,0,0,1,0,0,0
https://linkinghub.elsevier.com/retrieve/pii/S0042207X23003275,Au,79,Cu,29,Ga2O3,86,17.2,7396,187.443,200,5.89,4.8,4.88,2.4,400,Mo,1.8,0,6.326530612,196,10.76503307,35.5,5,0,0,0,1,0,0,0
https://linkinghub.elsevier.com/retrieve/pii/S0042207X23003275,Au,79,Cu,29,Ga2O3,86,17.2,7396,187.443,200,5.89,4.8,4.88,2.4,400,Mo,1.8,0,6.31043257,196.5,11.45978407,35.5,5,0,0,0,1,0,0,0
https://linkinghub.elsevier.com/retrieve/pii/S0042207X23003275,Au,79,Cu,29,Ga2O3,86,17.2,7396,187.443,200,5.89,4.8,4.88,2.4,400,Mo,1.8,0,6.294416244,197,12.15047558,35.5,5,0,0,0,1,0,0,0
https://linkinghub.elsevier.com/retrieve/pii/S0042207X23003275,Au,79,Cu,29,Ga2O3,86,17.2,7396,187.443,200,5.89,4.8,4.88,2.4,400,Mo,1.8,0,6.278481013,197.5,12.83869075,35.5,5,0,0,0,1,0,0,0
https://linkinghub.elsevier.com/retrieve/pii/S0042207X23003275,Au,79,Cu,29,Ga2O3,86,17.2,7396,187.443,200,5.89,4.8,4.88,2.4,400,Mo,1.8,0,6.262626263,198,13.52601267,35.5,5,0,0,0,1,0,0,0
https://linkinghub.elsevier.com/retrieve/pii/S0042207X23003275,Au,79,Cu,29,Ga2O3,86,17.2,7396,187.443,200,5.89,4.8,4.88,2.4,400,Mo,1.8,0,6.246851385,198.5,14.21402446,35.5,5,0,0,0,1,0,0,0
https://linkinghub.elsevier.com/retrieve/pii/S0042207X23003275,Au,79,Cu,29,Ga2O3,86,17.2,7396,187.443,200,5.89,4.8,4.88,2.4,400,Mo,1.8,0,6.231155779,199,14.90430924,35.5,5,0,0,0,1,0,0,0
https://linkinghub.elsevier.com/retrieve/pii/S0042207X23003275,Au,79,Cu,29,Ga2O3,86,17.2,7396,187.443,200,5.89,4.8,4.88,2.4,400,Mo,1.8,0,6.215538847,199.5,15.59845013,35.5,5,0,0,0,1,0,0,0
https://linkinghub.elsevier.com/retrieve/pii/S0042207X23003275,Au,79,Cu,29,Ga2O3,86,17.2,7396,187.443,200,5.89,4.8,4.88,2.4,400,Mo,1.8,0,6.2,200,16.29803025,35.5,5,0,0,0,1,0,0,0
https://linkinghub.elsevier.com/retrieve/pii/S0042207X23003275,Au,79,Cu,29,Ga2O3,86,17.2,7396,187.443,200,5.89,4.8,4.88,2.4,400,Mo,1.8,0,6.184538653,200.5,17.0046327,35.5,5,0,0,0,1,0,0,0
https://linkinghub.elsevier.com/retrieve/pii/S0042207X23003275,Au,79,Cu,29,Ga2O3,86,17.2,7396,187.443,200,5.89,4.8,4.88,2.4,400,Mo,1.8,0,6.169154229,201,17.71984063,35.5,5,0,0,0,1,0,0,0
https://linkinghub.elsevier.com/retrieve/pii/S0042207X23003275,Au,79,Cu,29,Ga2O3,86,17.2,7396,187.443,200,5.89,4.8,4.88,2.4,400,Mo,1.8,0,6.138613861,202,19.18240531,35.5,5,0,0,0,1,0,0,0
https://linkinghub.elsevier.com/retrieve/pii/S0042207X23003275,Au,79,Cu,29,Ga2O3,86,17.2,7396,187.443,200,5.89,4.8,4.88,2.4,400,Mo,1.8,0,6.083226858,203.8391842,22.02105273,35.5,5,0,0,0,1,0,0,0
https://linkinghub.elsevier.com/retrieve/pii/S0042207X23003275,Au,79,Cu,29,Ga2O3,86,17.2,7396,187.443,200,5.89,4.8,4.88,2.4,400,Mo,1.8,0,6.078431373,204,22.28045736,35.5,5,0,0,0,1,0,0,0
https://linkinghub.elsevier.com/retrieve/pii/S0042207X23003275,Au,79,Cu,29,Ga2O3,86,17.2,7396,187.443,200,5.89,4.8,4.88,2.4,400,Mo,1.8,0,6.063569682,204.5,23.10023078,35.5,5,0,0,0,1,0,0,0
https://linkinghub.elsevier.com/retrieve/pii/S0042207X23003275,Au,79,Cu,29,Ga2O3,86,17.2,7396,187.443,200,5.89,4.8,4.88,2.4,400,Mo,1.8,0,6.048780488,205,23.9412746,35.5,5,0,0,0,1,0,0,0
https://linkinghub.elsevier.com/retrieve/pii/S0042207X23003275,Au,79,Cu,29,Ga2O3,86,17.2,7396,187.443,200,5.89,4.8,4.88,2.4,400,Mo,1.8,0,6.03406326,205.5,24.80517193,35.5,5,0,0,0,1,0,0,0
https://linkinghub.elsevier.com/retrieve/pii/S0042207X23003275,Au,79,Cu,29,Ga2O3,86,17.2,7396,187.443,200,5.89,4.8,4.88,2.4,400,Mo,1.8,0,6.019417476,206,25.69350589,35.5,5,0,0,0,1,0,0,0
https://linkinghub.elsevier.com/retrieve/pii/S0042207X23003275,Au,79,Cu,29,Ga2O3,86,17.2,7396,187.443,200,5.89,4.8,4.88,2.4,400,Mo,1.8,0,6.004842615,206.5,26.6078596,35.5,5,0,0,0,1,0,0,0
https://linkinghub.elsevier.com/retrieve/pii/S0042207X23003275,Au,79,Cu,29,Ga2O3,86,17.2,7396,187.443,200,5.89,4.8,4.88,2.4,400,Mo,1.8,0,5.990338164,207,27.54981618,35.5,5,0,0,0,1,0,0,0
https://linkinghub.elsevier.com/retrieve/pii/S0042207X23003275,Au,79,Cu,29,Ga2O3,86,17.2,7396,187.443,200,5.89,4.8,4.88,2.4,400,Mo,1.8,0,5.975903614,207.5,28.52095873,35.5,5,0,0,0,1,0,0,0
https://linkinghub.elsevier.com/retrieve/pii/S0042207X23003275,Au,79,Cu,29,Ga2O3,86,17.2,7396,187.443,200,5.89,4.8,4.88,2.4,400,Mo,1.8,0,5.961538462,208,29.52287039,35.5,5,0,0,0,1,0,0,0
https://linkinghub.elsevier.com/retrieve/pii/S0042207X23003275,Au,79,Cu,29,Ga2O3,86,17.2,7396,187.443,200,5.89,4.8,4.88,2.4,400,Mo,1.8,0,5.916969342,209.5667441,32.8791567,35.5,5,0,0,0,1,0,0,0
https://linkinghub.elsevier.com/retrieve/pii/S0042207X23003275,Au,79,Cu,29,Ga2O3,86,17.2,7396,187.443,200,5.89,4.8,4.88,2.4,400,Mo,1.8,0,5.807002236,213.5353061,43.1313179,35.5,5,0,0,0,1,0,0,0
https://linkinghub.elsevier.com/retrieve/pii/S0042207X23003275,Au,79,Cu,29,Ga2O3,86,17.2,7396,187.443,200,5.89,4.8,4.88,2.4,400,Mo,1.8,0,5.774629574,214.7323883,46.7511496,35.5,5,0,0,0,1,0,0,0
https://linkinghub.elsevier.com/retrieve/pii/S0042207X23003275,Au,79,Cu,29,Ga2O3,86,17.2,7396,187.443,200,5.89,4.8,4.88,2.4,400,Mo,1.8,0,5.747418688,215.7490288,49.8829621,35.5,5,0,0,0,1,0,0,0
https://linkinghub.elsevier.com/retrieve/pii/S0042207X23003275,Au,79,Cu,29,Ga2O3,86,17.2,7396,187.443,200,5.89,4.8,4.88,2.4,400,Mo,1.8,0,5.724207473,216.6238743,52.673831,35.5,5,0,0,0,1,0,0,0
https://linkinghub.elsevier.com/retrieve/pii/S0042207X23003275,Au,79,Cu,29,Ga2O3,86,17.2,7396,187.443,200,5.89,4.8,4.88,2.4,400,Mo,1.8,0,5.704169123,217.3848589,55.20815,35.5,5,0,0,0,1,0,0,0
https://linkinghub.elsevier.com/retrieve/pii/S0042207X23003275,Au,79,Cu,29,Ga2O3,86,17.2,7396,187.443,200,5.89,4.8,4.88,2.4,400,Mo,1.8,0,5.683279772,218.1838744,58.0077142,35.5,5,0,0,0,1,0,0,0
https://linkinghub.elsevier.com/retrieve/pii/S0042207X23003275,Au,79,Cu,29,Ga2O3,86,17.2,7396,187.443,200,5.89,4.8,4.88,2.4,400,Mo,1.8,0,5.65505756,219.272746,62.1084309,35.5,5,0,0,0,1,0,0,0
https://linkinghub.elsevier.com/retrieve/pii/S0042207X23003275,Au,79,Cu,29,Ga2O3,86,17.2,7396,187.443,200,5.89,4.8,4.88,2.4,400,Mo,1.8,0,5.636033314,220.012894,65.1069002,35.5,5,0,0,0,1,0,0,0
https://linkinghub.elsevier.com/retrieve/pii/S0042207X23003275,Au,79,Cu,29,Ga2O3,86,17.2,7396,187.443,200,5.89,4.8,4.88,2.4,400,Mo,1.8,0,5.598393932,221.4920949,71.4181162,35.5,5,0,0,0,1,0,0,0
https://linkinghub.elsevier.com/retrieve/pii/S0042207X23003275,Au,79,Cu,29,Ga2O3,86,17.2,7396,187.443,200,5.89,4.8,4.88,2.4,400,Mo,1.8,0,5.587505002,221.9237387,73.2859308,35.5,5,0,0,0,1,0,0,0
https://linkinghub.elsevier.com/retrieve/pii/S0042207X23003275,Au,79,Cu,29,Ga2O3,86,17.2,7396,187.443,200,5.89,4.8,4.88,2.4,400,Mo,1.8,0,5.569323927,222.6482094,76.4269603,35.5,5,0,0,0,1,0,0,0
https://linkinghub.elsevier.com/retrieve/pii/S0042207X23003275,Au,79,Cu,29,Ga2O3,86,17.2,7396,187.443,200,5.89,4.8,4.88,2.4,400,Mo,1.8,0,5.548239878,223.4943022,80.2579571,35.5,5,0,0,0,1,0,0,0
https://linkinghub.elsevier.com/retrieve/pii/S0042207X23003275,Au,79,Cu,29,Ga2O3,86,17.2,7396,187.443,200,5.89,4.8,4.88,2.4,400,Mo,1.8,0,5.521508185,224.576322,85.7706057,35.5,5,0,0,0,1,0,0,0
https://linkinghub.elsevier.com/retrieve/pii/S0042207X23003275,Au,79,Cu,29,Ga2O3,86,17.2,7396,187.443,200,5.89,4.8,4.88,2.4,400,Mo,1.8,0,5.505028886,225.248591,89.7146663,35.5,5,0,0,0,1,0,0,0
https://linkinghub.elsevier.com/retrieve/pii/S0042207X23003275,Au,79,Cu,29,Ga2O3,86,17.2,7396,187.443,200,5.89,4.8,4.88,2.4,400,Mo,1.8,0,5.482239918,226.1849205,95.870479,35.5,5,0,0,0,1,0,0,0
https://linkinghub.elsevier.com/retrieve/pii/S0042207X23003275,Au,79,Cu,29,Ga2O3,86,17.2,7396,187.443,200,5.89,4.8,4.88,2.4,400,Mo,1.8,0,5.467571257,226.7917402,100.2274355,35.5,5,0,0,0,1,0,0,0
https://linkinghub.elsevier.com/retrieve/pii/S0042207X23003275,Au,79,Cu,29,Ga2O3,86,17.2,7396,187.443,200,5.89,4.8,4.88,2.4,400,Mo,1.8,0,5.455488661,227.2940294,104.0005305,35.5,5,0,0,0,1,0,0,0
https://linkinghub.elsevier.com/retrieve/pii/S0042207X23003275,Au,79,Cu,29,Ga2O3,86,17.2,7396,187.443,200,5.89,4.8,4.88,2.4,400,Mo,1.8,0,5.439954268,227.9430927,108.8399809,35.5,5,0,0,0,1,0,0,0
https://linkinghub.elsevier.com/retrieve/pii/S0042207X23003275,Au,79,Cu,29,Ga2O3,86,17.2,7396,187.443,200,5.89,4.8,4.88,2.4,400,Mo,1.8,0,5.425136549,228.5656755,113.1083739,35.5,5,0,0,0,1,0,0,0
https://linkinghub.elsevier.com/retrieve/pii/S0042207X23003275,Au,79,Cu,29,Ga2O3,86,17.2,7396,187.443,200,5.89,4.8,4.88,2.4,400,Mo,1.8,0,5.411634966,229.135928,116.5265412,35.5,5,0,0,0,1,0,0,0
https://linkinghub.elsevier.com/retrieve/pii/S0042207X23003275,Au,79,Cu,29,Ga2O3,86,17.2,7396,187.443,200,5.89,4.8,4.88,2.4,400,Mo,1.8,0,5.395071379,229.8394058,120.6671351,35.5,5,0,0,0,1,0,0,0
https://linkinghub.elsevier.com/retrieve/pii/S0042207X23003275,Au,79,Cu,29,Ga2O3,86,17.2,7396,187.443,200,5.89,4.8,4.88,2.4,400,Mo,1.8,0,5.383411218,230.3372248,124.0285498,35.5,5,0,0,0,1,0,0,0
https://linkinghub.elsevier.com/retrieve/pii/S0042207X23003275,Au,79,Cu,29,Ga2O3,86,17.2,7396,187.443,200,5.89,4.8,4.88,2.4,400,Mo,1.8,0,5.366843328,231.0482949,129.8682799,35.5,5,0,0,0,1,0,0,0
https://linkinghub.elsevier.com/retrieve/pii/S0042207X23003275,Au,79,Cu,29,Ga2O3,86,17.2,7396,187.443,200,5.89,4.8,4.88,2.4,400,Mo,1.8,0,5.34876908,231.8290398,136.835825,35.5,5,0,0,0,1,0,0,0
https://linkinghub.elsevier.com/retrieve/pii/S0042207X23003275,Au,79,Cu,29,Ga2O3,86,17.2,7396,187.443,200,5.89,4.8,4.88,2.4,400,Mo,1.8,0,5.342201652,232.1140385,139.2748524,35.5,5,0,0,0,1,0,0,0
https://linkinghub.elsevier.com/retrieve/pii/S0042207X23003275,Au,79,Cu,29,Ga2O3,86,17.2,7396,187.443,200,5.89,4.8,4.88,2.4,400,Mo,1.8,0,5.327034124,232.7749309,144.4095209,35.5,5,0,0,0,1,0,0,0
https://linkinghub.elsevier.com/retrieve/pii/S0042207X23003275,Au,79,Cu,29,Ga2O3,86,17.2,7396,187.443,200,5.89,4.8,4.88,2.4,400,Mo,1.8,0,5.315187505,233.2937453,148.0774001,35.5,5,0,0,0,1,0,0,0
https://linkinghub.elsevier.com/retrieve/pii/S0042207X23003275,Au,79,Cu,29,Ga2O3,86,17.2,7396,187.443,200,5.89,4.8,4.88,2.4,400,Mo,1.8,0,5.301684307,233.887936,152.1246675,35.5,5,0,0,0,1,0,0,0
https://linkinghub.elsevier.com/retrieve/pii/S0042207X23003275,Au,79,Cu,29,Ga2O3,86,17.2,7396,187.443,200,5.89,4.8,4.88,2.4,400,Mo,1.8,0,5.285755933,234.5927462,156.9346047,35.5,5,0,0,0,1,0,0,0
https://linkinghub.elsevier.com/retrieve/pii/S0042207X23003275,Au,79,Cu,29,Ga2O3,86,17.2,7396,187.443,200,5.89,4.8,4.88,2.4,400,Mo,1.8,0,5.266427718,235.4537205,162.5664118,35.5,5,0,0,0,1,0,0,0
https://linkinghub.elsevier.com/retrieve/pii/S0042207X23003275,Au,79,Cu,29,Ga2O3,86,17.2,7396,187.443,200,5.89,4.8,4.88,2.4,400,Mo,1.8,0,5.251943426,236.1030764,166.3532604,35.5,5,0,0,0,1,0,0,0
https://linkinghub.elsevier.com/retrieve/pii/S0042207X23003275,Au,79,Cu,29,Ga2O3,86,17.2,7396,187.443,200,5.89,4.8,4.88,2.4,400,Mo,1.8,0,5.234215535,236.9027396,170.2647159,35.5,5,0,0,0,1,0,0,0
https://linkinghub.elsevier.com/retrieve/pii/S0042207X23003275,Au,79,Cu,29,Ga2O3,86,17.2,7396,187.443,200,5.89,4.8,4.88,2.4,400,Mo,1.8,0,5.214042682,237.8193037,174.1446191,35.5,5,0,0,0,1,0,0,0
https://linkinghub.elsevier.com/retrieve/pii/S0042207X23003275,Au,79,Cu,29,Ga2O3,86,17.2,7396,187.443,200,5.89,4.8,4.88,2.4,400,Mo,1.8,0,5.193613383,238.754776,178.111727,35.5,5,0,0,0,1,0,0,0
https://linkinghub.elsevier.com/retrieve/pii/S0042207X23003275,Au,79,Cu,29,Ga2O3,86,17.2,7396,187.443,200,5.89,4.8,4.88,2.4,400,Mo,1.8,0,5.187687844,239.0274892,179.367135,35.5,5,0,0,0,1,0,0,0
https://linkinghub.elsevier.com/retrieve/pii/S0042207X23003275,Au,79,Cu,29,Ga2O3,86,17.2,7396,187.443,200,5.89,4.8,4.88,2.4,400,Mo,1.8,0,5.170319027,239.8304618,183.3125637,35.5,5,0,0,0,1,0,0,0
https://linkinghub.elsevier.com/retrieve/pii/S0042207X23003275,Au,79,Cu,29,Ga2O3,86,17.2,7396,187.443,200,5.89,4.8,4.88,2.4,400,Mo,1.8,0,5.153581404,240.6093749,187.2859144,35.5,5,0,0,0,1,0,0,0
https://linkinghub.elsevier.com/retrieve/pii/S0042207X23003275,Au,79,Cu,29,Ga2O3,86,17.2,7396,187.443,200,5.89,4.8,4.88,2.4,400,Mo,1.8,0,5.136529426,241.4081371,191.2354652,35.5,5,0,0,0,1,0,0,0
https://linkinghub.elsevier.com/retrieve/pii/S0042207X23003275,Au,79,Cu,29,Ga2O3,86,17.2,7396,187.443,200,5.89,4.8,4.88,2.4,400,Mo,1.8,0,5.119868079,242.1937403,194.8136729,35.5,5,0,0,0,1,0,0,0
https://linkinghub.elsevier.com/retrieve/pii/S0042207X23003275,Au,79,Cu,29,Ga2O3,86,17.2,7396,187.443,200,5.89,4.8,4.88,2.4,400,Mo,1.8,0,5.103436362,242.9735402,198.2276618,35.5,5,0,0,0,1,0,0,0
https://linkinghub.elsevier.com/retrieve/pii/S0042207X23003275,Au,79,Cu,29,Ga2O3,86,17.2,7396,187.443,200,5.89,4.8,4.88,2.4,400,Mo,1.8,0,5.089936034,243.6179928,201.1213323,35.5,5,0,0,0,1,0,0,0
https://linkinghub.elsevier.com/retrieve/pii/S0042207X23003275,Au,79,Cu,29,Ga2O3,86,17.2,7396,187.443,200,5.89,4.8,4.88,2.4,400,Mo,1.8,0,5.076068551,244.283541,204.2926907,35.5,5,0,0,0,1,0,0,0
https://linkinghub.elsevier.com/retrieve/pii/S0042207X23003275,Au,79,Cu,29,Ga2O3,86,17.2,7396,187.443,200,5.89,4.8,4.88,2.4,400,Mo,1.8,0,5.060959062,245.0128493,207.9020516,35.5,5,0,0,0,1,0,0,0
https://linkinghub.elsevier.com/retrieve/pii/S0042207X23003275,Au,79,Cu,29,Ga2O3,86,17.2,7396,187.443,200,5.89,4.8,4.88,2.4,400,Mo,1.8,0,5.044157127,245.8289797,211.9367461,35.5,5,0,0,0,1,0,0,0
https://linkinghub.elsevier.com/retrieve/pii/S0042207X23003275,Au,79,Cu,29,Ga2O3,86,17.2,7396,187.443,200,5.89,4.8,4.88,2.4,400,Mo,1.8,0,5.029053116,246.5672904,215.4079414,35.5,5,0,0,0,1,0,0,0
https://linkinghub.elsevier.com/retrieve/pii/S0042207X23003275,Au,79,Cu,29,Ga2O3,86,17.2,7396,187.443,200,5.89,4.8,4.88,2.4,400,Mo,1.8,0,5.011552747,247.4283047,218.9401833,35.5,5,0,0,0,1,0,0,0
https://linkinghub.elsevier.com/retrieve/pii/S0042207X23003275,Au,79,Cu,29,Ga2O3,86,17.2,7396,187.443,200,5.89,4.8,4.88,2.4,400,Mo,1.8,0,4.990369516,248.4785938,221.981361,35.5,5,0,0,0,1,0,0,0
https://linkinghub.elsevier.com/retrieve/pii/S0042207X23003275,Au,79,Cu,29,Ga2O3,86,17.2,7396,187.443,200,5.89,4.8,4.88,2.4,400,Mo,1.8,0,4.972181881,249.3874982,223.2038118,35.5,5,0,0,0,1,0,0,0
https://linkinghub.elsevier.com/retrieve/pii/S0042207X23003275,Au,79,Cu,29,Ga2O3,86,17.2,7396,187.443,200,5.89,4.8,4.88,2.4,400,Mo,1.8,0,4.954085377,250.298472,223.683917,35.5,5,0,0,0,1,0,0,0
https://linkinghub.elsevier.com/retrieve/pii/S0042207X23003275,Au,79,Cu,29,Ga2O3,86,17.2,7396,187.443,200,5.89,4.8,4.88,2.4,400,Mo,1.8,0,4.936447557,251.192783,224.1828221,35.5,5,0,0,0,1,0,0,0
https://linkinghub.elsevier.com/retrieve/pii/S0042207X23003275,Au,79,Cu,29,Ga2O3,86,17.2,7396,187.443,200,5.89,4.8,4.88,2.4,400,Mo,1.8,0,4.911138278,252.4872911,226.4630946,35.5,5,0,0,0,1,0,0,0
https://linkinghub.elsevier.com/retrieve/pii/S0042207X23003275,Au,79,Cu,29,Ga2O3,86,17.2,7396,187.443,200,5.89,4.8,4.88,2.4,400,Mo,1.8,0,4.888522247,253.6553865,231.7623182,35.5,5,0,0,0,1,0,0,0
https://linkinghub.elsevier.com/retrieve/pii/S0042207X23003275,Au,79,Cu,29,Ga2O3,86,17.2,7396,187.443,200,5.89,4.8,4.88,2.4,400,Mo,1.8,0,4.876094238,254.301894,236.1369232,35.5,5,0,0,0,1,0,0,0
https://linkinghub.elsevier.com/retrieve/pii/S0042207X23003275,Au,79,Cu,29,Ga2O3,86,17.2,7396,187.443,200,5.89,4.8,4.88,2.4,400,Mo,1.8,0,4.86096628,255.0933145,239.4386626,35.5,5,0,0,0,1,0,0,0
https://linkinghub.elsevier.com/retrieve/pii/S0042207X23003275,Au,79,Cu,29,Ga2O3,86,17.2,7396,187.443,200,5.89,4.8,4.88,2.4,400,Mo,1.8,0,4.838111051,256.2983749,233.6179468,35.5,5,0,0,0,1,0,0,0
https://linkinghub.elsevier.com/retrieve/pii/S0042207X23003275,Au,79,Cu,29,Ga2O3,86,17.2,7396,187.443,200,5.89,4.8,4.88,2.4,400,Mo,1.8,0,4.821174399,257.198744,223.4961785,35.5,5,0,0,0,1,0,0,0
https://linkinghub.elsevier.com/retrieve/pii/S0042207X23003275,Au,79,Cu,29,Ga2O3,86,17.2,7396,187.443,200,5.89,4.8,4.88,2.4,400,Mo,1.8,0,4.803658371,258.1365918,211.7629991,35.5,5,0,0,0,1,0,0,0
https://linkinghub.elsevier.com/retrieve/pii/S0042207X23003275,Au,79,Cu,29,Ga2O3,86,17.2,7396,187.443,200,5.89,4.8,4.88,2.4,400,Mo,1.8,0,4.791485413,258.792398,204.2596249,35.5,5,0,0,0,1,0,0,0
https://linkinghub.elsevier.com/retrieve/pii/S0042207X23003275,Au,79,Cu,29,Ga2O3,86,17.2,7396,187.443,200,5.89,4.8,4.88,2.4,400,Mo,1.8,0,4.787579643,259.0035242,201.7392881,35.5,5,0,0,0,1,0,0,0
https://linkinghub.elsevier.com/retrieve/pii/S0042207X23003275,Au,79,Cu,29,Ga2O3,86,17.2,7396,187.443,200,5.89,4.8,4.88,2.4,400,Mo,1.8,0,4.774771537,259.6982893,192.662922,35.5,5,0,0,0,1,0,0,0
https://linkinghub.elsevier.com/retrieve/pii/S0042207X23003275,Au,79,Cu,29,Ga2O3,86,17.2,7396,187.443,200,5.89,4.8,4.88,2.4,400,Mo,1.8,0,4.766341221,260.1576225,186.8856131,35.5,5,0,0,0,1,0,0,0
https://linkinghub.elsevier.com/retrieve/pii/S0042207X23003275,Au,79,Cu,29,Ga2O3,86,17.2,7396,187.443,200,5.89,4.8,4.88,2.4,400,Mo,1.8,0,4.753999882,260.8329892,179.9954206,35.5,5,0,0,0,1,0,0,0
https://linkinghub.elsevier.com/retrieve/pii/S0042207X23003275,Au,79,Cu,29,Ga2O3,86,17.2,7396,187.443,200,5.89,4.8,4.88,2.4,400,Mo,1.8,0,4.739937228,261.60684,173.7378489,35.5,5,0,0,0,1,0,0,0
https://linkinghub.elsevier.com/retrieve/pii/S0042207X23003275,Au,79,Cu,29,Ga2O3,86,17.2,7396,187.443,200,5.89,4.8,4.88,2.4,400,Mo,1.8,0,4.722153039,262.5920824,166.5543271,35.5,5,0,0,0,1,0,0,0
https://linkinghub.elsevier.com/retrieve/pii/S0042207X23003275,Au,79,Cu,29,Ga2O3,86,17.2,7396,187.443,200,5.89,4.8,4.88,2.4,400,Mo,1.8,0,4.70974759,263.2837485,161.6192569,35.5,5,0,0,0,1,0,0,0
https://linkinghub.elsevier.com/retrieve/pii/S0042207X23003275,Au,79,Cu,29,Ga2O3,86,17.2,7396,187.443,200,5.89,4.8,4.88,2.4,400,Mo,1.8,0,4.70337872,263.6402624,159.0435174,35.5,5,0,0,0,1,0,0,0
https://linkinghub.elsevier.com/retrieve/pii/S0042207X23003275,Au,79,Cu,29,Ga2O3,86,17.2,7396,187.443,200,5.89,4.8,4.88,2.4,400,Mo,1.8,0,4.693462939,264.1972497,154.8756932,35.5,5,0,0,0,1,0,0,0
https://linkinghub.elsevier.com/retrieve/pii/S0042207X23003275,Au,79,Cu,29,Ga2O3,86,17.2,7396,187.443,200,5.89,4.8,4.88,2.4,400,Mo,1.8,0,4.67763654,265.0911394,147.2594111,35.5,5,0,0,0,1,0,0,0
https://linkinghub.elsevier.com/retrieve/pii/S0042207X23003275,Au,79,Cu,29,Ga2O3,86,17.2,7396,187.443,200,5.89,4.8,4.88,2.4,400,Mo,1.8,0,4.662885603,265.9297494,138.8199155,35.5,5,0,0,0,1,0,0,0
https://linkinghub.elsevier.com/retrieve/pii/S0042207X23003275,Au,79,Cu,29,Ga2O3,86,17.2,7396,187.443,200,5.89,4.8,4.88,2.4,400,Mo,1.8,0,4.652226706,266.5390314,133.0223344,35.5,5,0,0,0,1,0,0,0
https://linkinghub.elsevier.com/retrieve/pii/S0042207X23003275,Au,79,Cu,29,Ga2O3,86,17.2,7396,187.443,200,5.89,4.8,4.88,2.4,400,Mo,1.8,0,4.637274295,267.3984589,126.2858073,35.5,5,0,0,0,1,0,0,0
https://linkinghub.elsevier.com/retrieve/pii/S0042207X23003275,Au,79,Cu,29,Ga2O3,86,17.2,7396,187.443,200,5.89,4.8,4.88,2.4,400,Mo,1.8,0,4.624548036,268.1343107,119.4966026,35.5,5,0,0,0,1,0,0,0
https://linkinghub.elsevier.com/retrieve/pii/S0042207X23003275,Au,79,Cu,29,Ga2O3,86,17.2,7396,187.443,200,5.89,4.8,4.88,2.4,400,Mo,1.8,0,4.609655937,269.0005538,108.9064491,35.5,5,0,0,0,1,0,0,0
https://linkinghub.elsevier.com/retrieve/pii/S0042207X23003275,Au,79,Cu,29,Ga2O3,86,17.2,7396,187.443,200,5.89,4.8,4.88,2.4,400,Mo,1.8,0,4.587521886,270.298438,98.8837253,35.5,5,0,0,0,1,0,0,0
https://linkinghub.elsevier.com/retrieve/pii/S0042207X23003275,Au,79,Cu,29,Ga2O3,86,17.2,7396,187.443,200,5.89,4.8,4.88,2.4,400,Mo,1.8,0,4.572580425,271.1816709,95.1760216,35.5,5,0,0,0,1,0,0,0
https://linkinghub.elsevier.com/retrieve/pii/S0042207X23003275,Au,79,Cu,29,Ga2O3,86,17.2,7396,187.443,200,5.89,4.8,4.88,2.4,400,Mo,1.8,0,4.558021755,272.0478459,91.9633013,35.5,5,0,0,0,1,0,0,0
https://linkinghub.elsevier.com/retrieve/pii/S0042207X23003275,Au,79,Cu,29,Ga2O3,86,17.2,7396,187.443,200,5.89,4.8,4.88,2.4,400,Mo,1.8,0,4.550482214,272.4985928,90.3365948,35.5,5,0,0,0,1,0,0,0
https://linkinghub.elsevier.com/retrieve/pii/S0042207X23003275,Au,79,Cu,29,Ga2O3,86,17.2,7396,187.443,200,5.89,4.8,4.88,2.4,400,Mo,1.8,0,4.52149415,274.2456274,84.4936328,35.5,5,0,0,0,1,0,0,0
https://linkinghub.elsevier.com/retrieve/pii/S0042207X23003275,Au,79,Cu,29,Ga2O3,86,17.2,7396,187.443,200,5.89,4.8,4.88,2.4,400,Mo,1.8,0,4.5059157,275.1937858,81.7284244,35.5,5,0,0,0,1,0,0,0
https://linkinghub.elsevier.com/retrieve/pii/S0042207X23003275,Au,79,Cu,29,Ga2O3,86,17.2,7396,187.443,200,5.89,4.8,4.88,2.4,400,Mo,1.8,0,4.486357482,276.3934896,78.6367418,35.5,5,0,0,0,1,0,0,0
https://linkinghub.elsevier.com/retrieve/pii/S0042207X23003275,Au,79,Cu,29,Ga2O3,86,17.2,7396,187.443,200,5.89,4.8,4.88,2.4,400,Mo,1.8,0,4.468098384,277.5229848,76.0880005,35.5,5,0,0,0,1,0,0,0
https://linkinghub.elsevier.com/retrieve/pii/S0042207X23003275,Au,79,Cu,29,Ga2O3,86,17.2,7396,187.443,200,5.89,4.8,4.88,2.4,400,Mo,1.8,0,4.45037247,278.6283639,73.8808108,35.5,5,0,0,0,1,0,0,0
https://linkinghub.elsevier.com/retrieve/pii/S0042207X23003275,Au,79,Cu,29,Ga2O3,86,17.2,7396,187.443,200,5.89,4.8,4.88,2.4,400,Mo,1.8,0,4.42567161,280.1834635,71.1704569,35.5,5,0,0,0,1,0,0,0
https://linkinghub.elsevier.com/retrieve/pii/S0042207X23003275,Au,79,Cu,29,Ga2O3,86,17.2,7396,187.443,200,5.89,4.8,4.88,2.4,400,Mo,1.8,0,4.408129736,281.2984359,69.4716045,35.5,5,0,0,0,1,0,0,0
https://linkinghub.elsevier.com/retrieve/pii/S0042207X23003275,Au,79,Cu,29,Ga2O3,86,17.2,7396,187.443,200,5.89,4.8,4.88,2.4,400,Mo,1.8,0,4.39696277,282.0128495,68.4763998,35.5,5,0,0,0,1,0,0,0
https://linkinghub.elsevier.com/retrieve/pii/S0042207X23003275,Au,79,Cu,29,Ga2O3,86,17.2,7396,187.443,200,5.89,4.8,4.88,2.4,400,Mo,1.8,0,4.361168096,284.327495,65.6609116,35.5,5,0,0,0,1,0,0,0
https://linkinghub.elsevier.com/retrieve/pii/S0042207X23003275,Au,79,Cu,29,Ga2O3,86,17.2,7396,187.443,200,5.89,4.8,4.88,2.4,400,Mo,1.8,0,4.348916488,285.128492,64.8019529,35.5,5,0,0,0,1,0,0,0
https://linkinghub.elsevier.com/retrieve/pii/S0042207X23003275,Au,79,Cu,29,Ga2O3,86,17.2,7396,187.443,200,5.89,4.8,4.88,2.4,400,Mo,1.8,0,4.334319505,286.0887386,63.8286253,35.5,5,0,0,0,1,0,0,0
https://linkinghub.elsevier.com/retrieve/pii/S0042207X23003275,Au,79,Cu,29,Ga2O3,86,17.2,7396,187.443,200,5.89,4.8,4.88,2.4,400,Mo,1.8,0,4.293037785,288.8397592,61.2842516,35.5,5,0,0,0,1,0,0,0
https://linkinghub.elsevier.com/retrieve/pii/S0042207X23003275,Au,79,Cu,29,Ga2O3,86,17.2,7396,187.443,200,5.89,4.8,4.88,2.4,400,Mo,1.8,0,4.254077348,291.4850621,59.0980968,35.5,5,0,0,0,1,0,0,0
https://linkinghub.elsevier.com/retrieve/pii/S0042207X23003275,Au,79,Cu,29,Ga2O3,86,17.2,7396,187.443,200,5.89,4.8,4.88,2.4,400,Mo,1.8,0,4.229454185,293.1820386,57.7883375,35.5,5,0,0,0,1,0,0,0
https://linkinghub.elsevier.com/retrieve/pii/S0042207X23003275,Au,79,Cu,29,Ga2O3,86,17.2,7396,187.443,200,5.89,4.8,4.88,2.4,400,Mo,1.8,0,4.192737385,295.7495035,55.8839556,35.5,5,0,0,0,1,0,0,0
https://linkinghub.elsevier.com/retrieve/pii/S0042207X23003275,Au,79,Cu,29,Ga2O3,86,17.2,7396,187.443,200,5.89,4.8,4.88,2.4,400,Mo,1.8,0,4.159001263,298.1485029,54.1410132,35.5,5,0,0,0,1,0,0,0
https://linkinghub.elsevier.com/retrieve/pii/S0042207X23003275,Au,79,Cu,29,Ga2O3,86,17.2,7396,187.443,200,5.89,4.8,4.88,2.4,400,Mo,1.8,0,4.113062254,301.4785392,51.8064756,35.5,5,0,0,0,1,0,0,0
https://linkinghub.elsevier.com/retrieve/pii/S0042207X23003275,Au,79,Cu,29,Ga2O3,86,17.2,7396,187.443,200,5.89,4.8,4.88,2.4,400,Mo,1.8,0,4.060090768,305.4118912,49.2728685,35.5,5,0,0,0,1,0,0,0
https://linkinghub.elsevier.com/retrieve/pii/S0042207X23003275,Au,79,Cu,29,Ga2O3,86,17.2,7396,187.443,200,5.89,4.8,4.88,2.4,400,Mo,1.8,0,4.001730687,309.8659298,46.8071677,35.5,5,0,0,0,1,0,0,0
https://linkinghub.elsevier.com/retrieve/pii/S0042207X23003275,Au,79,Cu,29,Ga2O3,86,17.2,7396,187.443,200,5.89,4.8,4.88,2.4,400,Mo,1.8,0,3.969933218,312.3478235,45.6090331,35.5,5,0,0,0,1,0,0,0
https://linkinghub.elsevier.com/retrieve/pii/S0042207X23003275,Au,79,Cu,29,Ga2O3,86,17.2,7396,187.443,200,5.89,4.8,4.88,2.4,400,Mo,1.8,0,3.913723604,316.83382,43.7140121,35.5,5,0,0,0,1,0,0,0
https://linkinghub.elsevier.com/retrieve/pii/S0042207X23003275,Au,79,Cu,29,Ga2O3,86,17.2,7396,187.443,200,5.89,4.8,4.88,2.4,400,Mo,1.8,0,3.870493769,320.3725607,42.4243201,35.5,5,0,0,0,1,0,0,0
https://linkinghub.elsevier.com/retrieve/pii/S0042207X23003275,Au,79,Cu,29,Ga2O3,86,17.2,7396,187.443,200,5.89,4.8,4.88,2.4,400,Mo,1.8,0,3.830001162,323.7596929,41.3229019,35.5,5,0,0,0,1,0,0,0
https://linkinghub.elsevier.com/retrieve/pii/S0042207X23003275,Au,79,Cu,29,Ga2O3,86,17.2,7396,187.443,200,5.89,4.8,4.88,2.4,400,Mo,1.8,0,3.787656967,327.3791716,40.2532932,35.5,5,0,0,0,1,0,0,0
https://linkinghub.elsevier.com/retrieve/pii/S0042207X23003275,Au,79,Cu,29,Ga2O3,86,17.2,7396,187.443,200,5.89,4.8,4.88,2.4,400,Mo,1.8,0,3.692494032,335.8163857,38.25119794,35.5,5,0,0,0,1,0,0,0
https://linkinghub.elsevier.com/retrieve/pii/S0042207X23003275,Au,79,Cu,29,Ga2O3,86,17.2,7396,187.443,200,5.89,4.8,4.88,2.4,400,Mo,1.8,0,3.584505957,345.9333071,35.91357633,35.5,5,0,0,0,1,0,0,0
https://linkinghub.elsevier.com/retrieve/pii/S0042207X23003275,Au,79,Cu,29,Ga2O3,86,17.2,7396,187.443,200,5.89,4.8,4.88,2.4,400,Mo,1.8,0,3.484780979,355.8329799,33.65149962,35.5,5,0,0,0,1,0,0,0
https://linkinghub.elsevier.com/retrieve/pii/S0042207X23003275,Au,79,Cu,29,Ga2O3,86,17.2,7396,187.443,200,5.89,4.8,4.88,2.4,400,Mo,1.8,0,3.395652831,365.1727846,32.86734733,35.5,5,0,0,0,1,0,0,0
https://linkinghub.elsevier.com/retrieve/pii/S0042207X23003275,Au,79,Cu,29,Ga2O3,86,17.2,7396,187.443,200,5.89,4.8,4.88,2.4,400,Mo,1.8,0,3.298748278,375.9001583,34.49826192,35.5,5,0,0,0,1,0,0,0
https://linkinghub.elsevier.com/retrieve/pii/S0042207X23003275,Au,79,Cu,29,Ga2O3,86,17.2,7396,187.443,200,5.89,4.8,4.88,2.4,400,Mo,1.8,0,3.217522129,385.3897348,30.36461256,35.5,5,0,0,0,1,0,0,0
https://linkinghub.elsevier.com/retrieve/pii/S0042207X23003275,Au,79,Cu,29,Ga2O3,86,17.2,7396,187.443,200,5.89,4.8,4.88,2.4,400,Mo,1.8,0,3.195876289,388,29.2744296,35.5,5,0,0,0,1,0,0,0
https://linkinghub.elsevier.com/retrieve/pii/S0042207X23003275,Au,79,Cu,29,Ga2O3,86,17.2,7396,187.443,200,5.89,4.8,4.88,2.4,400,Mo,1.8,0,3.179487179,390,28.6124536,35.5,5,0,0,0,1,0,0,0
https://linkinghub.elsevier.com/retrieve/pii/S0042207X23003275,Au,79,Cu,29,Ga2O3,86,17.2,7396,187.443,200,5.89,4.8,4.88,2.4,400,Mo,1.8,0,3.163265306,392,28.07174847,35.5,5,0,0,0,1,0,0,0
https://linkinghub.elsevier.com/retrieve/pii/S0042207X23003275,Au,79,Cu,29,Ga2O3,86,17.2,7396,187.443,200,5.89,4.8,4.88,2.4,400,Mo,1.8,0,3.132595758,395.8378596,27.27712687,35.5,5,0,0,0,1,0,0,0
https://linkinghub.elsevier.com/retrieve/pii/S0042207X23003275,Au,79,Cu,29,Ga2O3,86,17.2,7396,187.443,200,5.89,4.8,4.88,2.4,400,Mo,1.8,0,3.1,400,26.62659207,35.5,5,0,0,0,1,0,0,0
https://linkinghub.elsevier.com/retrieve/pii/S0042207X23003275,Au,79,Cu,29,Ga2O3,86,17.2,7396,187.443,200,5.89,4.8,4.88,2.4,400,Mo,1.8,0,3.037417701,408.2415137,25.75636725,35.5,5,0,0,0,1,0,0,0
https://linkinghub.elsevier.com/retrieve/pii/S0042207X23003275,Au,79,Cu,29,Ga2O3,86,17.2,7396,187.443,200,5.89,4.8,4.88,2.4,400,Mo,1.8,0,3.009708738,412,25.4802286,35.5,5,0,0,0,1,0,0,0
https://linkinghub.elsevier.com/retrieve/pii/S0042207X23003275,Au,79,Cu,29,Ga2O3,86,17.2,7396,187.443,200,5.89,4.8,4.88,2.4,400,Mo,1.8,0,2.967137886,417.9111479,25.10018836,35.5,5,0,0,0,1,0,0,0
https://linkinghub.elsevier.com/retrieve/pii/S0042207X23003275,Au,79,Cu,29,Ga2O3,86,17.2,7396,187.443,200,5.89,4.8,4.88,2.4,400,Mo,1.8,0,2.945368171,421,24.89593053,35.5,5,0,0,0,1,0,0,0
https://linkinghub.elsevier.com/retrieve/pii/S0042207X23003275,Au,79,Cu,29,Ga2O3,86,17.2,7396,187.443,200,5.89,4.8,4.88,2.4,400,Mo,1.8,0,2.917647059,425,24.62187095,35.5,5,0,0,0,1,0,0,0
https://linkinghub.elsevier.com/retrieve/pii/S0042207X23003275,Au,79,Cu,29,Ga2O3,86,17.2,7396,187.443,200,5.89,4.8,4.88,2.4,400,Mo,1.8,0,2.900036792,427.5807822,24.44400947,35.5,5,0,0,0,1,0,0,0
https://linkinghub.elsevier.com/retrieve/pii/S0042207X23003275,Au,79,Cu,29,Ga2O3,86,17.2,7396,187.443,200,5.89,4.8,4.88,2.4,400,Mo,1.8,0,2.877030162,431,24.21480636,35.5,5,0,0,0,1,0,0,0
https://linkinghub.elsevier.com/retrieve/pii/S0042207X23003275,Au,79,Cu,29,Ga2O3,86,17.2,7396,187.443,200,5.89,4.8,4.88,2.4,400,Mo,1.8,0,2.835902906,437.2505129,23.86705331,35.5,5,0,0,0,1,0,0,0
https://linkinghub.elsevier.com/retrieve/pii/S0042207X23003275,Au,79,Cu,29,Ga2O3,86,17.2,7396,187.443,200,5.89,4.8,4.88,2.4,400,Mo,1.8,0,2.818181818,440,23.76151094,35.5,5,0,0,0,1,0,0,0
https://linkinghub.elsevier.com/retrieve/pii/S0042207X23003275,Au,79,Cu,29,Ga2O3,86,17.2,7396,187.443,200,5.89,4.8,4.88,2.4,400,Mo,1.8,0,2.792792793,444,23.63285319,35.5,5,0,0,0,1,0,0,0
https://linkinghub.elsevier.com/retrieve/pii/S0042207X23003275,Au,79,Cu,29,Ga2O3,86,17.2,7396,187.443,200,5.89,4.8,4.88,2.4,400,Mo,1.8,0,2.774542472,446.9205328,23.52776532,35.5,5,0,0,0,1,0,0,0
https://linkinghub.elsevier.com/retrieve/pii/S0042207X23003275,Au,79,Cu,29,Ga2O3,86,17.2,7396,187.443,200,5.89,4.8,4.88,2.4,400,Mo,1.8,0,2.755555556,450,23.38844117,35.5,5,0,0,0,1,0,0,0
https://linkinghub.elsevier.com/retrieve/pii/S0042207X23003275,Au,79,Cu,29,Ga2O3,86,17.2,7396,187.443,200,5.89,4.8,4.88,2.4,400,Mo,1.8,0,2.715781688,456.5904563,23.10925461,35.5,5,0,0,0,1,0,0,0
https://linkinghub.elsevier.com/retrieve/pii/S0042207X23003275,Au,79,Cu,29,Ga2O3,86,17.2,7396,187.443,200,5.89,4.8,4.88,2.4,400,Mo,1.8,0,2.695652174,460,23.04056029,35.5,5,0,0,0,1,0,0,0
https://linkinghub.elsevier.com/retrieve/pii/S0042207X23003275,Au,79,Cu,29,Ga2O3,86,17.2,7396,187.443,200,5.89,4.8,4.88,2.4,400,Mo,1.8,0,2.678185745,463,22.99924269,35.5,5,0,0,0,1,0,0,0
https://linkinghub.elsevier.com/retrieve/pii/S0042207X23003275,Au,79,Cu,29,Ga2O3,86,17.2,7396,187.443,200,5.89,4.8,4.88,2.4,400,Mo,1.8,0,2.659456571,466.260669,22.92841208,35.5,5,0,0,0,1,0,0,0
https://linkinghub.elsevier.com/retrieve/pii/S0042207X23003275,Au,79,Cu,29,Ga2O3,86,17.2,7396,187.443,200,5.89,4.8,4.88,2.4,400,Mo,1.8,0,2.638297872,470,22.7670786,35.5,5,0,0,0,1,0,0,0
https://linkinghub.elsevier.com/retrieve/pii/S0042207X23003275,Au,79,Cu,29,Ga2O3,86,17.2,7396,187.443,200,5.89,4.8,4.88,2.4,400,Mo,1.8,0,2.621564482,473,22.57574637,35.5,5,0,0,0,1,0,0,0
https://linkinghub.elsevier.com/retrieve/pii/S0042207X23003275,Au,79,Cu,29,Ga2O3,86,17.2,7396,187.443,200,5.89,4.8,4.88,2.4,400,Mo,1.8,0,2.601304836,476.6838483,22.27614673,35.5,5,0,0,0,1,0,0,0
https://linkinghub.elsevier.com/retrieve/pii/S0042207X23003275,Au,79,Cu,29,Ga2O3,86,17.2,7396,187.443,200,5.89,4.8,4.88,2.4,400,Mo,1.8,0,2.583333333,480,21.95491022,35.5,5,0,0,0,1,0,0,0
https://linkinghub.elsevier.com/retrieve/pii/S0042207X23003275,Au,79,Cu,29,Ga2O3,86,17.2,7396,187.443,200,5.89,4.8,4.88,2.4,400,Mo,1.8,0,2.548354742,486.5884562,21.2027958,35.5,5,0,0,0,1,0,0,0
https://linkinghub.elsevier.com/retrieve/pii/S0042207X23003275,Au,79,Cu,29,Ga2O3,86,17.2,7396,187.443,200,5.89,4.8,4.88,2.4,400,Mo,1.8,0,2.535787321,489,20.89866511,35.5,5,0,0,0,1,0,0,0
https://linkinghub.elsevier.com/retrieve/pii/S0042207X23003275,Au,79,Cu,29,Ga2O3,86,17.2,7396,187.443,200,5.89,4.8,4.88,2.4,400,Mo,1.8,0,2.520325203,492,20.50534037,35.5,5,0,0,0,1,0,0,0
https://linkinghub.elsevier.com/retrieve/pii/S0042207X23003275,Au,79,Cu,29,Ga2O3,86,17.2,7396,187.443,200,5.89,4.8,4.88,2.4,400,Mo,1.8,0,2.504803893,495.0487355,20.09388587,35.5,5,0,0,0,1,0,0,0
https://doi.org/10.1016/j.surfin.2023.102854,Cu,29,Cu,29,MoSe2,110,36.66,12100,253.892,90,6.51,6,1.55,1.3,500,Si,1.12,0.61,1.265306122,980,0.00542506,70000,4.892309145,0,0,0,0,0,0,1
https://doi.org/10.1016/j.surfin.2023.102854,Cu,29,Cu,29,MoSe2,110,36.66,12100,253.892,90,6.51,6,1.55,1.3,500,Si,1.12,0.61,1.265306122,980,0.005477256,70000,4.720780754,0,0,0,0,0,0,1
https://doi.org/10.1016/j.surfin.2023.102854,Cu,29,Cu,29,MoSe2,110,36.66,12100,253.892,90,6.51,6,1.55,1.3,500,Si,1.12,0.61,1.265306122,980,0.005509867,70000,4.549252362,0,0,0,0,0,0,1
https://doi.org/10.1016/j.surfin.2023.102854,Cu,29,Cu,29,MoSe2,110,36.66,12100,253.892,90,6.51,6,1.55,1.3,500,Si,1.12,0.61,1.265306122,980,0.005580317,70000,4.377723971,0,0,0,0,0,0,1
https://doi.org/10.1016/j.surfin.2023.102854,Cu,29,Cu,29,MoSe2,110,36.66,12100,253.892,90,6.51,6,1.55,1.3,500,Si,1.12,0.61,1.265306122,980,0.005638378,70000,4.20619558,0,0,0,0,0,0,1
https://doi.org/10.1016/j.surfin.2023.102854,Cu,29,Cu,29,MoSe2,110,36.66,12100,253.892,90,6.51,6,1.55,1.3,500,Si,1.12,0.61,1.265306122,980,0.005701626,70000,4.034667188,0,0,0,0,0,0,1
https://doi.org/10.1016/j.surfin.2023.102854,Cu,29,Cu,29,MoSe2,110,36.66,12100,253.892,90,6.51,6,1.55,1.3,500,Si,1.12,0.61,1.265306122,980,0.005714001,70000,3.863138797,0,0,0,0,0,0,1
https://doi.org/10.1016/j.surfin.2023.102854,Cu,29,Cu,29,MoSe2,110,36.66,12100,253.892,90,6.51,6,1.55,1.3,500,Si,1.12,0.61,1.265306122,980,0.005747972,70000,3.691610406,0,0,0,0,0,0,1
https://doi.org/10.1016/j.surfin.2023.102854,Cu,29,Cu,29,MoSe2,110,36.66,12100,253.892,90,6.51,6,1.55,1.3,500,Si,1.12,0.61,1.265306122,980,0.005783305,70000,3.520082014,0,0,0,0,0,0,1
https://doi.org/10.1016/j.surfin.2023.102854,Cu,29,Cu,29,MoSe2,110,36.66,12100,253.892,90,6.51,6,1.55,1.3,500,Si,1.12,0.61,1.265306122,980,0.005830429,70000,3.348553623,0,0,0,0,0,0,1
https://doi.org/10.1016/j.surfin.2023.102854,Cu,29,Cu,29,MoSe2,110,36.66,12100,253.892,90,6.51,6,1.55,1.3,500,Si,1.12,0.61,1.265306122,980,0.005844181,70000,3.177025232,0,0,0,0,0,0,1
https://doi.org/10.1016/j.surfin.2023.102854,Cu,29,Cu,29,MoSe2,110,36.66,12100,253.892,90,6.51,6,1.55,1.3,500,Si,1.12,0.61,1.265306122,980,0.005861851,70000,3.00549684,0,0,0,0,0,0,1
https://doi.org/10.1016/j.surfin.2023.102854,Cu,29,Cu,29,MoSe2,110,36.66,12100,253.892,90,6.51,6,1.55,1.3,500,Si,1.12,0.61,1.265306122,980,0.005902396,70000,2.833968449,0,0,0,0,0,0,1
https://doi.org/10.1016/j.surfin.2023.102854,Cu,29,Cu,29,MoSe2,110,36.66,12100,253.892,90,6.51,6,1.55,1.3,500,Si,1.12,0.61,1.265306122,980,0.005907675,70000,2.662440057,0,0,0,0,0,0,1
https://doi.org/10.1016/j.surfin.2023.102854,Cu,29,Cu,29,MoSe2,110,36.66,12100,253.892,90,6.51,6,1.55,1.3,500,Si,1.12,0.61,1.265306122,980,0.005941002,70000,2.490911666,0,0,0,0,0,0,1
https://doi.org/10.1016/j.surfin.2023.102854,Cu,29,Cu,29,MoSe2,110,36.66,12100,253.892,90,6.51,6,1.55,1.3,500,Si,1.12,0.61,1.265306122,980,0.005982452,70000,2.319383275,0,0,0,0,0,0,1
https://doi.org/10.1016/j.surfin.2023.102854,Cu,29,Cu,29,MoSe2,110,36.66,12100,253.892,90,6.51,6,1.55,1.3,500,Si,1.12,0.61,1.265306122,980,0.005971719,70000,2.147854883,0,0,0,0,0,0,1
https://doi.org/10.1016/j.surfin.2023.102854,Cu,29,Cu,29,MoSe2,110,36.66,12100,253.892,90,6.51,6,1.55,1.3,500,Si,1.12,0.61,1.265306122,980,0.005948717,70000,1.976326492,0,0,0,0,0,0,1
https://doi.org/10.1016/j.surfin.2023.102854,Cu,29,Cu,29,MoSe2,110,36.66,12100,253.892,90,6.51,6,1.55,1.3,500,Si,1.12,0.61,1.265306122,980,0.005966687,70000,1.804798101,0,0,0,0,0,0,1
https://doi.org/10.1016/j.surfin.2023.102854,Cu,29,Cu,29,MoSe2,110,36.66,12100,253.892,90,6.51,6,1.55,1.3,500,Si,1.12,0.61,1.265306122,980,0.00598679,70000,1.633269709,0,0,0,0,0,0,1
https://doi.org/10.1016/j.surfin.2023.102854,Cu,29,Cu,29,MoSe2,110,36.66,12100,253.892,90,6.51,6,1.55,1.3,500,Si,1.12,0.61,1.265306122,980,0.005965032,70000,1.461741318,0,0,0,0,0,0,1
https://doi.org/10.1016/j.surfin.2023.102854,Cu,29,Cu,29,MoSe2,110,36.66,12100,253.892,90,6.51,6,1.55,1.3,500,Si,1.12,0.61,1.265306122,980,0.005943686,70000,1.290212927,0,0,0,0,0,0,1
https://doi.org/10.1016/j.surfin.2023.102854,Cu,29,Cu,29,MoSe2,110,36.66,12100,253.892,90,6.51,6,1.55,1.3,500,Si,1.12,0.61,1.265306122,980,0.005801658,70000,1.118684535,0,0,0,0,0,0,1
https://doi.org/10.1016/j.surfin.2023.102854,Cu,29,Cu,29,MoSe2,110,36.66,12100,253.892,90,6.51,6,1.55,1.3,500,Si,1.12,0.61,1.265306122,980,0.005619881,70000,0.947156144,0,0,0,0,0,0,1
https://doi.org/10.1016/j.surfin.2023.102854,Cu,29,Cu,29,MoSe2,110,36.66,12100,253.892,90,6.51,6,1.55,1.3,500,Si,1.12,0.61,1.265306122,980,0.005317378,70000,0.775627753,0,0,0,0,0,0,1
https://doi.org/10.1016/j.surfin.2023.102854,Cu,29,Cu,29,MoSe2,110,36.66,12100,253.892,90,6.51,6,1.55,1.3,500,Si,1.12,0.61,1.265306122,980,0.004875252,70000,0.604099361,0,0,0,0,0,0,1
https://doi.org/10.1016/j.surfin.2023.102854,Cu,29,Cu,29,MoSe2,110,36.66,12100,253.892,90,6.51,6,1.55,1.3,500,Si,1.12,0.61,1.265306122,980,0.004256674,70000,0.43257097,0,0,0,0,0,0,1
https://doi.org/10.1016/j.surfin.2023.102854,Cu,29,Cu,29,MoSe2,110,36.66,12100,253.892,90,6.51,6,1.55,1.3,500,Si,1.12,0.61,1.265306122,980,0.004236405,70000,0.266240409,0,0,0,0,0,0,1
https://doi.org/10.1016/j.surfin.2023.102854,Cu,29,Cu,29,MoSe2,110,36.66,12100,253.892,90,6.51,6,1.55,1.3,500,Si,1.12,0.61,1.265306122,980,0.006780587,50000,4.892309145,0,0,0,0,0,0,1
https://doi.org/10.1016/j.surfin.2023.102854,Cu,29,Cu,29,MoSe2,110,36.66,12100,253.892,90,6.51,6,1.55,1.3,500,Si,1.12,0.61,1.265306122,980,0.006855731,50000,4.720780754,0,0,0,0,0,0,1
https://doi.org/10.1016/j.surfin.2023.102854,Cu,29,Cu,29,MoSe2,110,36.66,12100,253.892,90,6.51,6,1.55,1.3,500,Si,1.12,0.61,1.265306122,980,0.006909382,50000,4.549252362,0,0,0,0,0,0,1
https://doi.org/10.1016/j.surfin.2023.102854,Cu,29,Cu,29,MoSe2,110,36.66,12100,253.892,90,6.51,6,1.55,1.3,500,Si,1.12,0.61,1.265306122,980,0.006981819,50000,4.377723971,0,0,0,0,0,0,1
https://doi.org/10.1016/j.surfin.2023.102854,Cu,29,Cu,29,MoSe2,110,36.66,12100,253.892,90,6.51,6,1.55,1.3,500,Si,1.12,0.61,1.265306122,980,0.007055889,50000,4.20619558,0,0,0,0,0,0,1
https://doi.org/10.1016/j.surfin.2023.102854,Cu,29,Cu,29,MoSe2,110,36.66,12100,253.892,90,6.51,6,1.55,1.3,500,Si,1.12,0.61,1.265306122,980,0.007152828,50000,4.034667188,0,0,0,0,0,0,1
https://doi.org/10.1016/j.surfin.2023.102854,Cu,29,Cu,29,MoSe2,110,36.66,12100,253.892,90,6.51,6,1.55,1.3,500,Si,1.12,0.61,1.265306122,980,0.007159924,50000,3.863138797,0,0,0,0,0,0,1
https://doi.org/10.1016/j.surfin.2023.102854,Cu,29,Cu,29,MoSe2,110,36.66,12100,253.892,90,6.51,6,1.55,1.3,500,Si,1.12,0.61,1.265306122,980,0.007170287,50000,3.691610406,0,0,0,0,0,0,1
https://doi.org/10.1016/j.surfin.2023.102854,Cu,29,Cu,29,MoSe2,110,36.66,12100,253.892,90,6.51,6,1.55,1.3,500,Si,1.12,0.61,1.265306122,980,0.007245627,50000,3.520082014,0,0,0,0,0,0,1
https://doi.org/10.1016/j.surfin.2023.102854,Cu,29,Cu,29,MoSe2,110,36.66,12100,253.892,90,6.51,6,1.55,1.3,500,Si,1.12,0.61,1.265306122,980,0.007295558,50000,3.348553623,0,0,0,0,0,0,1
https://doi.org/10.1016/j.surfin.2023.102854,Cu,29,Cu,29,MoSe2,110,36.66,12100,253.892,90,6.51,6,1.55,1.3,500,Si,1.12,0.61,1.265306122,980,0.007358193,50000,3.177025232,0,0,0,0,0,0,1
https://doi.org/10.1016/j.surfin.2023.102854,Cu,29,Cu,29,MoSe2,110,36.66,12100,253.892,90,6.51,6,1.55,1.3,500,Si,1.12,0.61,1.265306122,980,0.007414295,50000,3.00549684,0,0,0,0,0,0,1
https://doi.org/10.1016/j.surfin.2023.102854,Cu,29,Cu,29,MoSe2,110,36.66,12100,253.892,90,6.51,6,1.55,1.3,500,Si,1.12,0.61,1.265306122,980,0.00747693,50000,2.833968449,0,0,0,0,0,0,1
https://doi.org/10.1016/j.surfin.2023.102854,Cu,29,Cu,29,MoSe2,110,36.66,12100,253.892,90,6.51,6,1.55,1.3,500,Si,1.12,0.61,1.265306122,980,0.007497094,50000,2.662440057,0,0,0,0,0,0,1
https://doi.org/10.1016/j.surfin.2023.102854,Cu,29,Cu,29,MoSe2,110,36.66,12100,253.892,90,6.51,6,1.55,1.3,500,Si,1.12,0.61,1.265306122,980,0.007543394,50000,2.490911666,0,0,0,0,0,0,1
https://doi.org/10.1016/j.surfin.2023.102854,Cu,29,Cu,29,MoSe2,110,36.66,12100,253.892,90,6.51,6,1.55,1.3,500,Si,1.12,0.61,1.265306122,980,0.007560291,50000,2.319383275,0,0,0,0,0,0,1
https://doi.org/10.1016/j.surfin.2023.102854,Cu,29,Cu,29,MoSe2,110,36.66,12100,253.892,90,6.51,6,1.55,1.3,500,Si,1.12,0.61,1.265306122,980,0.007577188,50000,2.147854883,0,0,0,0,0,0,1
https://doi.org/10.1016/j.surfin.2023.102854,Cu,29,Cu,29,MoSe2,110,36.66,12100,253.892,90,6.51,6,1.55,1.3,500,Si,1.12,0.61,1.265306122,980,0.007600618,50000,1.976326492,0,0,0,0,0,0,1
https://doi.org/10.1016/j.surfin.2023.102854,Cu,29,Cu,29,MoSe2,110,36.66,12100,253.892,90,6.51,6,1.55,1.3,500,Si,1.12,0.61,1.265306122,980,0.007637118,50000,1.804798101,0,0,0,0,0,0,1
https://doi.org/10.1016/j.surfin.2023.102854,Cu,29,Cu,29,MoSe2,110,36.66,12100,253.892,90,6.51,6,1.55,1.3,500,Si,1.12,0.61,1.265306122,980,0.007657281,50000,1.633269709,0,0,0,0,0,0,1
https://doi.org/10.1016/j.surfin.2023.102854,Cu,29,Cu,29,MoSe2,110,36.66,12100,253.892,90,6.51,6,1.55,1.3,500,Si,1.12,0.61,1.265306122,980,0.007628439,50000,1.461741318,0,0,0,0,0,0,1
https://doi.org/10.1016/j.surfin.2023.102854,Cu,29,Cu,29,MoSe2,110,36.66,12100,253.892,90,6.51,6,1.55,1.3,500,Si,1.12,0.61,1.265306122,980,0.007645335,50000,1.290212927,0,0,0,0,0,0,1
https://doi.org/10.1016/j.surfin.2023.102854,Cu,29,Cu,29,MoSe2,110,36.66,12100,253.892,90,6.51,6,1.55,1.3,500,Si,1.12,0.61,1.265306122,980,0.007518481,50000,1.118684535,0,0,0,0,0,0,1
https://doi.org/10.1016/j.surfin.2023.102854,Cu,29,Cu,29,MoSe2,110,36.66,12100,253.892,90,6.51,6,1.55,1.3,500,Si,1.12,0.61,1.265306122,980,0.007293614,50000,0.947156144,0,0,0,0,0,0,1
https://doi.org/10.1016/j.surfin.2023.102854,Cu,29,Cu,29,MoSe2,110,36.66,12100,253.892,90,6.51,6,1.55,1.3,500,Si,1.12,0.61,1.265306122,980,0.006836888,50000,0.775627753,0,0,0,0,0,0,1
https://doi.org/10.1016/j.surfin.2023.102854,Cu,29,Cu,29,MoSe2,110,36.66,12100,253.892,90,6.51,6,1.55,1.3,500,Si,1.12,0.61,1.265306122,980,0.006211944,50000,0.604099361,0,0,0,0,0,0,1
https://doi.org/10.1016/j.surfin.2023.102854,Cu,29,Cu,29,MoSe2,110,36.66,12100,253.892,90,6.51,6,1.55,1.3,500,Si,1.12,0.61,1.265306122,980,0.005697755,50000,0.43257097,0,0,0,0,0,0,1
https://doi.org/10.1016/j.surfin.2023.102854,Cu,29,Cu,29,MoSe2,110,36.66,12100,253.892,90,6.51,6,1.55,1.3,500,Si,1.12,0.61,1.265306122,980,0.005759218,50000,0.266240409,0,0,0,0,0,0,1
https://doi.org/10.1016/j.surfin.2023.102854,Cu,29,Cu,29,MoSe2,110,36.66,12100,253.892,90,6.51,6,1.55,1.3,500,Si,1.12,0.61,1.265306122,980,0.0106153,20000,4.892309145,0,0,0,0,0,0,1
https://doi.org/10.1016/j.surfin.2023.102854,Cu,29,Cu,29,MoSe2,110,36.66,12100,253.892,90,6.51,6,1.55,1.3,500,Si,1.12,0.61,1.265306122,980,0.010771889,20000,4.720780754,0,0,0,0,0,0,1
https://doi.org/10.1016/j.surfin.2023.102854,Cu,29,Cu,29,MoSe2,110,36.66,12100,253.892,90,6.51,6,1.55,1.3,500,Si,1.12,0.61,1.265306122,980,0.010961149,20000,4.549252362,0,0,0,0,0,0,1
https://doi.org/10.1016/j.surfin.2023.102854,Cu,29,Cu,29,MoSe2,110,36.66,12100,253.892,90,6.51,6,1.55,1.3,500,Si,1.12,0.61,1.265306122,980,0.011174911,20000,4.377723971,0,0,0,0,0,0,1
https://doi.org/10.1016/j.surfin.2023.102854,Cu,29,Cu,29,MoSe2,110,36.66,12100,253.892,90,6.51,6,1.55,1.3,500,Si,1.12,0.61,1.265306122,980,0.011396841,20000,4.20619558,0,0,0,0,0,0,1
https://doi.org/10.1016/j.surfin.2023.102854,Cu,29,Cu,29,MoSe2,110,36.66,12100,253.892,90,6.51,6,1.55,1.3,500,Si,1.12,0.61,1.265306122,980,0.011700448,20000,4.034667188,0,0,0,0,0,0,1
https://doi.org/10.1016/j.surfin.2023.102854,Cu,29,Cu,29,MoSe2,110,36.66,12100,253.892,90,6.51,6,1.55,1.3,500,Si,1.12,0.61,1.265306122,980,0.011701851,20000,3.863138797,0,0,0,0,0,0,1
https://doi.org/10.1016/j.surfin.2023.102854,Cu,29,Cu,29,MoSe2,110,36.66,12100,253.892,90,6.51,6,1.55,1.3,500,Si,1.12,0.61,1.265306122,980,0.011711423,20000,3.691610406,0,0,0,0,0,0,1
https://doi.org/10.1016/j.surfin.2023.102854,Cu,29,Cu,29,MoSe2,110,36.66,12100,253.892,90,6.51,6,1.55,1.3,500,Si,1.12,0.61,1.265306122,980,0.011859844,20000,3.520082014,0,0,0,0,0,0,1
https://doi.org/10.1016/j.surfin.2023.102854,Cu,29,Cu,29,MoSe2,110,36.66,12100,253.892,90,6.51,6,1.55,1.3,500,Si,1.12,0.61,1.265306122,980,0.012065439,20000,3.348553623,0,0,0,0,0,0,1
https://doi.org/10.1016/j.surfin.2023.102854,Cu,29,Cu,29,MoSe2,110,36.66,12100,253.892,90,6.51,6,1.55,1.3,500,Si,1.12,0.61,1.265306122,980,0.012124015,20000,3.177025232,0,0,0,0,0,0,1
https://doi.org/10.1016/j.surfin.2023.102854,Cu,29,Cu,29,MoSe2,110,36.66,12100,253.892,90,6.51,6,1.55,1.3,500,Si,1.12,0.61,1.265306122,980,0.012223431,20000,3.00549684,0,0,0,0,0,0,1
https://doi.org/10.1016/j.surfin.2023.102854,Cu,29,Cu,29,MoSe2,110,36.66,12100,253.892,90,6.51,6,1.55,1.3,500,Si,1.12,0.61,1.265306122,980,0.01229671,20000,2.833968449,0,0,0,0,0,0,1
https://doi.org/10.1016/j.surfin.2023.102854,Cu,29,Cu,29,MoSe2,110,36.66,12100,253.892,90,6.51,6,1.55,1.3,500,Si,1.12,0.61,1.265306122,980,0.0124631,20000,2.662440057,0,0,0,0,0,0,1
https://doi.org/10.1016/j.surfin.2023.102854,Cu,29,Cu,29,MoSe2,110,36.66,12100,253.892,90,6.51,6,1.55,1.3,500,Si,1.12,0.61,1.265306122,980,0.012595186,20000,2.490911666,0,0,0,0,0,0,1
https://doi.org/10.1016/j.surfin.2023.102854,Cu,29,Cu,29,MoSe2,110,36.66,12100,253.892,90,6.51,6,1.55,1.3,500,Si,1.12,0.61,1.265306122,980,0.01262926,20000,2.319383275,0,0,0,0,0,0,1
https://doi.org/10.1016/j.surfin.2023.102854,Cu,29,Cu,29,MoSe2,110,36.66,12100,253.892,90,6.51,6,1.55,1.3,500,Si,1.12,0.61,1.265306122,980,0.012614328,20000,2.147854883,0,0,0,0,0,0,1
https://doi.org/10.1016/j.surfin.2023.102854,Cu,29,Cu,29,MoSe2,110,36.66,12100,253.892,90,6.51,6,1.55,1.3,500,Si,1.12,0.61,1.265306122,980,0.012730078,20000,1.976326492,0,0,0,0,0,0,1
https://doi.org/10.1016/j.surfin.2023.102854,Cu,29,Cu,29,MoSe2,110,36.66,12100,253.892,90,6.51,6,1.55,1.3,500,Si,1.12,0.61,1.265306122,980,0.012903003,20000,1.804798101,0,0,0,0,0,0,1
https://doi.org/10.1016/j.surfin.2023.102854,Cu,29,Cu,29,MoSe2,110,36.66,12100,253.892,90,6.51,6,1.55,1.3,500,Si,1.12,0.61,1.265306122,980,0.013092262,20000,1.633269709,0,0,0,0,0,0,1
https://doi.org/10.1016/j.surfin.2023.102854,Cu,29,Cu,29,MoSe2,110,36.66,12100,253.892,90,6.51,6,1.55,1.3,500,Si,1.12,0.61,1.265306122,980,0.01309911,20000,1.461741318,0,0,0,0,0,0,1
https://doi.org/10.1016/j.surfin.2023.102854,Cu,29,Cu,29,MoSe2,110,36.66,12100,253.892,90,6.51,6,1.55,1.3,500,Si,1.12,0.61,1.265306122,980,0.013062397,20000,1.290212927,0,0,0,0,0,0,1
https://doi.org/10.1016/j.surfin.2023.102854,Cu,29,Cu,29,MoSe2,110,36.66,12100,253.892,90,6.51,6,1.55,1.3,500,Si,1.12,0.61,1.265306122,980,0.012998459,20000,1.118684535,0,0,0,0,0,0,1
https://doi.org/10.1016/j.surfin.2023.102854,Cu,29,Cu,29,MoSe2,110,36.66,12100,253.892,90,6.51,6,1.55,1.3,500,Si,1.12,0.61,1.265306122,980,0.012828341,20000,0.947156144,0,0,0,0,0,0,1
https://doi.org/10.1016/j.surfin.2023.102854,Cu,29,Cu,29,MoSe2,110,36.66,12100,253.892,90,6.51,6,1.55,1.3,500,Si,1.12,0.61,1.265306122,980,0.012326848,20000,0.775627753,0,0,0,0,0,0,1
https://doi.org/10.1016/j.surfin.2023.102854,Cu,29,Cu,29,MoSe2,110,36.66,12100,253.892,90,6.51,6,1.55,1.3,500,Si,1.12,0.61,1.265306122,980,0.011648758,20000,0.604099361,0,0,0,0,0,0,1
https://doi.org/10.1016/j.surfin.2023.102854,Cu,29,Cu,29,MoSe2,110,36.66,12100,253.892,90,6.51,6,1.55,1.3,500,Si,1.12,0.61,1.265306122,980,0.010158842,20000,0.43257097,0,0,0,0,0,0,1
https://doi.org/10.1016/j.surfin.2023.102854,Cu,29,Cu,29,MoSe2,110,36.66,12100,253.892,90,6.51,6,1.55,1.3,500,Si,1.12,0.61,1.265306122,980,0.011188282,20000,0.266240409,0,0,0,0,0,0,1
https://doi.org/10.1016/j.surfin.2023.102854,Cu,29,Cu,29,MoSe2,110,36.66,12100,253.892,90,6.51,6,1.55,1.3,500,Si,1.12,0.61,1.265306122,980,0.149189984,200,4.892309145,0,0,0,0,0,0,1
https://doi.org/10.1016/j.surfin.2023.102854,Cu,29,Cu,29,MoSe2,110,36.66,12100,253.892,90,6.51,6,1.55,1.3,500,Si,1.12,0.61,1.265306122,980,0.171410236,200,4.720780754,0,0,0,0,0,0,1
https://doi.org/10.1016/j.surfin.2023.102854,Cu,29,Cu,29,MoSe2,110,36.66,12100,253.892,90,6.51,6,1.55,1.3,500,Si,1.12,0.61,1.265306122,980,0.171550554,200,4.549252362,0,0,0,0,0,0,1
https://doi.org/10.1016/j.surfin.2023.102854,Cu,29,Cu,29,MoSe2,110,36.66,12100,253.892,90,6.51,6,1.55,1.3,500,Si,1.12,0.61,1.265306122,980,0.153939777,200,4.377723971,0,0,0,0,0,0,1
https://doi.org/10.1016/j.surfin.2023.102854,Cu,29,Cu,29,MoSe2,110,36.66,12100,253.892,90,6.51,6,1.55,1.3,500,Si,1.12,0.61,1.265306122,980,0.150486296,200,4.20619558,0,0,0,0,0,0,1
https://doi.org/10.1016/j.surfin.2023.102854,Cu,29,Cu,29,MoSe2,110,36.66,12100,253.892,90,6.51,6,1.55,1.3,500,Si,1.12,0.61,1.265306122,980,0.136060855,200,4.034667188,0,0,0,0,0,0,1
https://doi.org/10.1016/j.surfin.2023.102854,Cu,29,Cu,29,MoSe2,110,36.66,12100,253.892,90,6.51,6,1.55,1.3,500,Si,1.12,0.61,1.265306122,980,0.139987385,200,3.863138797,0,0,0,0,0,0,1
https://doi.org/10.1016/j.surfin.2023.102854,Cu,29,Cu,29,MoSe2,110,36.66,12100,253.892,90,6.51,6,1.55,1.3,500,Si,1.12,0.61,1.265306122,980,0.103670885,200,3.691610406,0,0,0,0,0,0,1
https://doi.org/10.1016/j.surfin.2023.102854,Cu,29,Cu,29,MoSe2,110,36.66,12100,253.892,90,6.51,6,1.55,1.3,500,Si,1.12,0.61,1.265306122,980,0.120010386,200,3.520082014,0,0,0,0,0,0,1
https://doi.org/10.1016/j.surfin.2023.102854,Cu,29,Cu,29,MoSe2,110,36.66,12100,253.892,90,6.51,6,1.55,1.3,500,Si,1.12,0.61,1.265306122,980,0.114900517,200,3.348553623,0,0,0,0,0,0,1
https://doi.org/10.1016/j.surfin.2023.102854,Cu,29,Cu,29,MoSe2,110,36.66,12100,253.892,90,6.51,6,1.55,1.3,500,Si,1.12,0.61,1.265306122,980,0.122051973,200,3.177025232,0,0,0,0,0,0,1
https://doi.org/10.1016/j.surfin.2023.102854,Cu,29,Cu,29,MoSe2,110,36.66,12100,253.892,90,6.51,6,1.55,1.3,500,Si,1.12,0.61,1.265306122,980,0.133347011,200,3.00549684,0,0,0,0,0,0,1
https://doi.org/10.1016/j.surfin.2023.102854,Cu,29,Cu,29,MoSe2,110,36.66,12100,253.892,90,6.51,6,1.55,1.3,500,Si,1.12,0.61,1.265306122,980,0.141638654,200,2.833968449,0,0,0,0,0,0,1
https://doi.org/10.1016/j.surfin.2023.102854,Cu,29,Cu,29,MoSe2,110,36.66,12100,253.892,90,6.51,6,1.55,1.3,500,Si,1.12,0.61,1.265306122,980,0.106276849,200,2.662440057,0,0,0,0,0,0,1
https://doi.org/10.1016/j.surfin.2023.102854,Cu,29,Cu,29,MoSe2,110,36.66,12100,253.892,90,6.51,6,1.55,1.3,500,Si,1.12,0.61,1.265306122,980,0.116218374,200,2.490911666,0,0,0,0,0,0,1
https://doi.org/10.1016/j.surfin.2023.102854,Cu,29,Cu,29,MoSe2,110,36.66,12100,253.892,90,6.51,6,1.55,1.3,500,Si,1.12,0.61,1.265306122,980,0.126976641,200,2.319383275,0,0,0,0,0,0,1
https://doi.org/10.1016/j.surfin.2023.102854,Cu,29,Cu,29,MoSe2,110,36.66,12100,253.892,90,6.51,6,1.55,1.3,500,Si,1.12,0.61,1.265306122,980,0.106697819,200,2.147854883,0,0,0,0,0,0,1
https://doi.org/10.1016/j.surfin.2023.102854,Cu,29,Cu,29,MoSe2,110,36.66,12100,253.892,90,6.51,6,1.55,1.3,500,Si,1.12,0.61,1.265306122,980,0.112555503,200,1.976326492,0,0,0,0,0,0,1
https://doi.org/10.1016/j.surfin.2023.102854,Cu,29,Cu,29,MoSe2,110,36.66,12100,253.892,90,6.51,6,1.55,1.3,500,Si,1.12,0.61,1.265306122,980,0.132298232,200,1.804798101,0,0,0,0,0,0,1
https://doi.org/10.1016/j.surfin.2023.102854,Cu,29,Cu,29,MoSe2,110,36.66,12100,253.892,90,6.51,6,1.55,1.3,500,Si,1.12,0.61,1.265306122,980,0.135705566,200,1.633269709,0,0,0,0,0,0,1
https://doi.org/10.1016/j.surfin.2023.102854,Cu,29,Cu,29,MoSe2,110,36.66,12100,253.892,90,6.51,6,1.55,1.3,500,Si,1.12,0.61,1.265306122,980,0.128494973,200,1.461741318,0,0,0,0,0,0,1
https://doi.org/10.1016/j.surfin.2023.102854,Cu,29,Cu,29,MoSe2,110,36.66,12100,253.892,90,6.51,6,1.55,1.3,500,Si,1.12,0.61,1.265306122,980,0.116636902,200,1.290212927,0,0,0,0,0,0,1
https://doi.org/10.1016/j.surfin.2023.102854,Cu,29,Cu,29,MoSe2,110,36.66,12100,253.892,90,6.51,6,1.55,1.3,500,Si,1.12,0.61,1.265306122,980,0.111623477,200,1.118684535,0,0,0,0,0,0,1
https://doi.org/10.1016/j.surfin.2023.102854,Cu,29,Cu,29,MoSe2,110,36.66,12100,253.892,90,6.51,6,1.55,1.3,500,Si,1.12,0.61,1.265306122,980,0.126665963,200,0.947156144,0,0,0,0,0,0,1
https://doi.org/10.1016/j.surfin.2023.102854,Cu,29,Cu,29,MoSe2,110,36.66,12100,253.892,90,6.51,6,1.55,1.3,500,Si,1.12,0.61,1.265306122,980,0.137155173,200,0.775627753,0,0,0,0,0,0,1
https://doi.org/10.1016/j.surfin.2023.102854,Cu,29,Cu,29,MoSe2,110,36.66,12100,253.892,90,6.51,6,1.55,1.3,500,Si,1.12,0.61,1.265306122,980,0.123479,200,0.604099361,0,0,0,0,0,0,1
https://doi.org/10.1016/j.surfin.2023.102854,Cu,29,Cu,29,MoSe2,110,36.66,12100,253.892,90,6.51,6,1.55,1.3,500,Si,1.12,0.61,1.265306122,980,0.092581965,200,0.43257097,0,0,0,0,0,0,1
https://doi.org/10.1016/j.surfin.2023.102854,Cu,29,Cu,29,MoSe2,110,36.66,12100,253.892,90,6.51,6,1.55,1.3,500,Si,1.12,0.61,1.265306122,980,0.170641892,200,0.266240409,0,0,0,0,0,0,1
https://www.sciencedirect.com/science/article/pii/S0925838822044450,Au,79,Al,13,ZrO2RGO,62,20.66,3844,135.233,150,5.78,5.33,3.96,3.96,400,Si,1.12,0.61,3.397260274,365,0.00213523,150000,2.018673475,0,0,0,0,0,0,1
https://www.sciencedirect.com/science/article/pii/S0925838822044450,Au,79,Al,13,ZrO2RGO,62,20.66,3844,135.233,150,5.78,5.33,3.96,3.96,400,Si,1.12,0.61,3.397260274,365,0.002151225,150000,1.985259711,0,0,0,0,0,0,1
https://www.sciencedirect.com/science/article/pii/S0925838822044450,Au,79,Al,13,ZrO2RGO,62,20.66,3844,135.233,150,5.78,5.33,3.96,3.96,400,Si,1.12,0.61,3.397260274,365,0.002146514,150000,1.950010026,0,0,0,0,0,0,1
https://www.sciencedirect.com/science/article/pii/S0925838822044450,Au,79,Al,13,ZrO2RGO,62,20.66,3844,135.233,150,5.78,5.33,3.96,3.96,400,Si,1.12,0.61,3.397260274,365,0.002166998,150000,1.915526639,0,0,0,0,0,0,1
https://www.sciencedirect.com/science/article/pii/S0925838822044450,Au,79,Al,13,ZrO2RGO,62,20.66,3844,135.233,150,5.78,5.33,3.96,3.96,400,Si,1.12,0.61,3.397260274,365,0.002168458,150000,1.848768291,0,0,0,0,0,0,1
https://www.sciencedirect.com/science/article/pii/S0925838822044450,Au,79,Al,13,ZrO2RGO,62,20.66,3844,135.233,150,5.78,5.33,3.96,3.96,400,Si,1.12,0.61,3.397260274,365,0.002166531,150000,1.810304414,0,0,0,0,0,0,1
https://www.sciencedirect.com/science/article/pii/S0925838822044450,Au,79,Al,13,ZrO2RGO,62,20.66,3844,135.233,150,5.78,5.33,3.96,3.96,400,Si,1.12,0.61,3.397260274,365,0.002165889,150000,1.77699442,0,0,0,0,0,0,1
https://www.sciencedirect.com/science/article/pii/S0925838822044450,Au,79,Al,13,ZrO2RGO,62,20.66,3844,135.233,150,5.78,5.33,3.96,3.96,400,Si,1.12,0.61,3.397260274,365,0.002173022,150000,1.745085314,0,0,0,0,0,0,1
https://www.sciencedirect.com/science/article/pii/S0925838822044450,Au,79,Al,13,ZrO2RGO,62,20.66,3844,135.233,150,5.78,5.33,3.96,3.96,400,Si,1.12,0.61,3.397260274,365,0.002161715,150000,1.704528753,0,0,0,0,0,0,1
https://www.sciencedirect.com/science/article/pii/S0925838822044450,Au,79,Al,13,ZrO2RGO,62,20.66,3844,135.233,150,5.78,5.33,3.96,3.96,400,Si,1.12,0.61,3.397260274,365,0.00217074,150000,1.673640046,0,0,0,0,0,0,1
https://www.sciencedirect.com/science/article/pii/S0925838822044450,Au,79,Al,13,ZrO2RGO,62,20.66,3844,135.233,150,5.78,5.33,3.96,3.96,400,Si,1.12,0.61,3.397260274,365,0.002150411,150000,1.630679492,0,0,0,0,0,0,1
https://www.sciencedirect.com/science/article/pii/S0925838822044450,Au,79,Al,13,ZrO2RGO,62,20.66,3844,135.233,150,5.78,5.33,3.96,3.96,400,Si,1.12,0.61,3.397260274,365,0.002167805,150000,1.597992115,0,0,0,0,0,0,1
https://www.sciencedirect.com/science/article/pii/S0925838822044450,Au,79,Al,13,ZrO2RGO,62,20.66,3844,135.233,150,5.78,5.33,3.96,3.96,400,Si,1.12,0.61,3.397260274,365,0.002155504,150000,1.56205015,0,0,0,0,0,0,1
https://www.sciencedirect.com/science/article/pii/S0925838822044450,Au,79,Al,13,ZrO2RGO,62,20.66,3844,135.233,150,5.78,5.33,3.96,3.96,400,Si,1.12,0.61,3.397260274,365,0.002149568,150000,1.530126893,0,0,0,0,0,0,1
https://www.sciencedirect.com/science/article/pii/S0925838822044450,Au,79,Al,13,ZrO2RGO,62,20.66,3844,135.233,150,5.78,5.33,3.96,3.96,400,Si,1.12,0.61,3.397260274,365,0.002146363,150000,1.496038628,0,0,0,0,0,0,1
https://www.sciencedirect.com/science/article/pii/S0925838822044450,Au,79,Al,13,ZrO2RGO,62,20.66,3844,135.233,150,5.78,5.33,3.96,3.96,400,Si,1.12,0.61,3.397260274,365,0.002135184,150000,1.459200473,0,0,0,0,0,0,1
https://www.sciencedirect.com/science/article/pii/S0925838822044450,Au,79,Al,13,ZrO2RGO,62,20.66,3844,135.233,150,5.78,5.33,3.96,3.96,400,Si,1.12,0.61,3.397260274,365,0.002161392,150000,1.42459336,0,0,0,0,0,0,1
https://www.sciencedirect.com/science/article/pii/S0925838822044450,Au,79,Al,13,ZrO2RGO,62,20.66,3844,135.233,150,5.78,5.33,3.96,3.96,400,Si,1.12,0.61,3.397260274,365,0.002144816,150000,1.389000438,0,0,0,0,0,0,1
https://www.sciencedirect.com/science/article/pii/S0925838822044450,Au,79,Al,13,ZrO2RGO,62,20.66,3844,135.233,150,5.78,5.33,3.96,3.96,400,Si,1.12,0.61,3.397260274,365,0.002168573,150000,1.355171597,0,0,0,0,0,0,1
https://www.sciencedirect.com/science/article/pii/S0925838822044450,Au,79,Al,13,ZrO2RGO,62,20.66,3844,135.233,150,5.78,5.33,3.96,3.96,400,Si,1.12,0.61,3.397260274,365,0.002153547,150000,1.318054062,0,0,0,0,0,0,1
https://www.sciencedirect.com/science/article/pii/S0925838822044450,Au,79,Al,13,ZrO2RGO,62,20.66,3844,135.233,150,5.78,5.33,3.96,3.96,400,Si,1.12,0.61,3.397260274,365,0.002162269,150000,1.289352115,0,0,0,0,0,0,1
https://www.sciencedirect.com/science/article/pii/S0925838822044450,Au,79,Al,13,ZrO2RGO,62,20.66,3844,135.233,150,5.78,5.33,3.96,3.96,400,Si,1.12,0.61,3.397260274,365,0.002149019,150000,1.252439839,0,0,0,0,0,0,1
https://www.sciencedirect.com/science/article/pii/S0925838822044450,Au,79,Al,13,ZrO2RGO,62,20.66,3844,135.233,150,5.78,5.33,3.96,3.96,400,Si,1.12,0.61,3.397260274,365,0.002140562,150000,1.217646552,0,0,0,0,0,0,1
https://www.sciencedirect.com/science/article/pii/S0925838822044450,Au,79,Al,13,ZrO2RGO,62,20.66,3844,135.233,150,5.78,5.33,3.96,3.96,400,Si,1.12,0.61,3.397260274,365,0.002150132,150000,1.185249118,0,0,0,0,0,0,1
https://www.sciencedirect.com/science/article/pii/S0925838822044450,Au,79,Al,13,ZrO2RGO,62,20.66,3844,135.233,150,5.78,5.33,3.96,3.96,400,Si,1.12,0.61,3.397260274,365,0.002137349,150000,1.150426485,0,0,0,0,0,0,1
https://www.sciencedirect.com/science/article/pii/S0925838822044450,Au,79,Al,13,ZrO2RGO,62,20.66,3844,135.233,150,5.78,5.33,3.96,3.96,400,Si,1.12,0.61,3.397260274,365,0.002171258,150000,1.11390762,0,0,0,0,0,0,1
https://www.sciencedirect.com/science/article/pii/S0925838822044450,Au,79,Al,13,ZrO2RGO,62,20.66,3844,135.233,150,5.78,5.33,3.96,3.96,400,Si,1.12,0.61,3.397260274,365,0.002149213,150000,1.078418467,0,0,0,0,0,0,1
https://www.sciencedirect.com/science/article/pii/S0925838822044450,Au,79,Al,13,ZrO2RGO,62,20.66,3844,135.233,150,5.78,5.33,3.96,3.96,400,Si,1.12,0.61,3.397260274,365,0.002150187,150000,1.045844293,0,0,0,0,0,0,1
https://www.sciencedirect.com/science/article/pii/S0925838822044450,Au,79,Al,13,ZrO2RGO,62,20.66,3844,135.233,150,5.78,5.33,3.96,3.96,400,Si,1.12,0.61,3.397260274,365,0.002125198,150000,1.013690276,0,0,0,0,0,0,1
https://www.sciencedirect.com/science/article/pii/S0925838822044450,Au,79,Al,13,ZrO2RGO,62,20.66,3844,135.233,150,5.78,5.33,3.96,3.96,400,Si,1.12,0.61,3.397260274,365,0.002085097,150000,0.978747908,0,0,0,0,0,0,1
https://www.sciencedirect.com/science/article/pii/S0925838822044450,Au,79,Al,13,ZrO2RGO,62,20.66,3844,135.233,150,5.78,5.33,3.96,3.96,400,Si,1.12,0.61,3.397260274,365,0.002062107,150000,0.952027274,0,0,0,0,0,0,1
https://www.sciencedirect.com/science/article/pii/S0925838822044450,Au,79,Al,13,ZrO2RGO,62,20.66,3844,135.233,150,5.78,5.33,3.96,3.96,400,Si,1.12,0.61,3.397260274,365,0.002004174,150000,0.928367839,0,0,0,0,0,0,1
https://www.sciencedirect.com/science/article/pii/S0925838822044450,Au,79,Al,13,ZrO2RGO,62,20.66,3844,135.233,150,5.78,5.33,3.96,3.96,400,Si,1.12,0.61,3.397260274,365,0.001931735,150000,0.898715718,0,0,0,0,0,0,1
https://www.sciencedirect.com/science/article/pii/S0925838822044450,Au,79,Al,13,ZrO2RGO,62,20.66,3844,135.233,150,5.78,5.33,3.96,3.96,400,Si,1.12,0.61,3.397260274,365,0.001882776,150000,0.889765603,0,0,0,0,0,0,1
https://www.sciencedirect.com/science/article/pii/S0925838822044450,Au,79,Al,13,ZrO2RGO,62,20.66,3844,135.233,150,5.78,5.33,3.96,3.96,400,Si,1.12,0.61,3.397260274,365,0.001821102,150000,0.859301857,0,0,0,0,0,0,1
https://www.sciencedirect.com/science/article/pii/S0925838822044450,Au,79,Al,13,ZrO2RGO,62,20.66,3844,135.233,150,5.78,5.33,3.96,3.96,400,Si,1.12,0.61,3.397260274,365,0.001757536,150000,0.844625891,0,0,0,0,0,0,1
https://www.sciencedirect.com/science/article/pii/S0925838822044450,Au,79,Al,13,ZrO2RGO,62,20.66,3844,135.233,150,5.78,5.33,3.96,3.96,400,Si,1.12,0.61,3.397260274,365,0.001704882,150000,0.830617015,0,0,0,0,0,0,1
https://www.sciencedirect.com/science/article/pii/S0925838822044450,Au,79,Al,13,ZrO2RGO,62,20.66,3844,135.233,150,5.78,5.33,3.96,3.96,400,Si,1.12,0.61,3.397260274,365,0.001593863,150000,0.814895943,0,0,0,0,0,0,1
https://www.sciencedirect.com/science/article/pii/S0925838822044450,Au,79,Al,13,ZrO2RGO,62,20.66,3844,135.233,150,5.78,5.33,3.96,3.96,400,Si,1.12,0.61,3.397260274,365,0.001671498,150000,0.822834306,0,0,0,0,0,0,1
https://www.sciencedirect.com/science/article/pii/S0925838822044450,Au,79,Al,13,ZrO2RGO,62,20.66,3844,135.233,150,5.78,5.33,3.96,3.96,400,Si,1.12,0.61,3.397260274,365,0.001527291,150000,0.787033845,0,0,0,0,0,0,1
https://www.sciencedirect.com/science/article/pii/S0925838822044450,Au,79,Al,13,ZrO2RGO,62,20.66,3844,135.233,150,5.78,5.33,3.96,3.96,400,Si,1.12,0.61,3.397260274,365,0.001466933,150000,0.773024969,0,0,0,0,0,0,1
https://www.sciencedirect.com/science/article/pii/S0925838822044450,Au,79,Al,13,ZrO2RGO,62,20.66,3844,135.233,150,5.78,5.33,3.96,3.96,400,Si,1.12,0.61,3.397260274,365,0.001408819,150000,0.757459551,0,0,0,0,0,0,1
https://www.sciencedirect.com/science/article/pii/S0925838822044450,Au,79,Al,13,ZrO2RGO,62,20.66,3844,135.233,150,5.78,5.33,3.96,3.96,400,Si,1.12,0.61,3.397260274,365,0.001308226,150000,0.736865306,0,0,0,0,0,0,1
https://www.sciencedirect.com/science/article/pii/S0925838822044450,Au,79,Al,13,ZrO2RGO,62,20.66,3844,135.233,150,5.78,5.33,3.96,3.96,400,Si,1.12,0.61,3.397260274,365,0.001365969,150000,0.748120301,0,0,0,0,0,0,1
https://www.sciencedirect.com/science/article/pii/S0925838822044450,Au,79,Al,13,ZrO2RGO,62,20.66,3844,135.233,150,5.78,5.33,3.96,3.96,400,Si,1.12,0.61,3.397260274,365,0.001212007,150000,0.701424047,0,0,0,0,0,0,1
https://www.sciencedirect.com/science/article/pii/S0925838822044450,Au,79,Al,13,ZrO2RGO,62,20.66,3844,135.233,150,5.78,5.33,3.96,3.96,400,Si,1.12,0.61,3.397260274,365,0.001151443,150000,0.688971713,0,0,0,0,0,0,1
https://www.sciencedirect.com/science/article/pii/S0925838822044450,Au,79,Al,13,ZrO2RGO,62,20.66,3844,135.233,150,5.78,5.33,3.96,3.96,400,Si,1.12,0.61,3.397260274,365,0.001087162,150000,0.67807592,0,0,0,0,0,0,1
https://www.sciencedirect.com/science/article/pii/S0925838822044450,Au,79,Al,13,ZrO2RGO,62,20.66,3844,135.233,150,5.78,5.33,3.96,3.96,400,Si,1.12,0.61,3.397260274,365,0.001016439,150000,0.65041737,0,0,0,0,0,0,1
https://www.sciencedirect.com/science/article/pii/S0925838822044450,Au,79,Al,13,ZrO2RGO,62,20.66,3844,135.233,150,5.78,5.33,3.96,3.96,400,Si,1.12,0.61,3.397260274,365,0.000968771,150000,0.621441746,0,0,0,0,0,0,1
https://www.sciencedirect.com/science/article/pii/S0925838822044450,Au,79,Al,13,ZrO2RGO,62,20.66,3844,135.233,150,5.78,5.33,3.96,3.96,400,Si,1.12,0.61,3.397260274,365,0.000915228,150000,0.597802837,0,0,0,0,0,0,1
https://www.sciencedirect.com/science/article/pii/S0925838822044450,Au,79,Al,13,ZrO2RGO,62,20.66,3844,135.233,150,5.78,5.33,3.96,3.96,400,Si,1.12,0.61,3.397260274,365,0.000875117,150000,0.583126872,0,0,0,0,0,0,1
https://www.sciencedirect.com/science/article/pii/S0925838822044450,Au,79,Al,13,ZrO2RGO,62,20.66,3844,135.233,150,5.78,5.33,3.96,3.96,400,Si,1.12,0.61,3.397260274,365,0.000777042,150000,0.544658053,0,0,0,0,0,0,1
https://www.sciencedirect.com/science/article/pii/S0925838822044450,Au,79,Al,13,ZrO2RGO,62,20.66,3844,135.233,150,5.78,5.33,3.96,3.96,400,Si,1.12,0.61,3.397260274,365,0.000717301,150000,0.530204451,0,0,0,0,0,0,1
https://www.sciencedirect.com/science/article/pii/S0925838822044450,Au,79,Al,13,ZrO2RGO,62,20.66,3844,135.233,150,5.78,5.33,3.96,3.96,400,Si,1.12,0.61,3.397260274,365,0.000646771,150000,0.517752117,0,0,0,0,0,0,1
https://www.sciencedirect.com/science/article/pii/S0925838822044450,Au,79,Al,13,ZrO2RGO,62,20.66,3844,135.233,150,5.78,5.33,3.96,3.96,400,Si,1.12,0.61,3.397260274,365,0.000570495,150000,0.497205765,0,0,0,0,0,0,1
https://www.sciencedirect.com/science/article/pii/S0925838822044450,Au,79,Al,13,ZrO2RGO,62,20.66,3844,135.233,150,5.78,5.33,3.96,3.96,400,Si,1.12,0.61,3.397260274,365,0.000517183,150000,0.459295325,0,0,0,0,0,0,1
https://www.sciencedirect.com/science/article/pii/S0925838822044450,Au,79,Al,13,ZrO2RGO,62,20.66,3844,135.233,150,5.78,5.33,3.96,3.96,400,Si,1.12,0.61,3.397260274,365,0.000475075,150000,0.436811944,0,0,0,0,0,0,1
https://www.sciencedirect.com/science/article/pii/S0925838822044450,Au,79,Al,13,ZrO2RGO,62,20.66,3844,135.233,150,5.78,5.33,3.96,3.96,400,Si,1.12,0.61,3.397260274,365,0.000420945,150000,0.385805267,0,0,0,0,0,0,1
https://www.sciencedirect.com/science/article/pii/S0925838822044450,Au,79,Al,13,ZrO2RGO,62,20.66,3844,135.233,150,5.78,5.33,3.96,3.96,400,Si,1.12,0.61,3.397260274,365,0.00036562,150000,0.364543932,0,0,0,0,0,0,1
https://www.sciencedirect.com/science/article/pii/S0925838822044450,Au,79,Al,13,ZrO2RGO,62,20.66,3844,135.233,150,5.78,5.33,3.96,3.96,400,Si,1.12,0.61,3.397260274,365,0.001575909,100000,1.985571019,0,0,0,0,0,0,1
https://www.sciencedirect.com/science/article/pii/S0925838822044450,Au,79,Al,13,ZrO2RGO,62,20.66,3844,135.233,150,5.78,5.33,3.96,3.96,400,Si,1.12,0.61,3.397260274,365,0.001572843,100000,1.946657475,0,0,0,0,0,0,1
https://www.sciencedirect.com/science/article/pii/S0925838822044450,Au,79,Al,13,ZrO2RGO,62,20.66,3844,135.233,150,5.78,5.33,3.96,3.96,400,Si,1.12,0.61,3.397260274,365,0.00157312,100000,1.921752806,0,0,0,0,0,0,1
https://www.sciencedirect.com/science/article/pii/S0925838822044450,Au,79,Al,13,ZrO2RGO,62,20.66,3844,135.233,150,5.78,5.33,3.96,3.96,400,Si,1.12,0.61,3.397260274,365,0.001573535,100000,1.865717302,0,0,0,0,0,0,1
https://www.sciencedirect.com/science/article/pii/S0925838822044450,Au,79,Al,13,ZrO2RGO,62,20.66,3844,135.233,150,5.78,5.33,3.96,3.96,400,Si,1.12,0.61,3.397260274,365,0.001572613,100000,1.831473383,0,0,0,0,0,0,1
https://www.sciencedirect.com/science/article/pii/S0925838822044450,Au,79,Al,13,ZrO2RGO,62,20.66,3844,135.233,150,5.78,5.33,3.96,3.96,400,Si,1.12,0.61,3.397260274,365,0.001569655,100000,1.805012172,0,0,0,0,0,0,1
https://www.sciencedirect.com/science/article/pii/S0925838822044450,Au,79,Al,13,ZrO2RGO,62,20.66,3844,135.233,150,5.78,5.33,3.96,3.96,400,Si,1.12,0.61,3.397260274,365,0.001567311,100000,1.744307043,0,0,0,0,0,0,1
https://www.sciencedirect.com/science/article/pii/S0925838822044450,Au,79,Al,13,ZrO2RGO,62,20.66,3844,135.233,150,5.78,5.33,3.96,3.96,400,Si,1.12,0.61,3.397260274,365,0.001572613,100000,1.703836956,0,0,0,0,0,0,1
https://www.sciencedirect.com/science/article/pii/S0925838822044450,Au,79,Al,13,ZrO2RGO,62,20.66,3844,135.233,150,5.78,5.33,3.96,3.96,400,Si,1.12,0.61,3.397260274,365,0.001572613,100000,1.682045371,0,0,0,0,0,0,1
https://www.sciencedirect.com/science/article/pii/S0925838822044450,Au,79,Al,13,ZrO2RGO,62,20.66,3844,135.233,150,5.78,5.33,3.96,3.96,400,Si,1.12,0.61,3.397260274,365,0.001568233,100000,1.626009867,0,0,0,0,0,0,1
https://www.sciencedirect.com/science/article/pii/S0925838822044450,Au,79,Al,13,ZrO2RGO,62,20.66,3844,135.233,150,5.78,5.33,3.96,3.96,400,Si,1.12,0.61,3.397260274,365,0.001574918,100000,1.585539781,0,0,0,0,0,0,1
https://www.sciencedirect.com/science/article/pii/S0925838822044450,Au,79,Al,13,ZrO2RGO,62,20.66,3844,135.233,150,5.78,5.33,3.96,3.96,400,Si,1.12,0.61,3.397260274,365,0.001577684,100000,1.562191654,0,0,0,0,0,0,1
https://www.sciencedirect.com/science/article/pii/S0925838822044450,Au,79,Al,13,ZrO2RGO,62,20.66,3844,135.233,150,5.78,5.33,3.96,3.96,400,Si,1.12,0.61,3.397260274,365,0.001576992,100000,1.504599608,0,0,0,0,0,0,1
https://www.sciencedirect.com/science/article/pii/S0925838822044450,Au,79,Al,13,ZrO2RGO,62,20.66,3844,135.233,150,5.78,5.33,3.96,3.96,400,Si,1.12,0.61,3.397260274,365,0.001577915,100000,1.467242605,0,0,0,0,0,0,1
https://www.sciencedirect.com/science/article/pii/S0925838822044450,Au,79,Al,13,ZrO2RGO,62,20.66,3844,135.233,150,5.78,5.33,3.96,3.96,400,Si,1.12,0.61,3.397260274,365,0.001577684,100000,1.442337937,0,0,0,0,0,0,1
https://www.sciencedirect.com/science/article/pii/S0925838822044450,Au,79,Al,13,ZrO2RGO,62,20.66,3844,135.233,150,5.78,5.33,3.96,3.96,400,Si,1.12,0.61,3.397260274,365,0.001580681,100000,1.383189349,0,0,0,0,0,0,1
https://www.sciencedirect.com/science/article/pii/S0925838822044450,Au,79,Al,13,ZrO2RGO,62,20.66,3844,135.233,150,5.78,5.33,3.96,3.96,400,Si,1.12,0.61,3.397260274,365,0.001587365,100000,1.348945429,0,0,0,0,0,0,1
https://www.sciencedirect.com/science/article/pii/S0925838822044450,Au,79,Al,13,ZrO2RGO,62,20.66,3844,135.233,150,5.78,5.33,3.96,3.96,400,Si,1.12,0.61,3.397260274,365,0.001588333,100000,1.324040761,0,0,0,0,0,0,1
https://www.sciencedirect.com/science/article/pii/S0925838822044450,Au,79,Al,13,ZrO2RGO,62,20.66,3844,135.233,150,5.78,5.33,3.96,3.96,400,Si,1.12,0.61,3.397260274,365,0.001592436,100000,1.264892173,0,0,0,0,0,0,1
https://www.sciencedirect.com/science/article/pii/S0925838822044450,Au,79,Al,13,ZrO2RGO,62,20.66,3844,135.233,150,5.78,5.33,3.96,3.96,400,Si,1.12,0.61,3.397260274,365,0.001592897,100000,1.224422087,0,0,0,0,0,0,1
https://www.sciencedirect.com/science/article/pii/S0925838822044450,Au,79,Al,13,ZrO2RGO,62,20.66,3844,135.233,150,5.78,5.33,3.96,3.96,400,Si,1.12,0.61,3.397260274,365,0.001592897,100000,1.20107396,0,0,0,0,0,0,1
https://www.sciencedirect.com/science/article/pii/S0925838822044450,Au,79,Al,13,ZrO2RGO,62,20.66,3844,135.233,150,5.78,5.33,3.96,3.96,400,Si,1.12,0.61,3.397260274,365,0.0015967,100000,1.145038456,0,0,0,0,0,0,1
https://www.sciencedirect.com/science/article/pii/S0925838822044450,Au,79,Al,13,ZrO2RGO,62,20.66,3844,135.233,150,5.78,5.33,3.96,3.96,400,Si,1.12,0.61,3.397260274,365,0.001600273,100000,1.106124911,0,0,0,0,0,0,1
https://www.sciencedirect.com/science/article/pii/S0925838822044450,Au,79,Al,13,ZrO2RGO,62,20.66,3844,135.233,150,5.78,5.33,3.96,3.96,400,Si,1.12,0.61,3.397260274,365,0.001603039,100000,1.082776784,0,0,0,0,0,0,1
https://www.sciencedirect.com/science/article/pii/S0925838822044450,Au,79,Al,13,ZrO2RGO,62,20.66,3844,135.233,150,5.78,5.33,3.96,3.96,400,Si,1.12,0.61,3.397260274,365,0.001601426,100000,1.025184738,0,0,0,0,0,0,1
https://www.sciencedirect.com/science/article/pii/S0925838822044450,Au,79,Al,13,ZrO2RGO,62,20.66,3844,135.233,150,5.78,5.33,3.96,3.96,400,Si,1.12,0.61,3.397260274,365,0.001598429,100000,0.990940819,0,0,0,0,0,0,1
https://www.sciencedirect.com/science/article/pii/S0925838822044450,Au,79,Al,13,ZrO2RGO,62,20.66,3844,135.233,150,5.78,5.33,3.96,3.96,400,Si,1.12,0.61,3.397260274,365,0.001597968,100000,0.964479609,0,0,0,0,0,0,1
https://www.sciencedirect.com/science/article/pii/S0925838822044450,Au,79,Al,13,ZrO2RGO,62,20.66,3844,135.233,150,5.78,5.33,3.96,3.96,400,Si,1.12,0.61,3.397260274,365,0.001587365,100000,0.903774479,0,0,0,0,0,0,1
https://www.sciencedirect.com/science/article/pii/S0925838822044450,Au,79,Al,13,ZrO2RGO,62,20.66,3844,135.233,150,5.78,5.33,3.96,3.96,400,Si,1.12,0.61,3.397260274,365,0.001581741,100000,0.867974018,0,0,0,0,0,0,1
https://www.sciencedirect.com/science/article/pii/S0925838822044450,Au,79,Al,13,ZrO2RGO,62,20.66,3844,135.233,150,5.78,5.33,3.96,3.96,400,Si,1.12,0.61,3.397260274,365,0.003000612,10000,2.051257083,0,0,0,0,0,0,1
https://www.sciencedirect.com/science/article/pii/S0925838822044450,Au,79,Al,13,ZrO2RGO,62,20.66,3844,135.233,150,5.78,5.33,3.96,3.96,400,Si,1.12,0.61,3.397260274,365,0.003009613,10000,1.982457936,0,0,0,0,0,0,1
https://www.sciencedirect.com/science/article/pii/S0925838822044450,Au,79,Al,13,ZrO2RGO,62,20.66,3844,135.233,150,5.78,5.33,3.96,3.96,400,Si,1.12,0.61,3.397260274,365,0.003006021,10000,1.903074305,0,0,0,0,0,0,1
https://www.sciencedirect.com/science/article/pii/S0925838822044450,Au,79,Al,13,ZrO2RGO,62,20.66,3844,135.233,150,5.78,5.33,3.96,3.96,400,Si,1.12,0.61,3.397260274,365,0.003007712,10000,1.88128272,0,0,0,0,0,0,1
https://www.sciencedirect.com/science/article/pii/S0925838822044450,Au,79,Al,13,ZrO2RGO,62,20.66,3844,135.233,150,5.78,5.33,3.96,3.96,400,Si,1.12,0.61,3.397260274,365,0.00300095,10000,1.822134132,0,0,0,0,0,0,1
https://www.sciencedirect.com/science/article/pii/S0925838822044450,Au,79,Al,13,ZrO2RGO,62,20.66,3844,135.233,150,5.78,5.33,3.96,3.96,400,Si,1.12,0.61,3.397260274,365,0.002995034,10000,1.800342547,0,0,0,0,0,0,1
https://www.sciencedirect.com/science/article/pii/S0925838822044450,Au,79,Al,13,ZrO2RGO,62,20.66,3844,135.233,150,5.78,5.33,3.96,3.96,400,Si,1.12,0.61,3.397260274,365,0.002995034,10000,1.741193959,0,0,0,0,0,0,1
https://www.sciencedirect.com/science/article/pii/S0925838822044450,Au,79,Al,13,ZrO2RGO,62,20.66,3844,135.233,150,5.78,5.33,3.96,3.96,400,Si,1.12,0.61,3.397260274,365,0.002995034,10000,1.719402374,0,0,0,0,0,0,1
https://www.sciencedirect.com/science/article/pii/S0925838822044450,Au,79,Al,13,ZrO2RGO,62,20.66,3844,135.233,150,5.78,5.33,3.96,3.96,400,Si,1.12,0.61,3.397260274,365,0.002980052,10000,1.657140703,0,0,0,0,0,0,1
https://www.sciencedirect.com/science/article/pii/S0925838822044450,Au,79,Al,13,ZrO2RGO,62,20.66,3844,135.233,150,5.78,5.33,3.96,3.96,400,Si,1.12,0.61,3.397260274,365,0.002977567,10000,1.579313614,0,0,0,0,0,0,1
https://www.sciencedirect.com/science/article/pii/S0925838822044450,Au,79,Al,13,ZrO2RGO,62,20.66,3844,135.233,150,5.78,5.33,3.96,3.96,400,Si,1.12,0.61,3.397260274,365,0.002979187,10000,1.499929983,0,0,0,0,0,0,1
https://www.sciencedirect.com/science/article/pii/S0925838822044450,Au,79,Al,13,ZrO2RGO,62,20.66,3844,135.233,150,5.78,5.33,3.96,3.96,400,Si,1.12,0.61,3.397260274,365,0.002967196,10000,1.416395573,0,0,0,0,0,0,1
https://www.sciencedirect.com/science/article/pii/S0925838822044450,Au,79,Al,13,ZrO2RGO,62,20.66,3844,135.233,150,5.78,5.33,3.96,3.96,400,Si,1.12,0.61,3.397260274,365,0.002969679,10000,1.398754767,0,0,0,0,0,0,1
https://www.sciencedirect.com/science/article/pii/S0925838822044450,Au,79,Al,13,ZrO2RGO,62,20.66,3844,135.233,150,5.78,5.33,3.96,3.96,400,Si,1.12,0.61,3.397260274,365,0.002965607,10000,1.339606179,0,0,0,0,0,0,1
https://www.sciencedirect.com/science/article/pii/S0925838822044450,Au,79,Al,13,ZrO2RGO,62,20.66,3844,135.233,150,5.78,5.33,3.96,3.96,400,Si,1.12,0.61,3.397260274,365,0.002959537,10000,1.320927677,0,0,0,0,0,0,1
https://www.sciencedirect.com/science/article/pii/S0925838822044450,Au,79,Al,13,ZrO2RGO,62,20.66,3844,135.233,150,5.78,5.33,3.96,3.96,400,Si,1.12,0.61,3.397260274,365,0.002962354,10000,1.26177909,0,0,0,0,0,0,1
https://www.sciencedirect.com/science/article/pii/S0925838822044450,Au,79,Al,13,ZrO2RGO,62,20.66,3844,135.233,150,5.78,5.33,3.96,3.96,400,Si,1.12,0.61,3.397260274,365,0.002959537,10000,1.239987505,0,0,0,0,0,0,1
https://www.sciencedirect.com/science/article/pii/S0925838822044450,Au,79,Al,13,ZrO2RGO,62,20.66,3844,135.233,150,5.78,5.33,3.96,3.96,400,Si,1.12,0.61,3.397260274,365,0.002953903,10000,1.180838917,0,0,0,0,0,0,1
https://www.sciencedirect.com/science/article/pii/S0925838822044450,Au,79,Al,13,ZrO2RGO,62,20.66,3844,135.233,150,5.78,5.33,3.96,3.96,400,Si,1.12,0.61,3.397260274,365,0.002956495,10000,1.098601626,0,0,0,0,0,0,1
https://www.sciencedirect.com/science/article/pii/S0925838822044450,Au,79,Al,13,ZrO2RGO,62,20.66,3844,135.233,150,5.78,5.33,3.96,3.96,400,Si,1.12,0.61,3.397260274,365,0.002959537,10000,1.081220243,0,0,0,0,0,0,1
https://www.sciencedirect.com/science/article/pii/S0925838822044450,Au,79,Al,13,ZrO2RGO,62,20.66,3844,135.233,150,5.78,5.33,3.96,3.96,400,Si,1.12,0.61,3.397260274,365,0.002954149,10000,1.020515113,0,0,0,0,0,0,1
https://www.sciencedirect.com/science/article/pii/S0925838822044450,Au,79,Al,13,ZrO2RGO,62,20.66,3844,135.233,150,5.78,5.33,3.96,3.96,400,Si,1.12,0.61,3.397260274,365,0.00294855,10000,0.941131482,0,0,0,0,0,0,1
https://www.sciencedirect.com/science/article/pii/S0925838822044450,Au,79,Al,13,ZrO2RGO,62,20.66,3844,135.233,150,5.78,5.33,3.96,3.96,400,Si,1.12,0.61,3.397260274,365,0.002945909,10000,0.861747851,0,0,0,0,0,0,1
https://www.sciencedirect.com/science/article/pii/S0925838822044450,Au,79,Al,13,ZrO2RGO,62,20.66,3844,135.233,150,5.78,5.33,3.96,3.96,400,Si,1.12,0.61,3.397260274,365,0.002929393,10000,0.78236422,0,0,0,0,0,0,1
https://www.sciencedirect.com/science/article/pii/S0925838822044450,Au,79,Al,13,ZrO2RGO,62,20.66,3844,135.233,150,5.78,5.33,3.96,3.96,400,Si,1.12,0.61,3.397260274,365,0.002929111,10000,0.760572635,0,0,0,0,0,0,1
https://www.sciencedirect.com/science/article/pii/S0925838822044450,Au,79,Al,13,ZrO2RGO,62,20.66,3844,135.233,150,5.78,5.33,3.96,3.96,400,Si,1.12,0.61,3.397260274,365,0.002931647,10000,0.701424047,0,0,0,0,0,0,1
https://www.sciencedirect.com/science/article/pii/S0925838822044450,Au,79,Al,13,ZrO2RGO,62,20.66,3844,135.233,150,5.78,5.33,3.96,3.96,400,Si,1.12,0.61,3.397260274,365,0.002929111,10000,0.679632462,0,0,0,0,0,0,1
https://www.sciencedirect.com/science/article/pii/S0925838822044450,Au,79,Al,13,ZrO2RGO,62,20.66,3844,135.233,150,5.78,5.33,3.96,3.96,400,Si,1.12,0.61,3.397260274,365,0.00292835,10000,0.622040416,0,0,0,0,0,0,1
https://www.sciencedirect.com/science/article/pii/S0925838822044450,Au,79,Al,13,ZrO2RGO,62,20.66,3844,135.233,150,5.78,5.33,3.96,3.96,400,Si,1.12,0.61,3.397260274,365,0.002929111,10000,0.598692289,0,0,0,0,0,0,1
https://www.sciencedirect.com/science/article/pii/S0925838822044450,Au,79,Al,13,ZrO2RGO,62,20.66,3844,135.233,150,5.78,5.33,3.96,3.96,400,Si,1.12,0.61,3.397260274,365,0.002901854,10000,0.538246584,0,0,0,0,0,0,1
https://www.sciencedirect.com/science/article/pii/S0925838822044450,Au,79,Al,13,ZrO2RGO,62,20.66,3844,135.233,150,5.78,5.33,3.96,3.96,400,Si,1.12,0.61,3.397260274,365,0.002894882,10000,0.519308658,0,0,0,0,0,0,1
https://www.sciencedirect.com/science/article/pii/S0925838822044450,Au,79,Al,13,ZrO2RGO,62,20.66,3844,135.233,150,5.78,5.33,3.96,3.96,400,Si,1.12,0.61,3.397260274,365,0.002801877,10000,0.46794278,0,0,0,0,0,0,1
https://www.sciencedirect.com/science/article/pii/S0925838822044450,Au,79,Al,13,ZrO2RGO,62,20.66,3844,135.233,150,5.78,5.33,3.96,3.96,400,Si,1.12,0.61,3.397260274,365,0.002741089,10000,0.447707736,0,0,0,0,0,0,1
https://www.sciencedirect.com/science/article/pii/S0925838822044450,Au,79,Al,13,ZrO2RGO,62,20.66,3844,135.233,150,5.78,5.33,3.96,3.96,400,Si,1.12,0.61,3.397260274,365,0.00268211,10000,0.432142319,0,0,0,0,0,0,1
https://www.sciencedirect.com/science/article/pii/S0925838822044450,Au,79,Al,13,ZrO2RGO,62,20.66,3844,135.233,150,5.78,5.33,3.96,3.96,400,Si,1.12,0.61,3.397260274,365,0.002628243,10000,0.418133442,0,0,0,0,0,0,1
https://www.sciencedirect.com/science/article/pii/S0925838822044450,Au,79,Al,13,ZrO2RGO,62,20.66,3844,135.233,150,5.78,5.33,3.96,3.96,400,Si,1.12,0.61,3.397260274,365,0.00249418,10000,0.394474007,0,0,0,0,0,0,1
https://www.sciencedirect.com/science/article/pii/S0925838822044450,Au,79,Al,13,ZrO2RGO,62,20.66,3844,135.233,150,5.78,5.33,3.96,3.96,400,Si,1.12,0.61,3.397260274,365,0.002433881,10000,0.385446065,0,0,0,0,0,0,1
https://www.sciencedirect.com/science/article/pii/S0925838822044450,Au,79,Al,13,ZrO2RGO,62,20.66,3844,135.233,150,5.78,5.33,3.96,3.96,400,Si,1.12,0.61,3.397260274,365,0.002358285,10000,0.374994999,0,0,0,0,0,0,1
https://www.sciencedirect.com/science/article/pii/S0925838822044450,Au,79,Al,13,ZrO2RGO,62,20.66,3844,135.233,150,5.78,5.33,3.96,3.96,400,Si,1.12,0.61,3.397260274,365,0.002277754,10000,0.362542664,0,0,0,0,0,0,1
https://www.sciencedirect.com/science/article/pii/S0925838822044450,Au,79,Al,13,ZrO2RGO,62,20.66,3844,135.233,150,5.78,5.33,3.96,3.96,400,Si,1.12,0.61,3.397260274,365,0.002205251,10000,0.352758688,0,0,0,0,0,0,1
https://www.sciencedirect.com/science/article/pii/S0925838822044450,Au,79,Al,13,ZrO2RGO,62,20.66,3844,135.233,150,5.78,5.33,3.96,3.96,400,Si,1.12,0.61,3.397260274,365,0.002137011,10000,0.343419437,0,0,0,0,0,0,1
https://www.sciencedirect.com/science/article/pii/S0925838822044450,Au,79,Al,13,ZrO2RGO,62,20.66,3844,135.233,150,5.78,5.33,3.96,3.96,400,Si,1.12,0.61,3.397260274,365,0.002064305,10000,0.334080186,0,0,0,0,0,0,1
https://www.sciencedirect.com/science/article/pii/S0925838822044450,Au,79,Al,13,ZrO2RGO,62,20.66,3844,135.233,150,5.78,5.33,3.96,3.96,400,Si,1.12,0.61,3.397260274,365,0.002030273,10000,0.327854019,0,0,0,0,0,0,1
https://www.sciencedirect.com/science/article/pii/S0925838822044450,Au,79,Al,13,ZrO2RGO,62,20.66,3844,135.233,150,5.78,5.33,3.96,3.96,400,Si,1.12,0.61,3.397260274,365,0.001909456,10000,0.313533835,0,0,0,0,0,0,1
https://www.sciencedirect.com/science/article/pii/S0925838822044450,Au,79,Al,13,ZrO2RGO,62,20.66,3844,135.233,150,5.78,5.33,3.96,3.96,400,Si,1.12,0.61,3.397260274,365,0.001833934,10000,0.303394077,0,0,0,0,0,0,1
https://www.sciencedirect.com/science/article/pii/S0925838822044450,Au,79,Al,13,ZrO2RGO,62,20.66,3844,135.233,150,5.78,5.33,3.96,3.96,400,Si,1.12,0.61,3.397260274,365,0.001759015,10000,0.294855333,0,0,0,0,0,0,1
https://www.sciencedirect.com/science/article/pii/S0925838822044450,Au,79,Al,13,ZrO2RGO,62,20.66,3844,135.233,150,5.78,5.33,3.96,3.96,400,Si,1.12,0.61,3.397260274,365,0.001698543,10000,0.284789696,0,0,0,0,0,0,1
https://www.sciencedirect.com/science/article/pii/S0925838822044450,Au,79,Al,13,ZrO2RGO,62,20.66,3844,135.233,150,5.78,5.33,3.96,3.96,400,Si,1.12,0.61,3.397260274,365,0.001641325,10000,0.279601224,0,0,0,0,0,0,1
https://www.sciencedirect.com/science/article/pii/S0925838822044450,Au,79,Al,13,ZrO2RGO,62,20.66,3844,135.233,150,5.78,5.33,3.96,3.96,400,Si,1.12,0.61,3.397260274,365,0.001578312,10000,0.269150157,0,0,0,0,0,0,1
https://www.sciencedirect.com/science/article/pii/S0925838822044450,Au,79,Al,13,ZrO2RGO,62,20.66,3844,135.233,150,5.78,5.33,3.96,3.96,400,Si,1.12,0.61,3.397260274,365,0.001506221,10000,0.260611414,0,0,0,0,0,0,1
https://www.sciencedirect.com/science/article/pii/S0925838822044450,Au,79,Al,13,ZrO2RGO,62,20.66,3844,135.233,150,5.78,5.33,3.96,3.96,400,Si,1.12,0.61,3.397260274,365,0.001443581,10000,0.250471656,0,0,0,0,0,0,1
https://www.sciencedirect.com/science/article/pii/S0925838822044450,Au,79,Al,13,ZrO2RGO,62,20.66,3844,135.233,150,5.78,5.33,3.96,3.96,400,Si,1.12,0.61,3.397260274,365,0.001311596,10000,0.234461512,0,0,0,0,0,0,1
https://www.sciencedirect.com/science/article/pii/S0925838822044450,Au,79,Al,13,ZrO2RGO,62,20.66,3844,135.233,150,5.78,5.33,3.96,3.96,400,Si,1.12,0.61,3.397260274,365,0.001253257,10000,0.225122261,0,0,0,0,0,0,1
https://www.sciencedirect.com/science/article/pii/S0925838822044450,Au,79,Al,13,ZrO2RGO,62,20.66,3844,135.233,150,5.78,5.33,3.96,3.96,400,Si,1.12,0.61,3.397260274,365,0.001202585,10000,0.218896094,0,0,0,0,0,0,1
https://www.sciencedirect.com/science/article/pii/S0925838822044450,Au,79,Al,13,ZrO2RGO,62,20.66,3844,135.233,150,5.78,5.33,3.96,3.96,400,Si,1.12,0.61,3.397260274,365,0.001143468,10000,0.209556843,0,0,0,0,0,0,1
https://www.sciencedirect.com/science/article/pii/S0925838822044450,Au,79,Al,13,ZrO2RGO,62,20.66,3844,135.233,150,5.78,5.33,3.96,3.96,400,Si,1.12,0.61,3.397260274,365,0.001084274,10000,0.200217593,0,0,0,0,0,0,1
https://www.sciencedirect.com/science/article/pii/S0925838822044450,Au,79,Al,13,ZrO2RGO,62,20.66,3844,135.233,150,5.78,5.33,3.96,3.96,400,Si,1.12,0.61,3.397260274,365,0.001019403,10000,0.190878342,0,0,0,0,0,0,1
https://www.sciencedirect.com/science/article/pii/S0925838822044450,Au,79,Al,13,ZrO2RGO,62,20.66,3844,135.233,150,5.78,5.33,3.96,3.96,400,Si,1.12,0.61,3.397260274,365,0.000957879,10000,0.18076082,0,0,0,0,0,0,1
https://www.sciencedirect.com/science/article/pii/S0925838822044450,Au,79,Al,13,ZrO2RGO,62,20.66,3844,135.233,150,5.78,5.33,3.96,3.96,400,Si,1.12,0.61,3.397260274,365,0.000914141,10000,0.173756382,0,0,0,0,0,0,1
https://www.sciencedirect.com/science/article/pii/S0925838822044450,Au,79,Al,13,ZrO2RGO,62,20.66,3844,135.233,150,5.78,5.33,3.96,3.96,400,Si,1.12,0.61,3.397260274,365,0.000798974,10000,0.153521339,0,0,0,0,0,0,1
https://www.sciencedirect.com/science/article/pii/S0925838822044450,Au,79,Al,13,ZrO2RGO,62,20.66,3844,135.233,150,5.78,5.33,3.96,3.96,400,Si,1.12,0.61,3.397260274,365,0.000735555,10000,0.139512463,0,0,0,0,0,0,1
https://www.sciencedirect.com/science/article/pii/S0925838822044450,Au,79,Al,13,ZrO2RGO,62,20.66,3844,135.233,150,5.78,5.33,3.96,3.96,400,Si,1.12,0.61,3.397260274,365,0.00068248,10000,0.128616671,0,0,0,0,0,0,1
https://www.sciencedirect.com/science/article/pii/S0925838822044450,Au,79,Al,13,ZrO2RGO,62,20.66,3844,135.233,150,5.78,5.33,3.96,3.96,400,Si,1.12,0.61,3.397260274,365,0.000635362,10000,0.117720878,0,0,0,0,0,0,1
https://www.sciencedirect.com/science/article/pii/S0925838822044450,Au,79,Al,13,ZrO2RGO,62,20.66,3844,135.233,150,5.78,5.33,3.96,3.96,400,Si,1.12,0.61,3.397260274,365,0.000569964,10000,0.100598918,0,0,0,0,0,0,1
https://www.sciencedirect.com/science/article/pii/S0925838822044450,Au,79,Al,13,ZrO2RGO,62,20.66,3844,135.233,150,5.78,5.33,3.96,3.96,400,Si,1.12,0.61,3.397260274,365,0.000447485,10000,0.069468083,0,0,0,0,0,0,1
https://www.sciencedirect.com/science/article/pii/S0925838822044450,Au,79,Al,13,ZrO2RGO,62,20.66,3844,135.233,150,5.78,5.33,3.96,3.96,400,Si,1.12,0.61,3.397260274,365,0.000393567,10000,0.050789581,0,0,0,0,0,0,1
https://www.sciencedirect.com/science/article/pii/S0925838822044450,Au,79,Al,13,ZrO2RGO,62,20.66,3844,135.233,150,5.78,5.33,3.96,3.96,400,Si,1.12,0.61,3.397260274,365,0.000336008,10000,0.03211108,0,0,0,0,0,0,1
https://doi.org/10.1016/j.ceramint.2022.11.343,In,49,Al,13,CuO,37,18.5,1369,79.545,49,6.16,3.5,1.9,0,350,Si,1.12,0.61,3.111993673,398.4583937,0.29717472,180000,5,0,0,0,0,0,0,1
https://doi.org/10.1016/j.ceramint.2022.11.343,In,49,Al,13,CuO,37,18.5,1369,79.545,49,6.16,3.5,1.9,0,350,Si,1.12,0.61,3.046689478,406.9991409,0.314607862,180000,5,0,0,0,0,0,0,1
https://doi.org/10.1016/j.ceramint.2022.11.343,In,49,Al,13,CuO,37,18.5,1369,79.545,49,6.16,3.5,1.9,0,350,Si,1.12,0.61,3.007873897,412.2513252,0.333839567,180000,5,0,0,0,0,0,0,1
https://doi.org/10.1016/j.ceramint.2022.11.343,In,49,Al,13,CuO,37,18.5,1369,79.545,49,6.16,3.5,1.9,0,350,Si,1.12,0.61,2.965260789,418.1756979,0.353735501,180000,5,0,0,0,0,0,0,1
https://doi.org/10.1016/j.ceramint.2022.11.343,In,49,Al,13,CuO,37,18.5,1369,79.545,49,6.16,3.5,1.9,0,350,Si,1.12,0.61,2.9286374,423.4050961,0.371926517,180000,5,0,0,0,0,0,0,1
https://doi.org/10.1016/j.ceramint.2022.11.343,In,49,Al,13,CuO,37,18.5,1369,79.545,49,6.16,3.5,1.9,0,350,Si,1.12,0.61,2.8969116,428.042057,0.387609317,180000,5,0,0,0,0,0,0,1
https://doi.org/10.1016/j.ceramint.2022.11.343,In,49,Al,13,CuO,37,18.5,1369,79.545,49,6.16,3.5,1.9,0,350,Si,1.12,0.61,2.862859904,433.1333148,0.404567929,180000,5,0,0,0,0,0,0,1
https://doi.org/10.1016/j.ceramint.2022.11.343,In,49,Al,13,CuO,37,18.5,1369,79.545,49,6.16,3.5,1.9,0,350,Si,1.12,0.61,2.803704859,442.2719445,0.424941737,180000,5,0,0,0,0,0,0,1
https://doi.org/10.1016/j.ceramint.2022.11.343,In,49,Al,13,CuO,37,18.5,1369,79.545,49,6.16,3.5,1.9,0,350,Si,1.12,0.61,2.756791968,449.7981764,0.435758191,180000,5,0,0,0,0,0,0,1
https://doi.org/10.1016/j.ceramint.2022.11.343,In,49,Al,13,CuO,37,18.5,1369,79.545,49,6.16,3.5,1.9,0,350,Si,1.12,0.61,2.691988104,460.6261068,0.43066109,180000,5,0,0,0,0,0,0,1
https://doi.org/10.1016/j.ceramint.2022.11.343,In,49,Al,13,CuO,37,18.5,1369,79.545,49,6.16,3.5,1.9,0,350,Si,1.12,0.61,2.643441743,469.0854274,0.413803832,180000,5,0,0,0,0,0,0,1
https://doi.org/10.1016/j.ceramint.2022.11.343,In,49,Al,13,CuO,37,18.5,1369,79.545,49,6.16,3.5,1.9,0,350,Si,1.12,0.61,2.610709508,474.9666694,0.397995527,180000,5,0,0,0,0,0,0,1
https://doi.org/10.1016/j.ceramint.2022.11.343,In,49,Al,13,CuO,37,18.5,1369,79.545,49,6.16,3.5,1.9,0,350,Si,1.12,0.61,2.566308575,483.1842951,0.376756439,180000,5,0,0,0,0,0,0,1
https://doi.org/10.1016/j.ceramint.2022.11.343,In,49,Al,13,CuO,37,18.5,1369,79.545,49,6.16,3.5,1.9,0,350,Si,1.12,0.61,2.507769082,494.4633893,0.353745511,180000,5,0,0,0,0,0,0,1
https://doi.org/10.1016/j.ceramint.2022.11.343,In,49,Al,13,CuO,37,18.5,1369,79.545,49,6.16,3.5,1.9,0,350,Si,1.12,0.61,2.478371619,500.3285183,0.34325066,180000,5,0,0,0,0,0,0,1
https://doi.org/10.1016/j.ceramint.2022.11.343,In,49,Al,13,CuO,37,18.5,1369,79.545,49,6.16,3.5,1.9,0,350,Si,1.12,0.61,2.430161656,510.2541211,0.347881148,180000,5,0,0,0,0,0,0,1
https://doi.org/10.1016/j.ceramint.2022.11.343,In,49,Al,13,CuO,37,18.5,1369,79.545,49,6.16,3.5,1.9,0,350,Si,1.12,0.61,2.372474136,522.6611247,0.356547458,180000,5,0,0,0,0,0,0,1
https://doi.org/10.1016/j.ceramint.2022.11.343,In,49,Al,13,CuO,37,18.5,1369,79.545,49,6.16,3.5,1.9,0,350,Si,1.12,0.61,2.317461898,535.0681283,0.370871487,180000,5,0,0,0,0,0,0,1
https://doi.org/10.1016/j.ceramint.2022.11.343,In,49,Al,13,CuO,37,18.5,1369,79.545,49,6.16,3.5,1.9,0,350,Si,1.12,0.61,2.260576892,548.5325469,0.384005728,180000,5,0,0,0,0,0,0,1
https://doi.org/10.1016/j.ceramint.2022.11.343,In,49,Al,13,CuO,37,18.5,1369,79.545,49,6.16,3.5,1.9,0,350,Si,1.12,0.61,2.214751859,559.8821354,0.391888203,180000,5,0,0,0,0,0,0,1
https://doi.org/10.1016/j.ceramint.2022.11.343,In,49,Al,13,CuO,37,18.5,1369,79.545,49,6.16,3.5,1.9,0,350,Si,1.12,0.61,2.166736909,572.289139,0.401015025,180000,5,0,0,0,0,0,0,1
https://doi.org/10.1016/j.ceramint.2022.11.343,In,49,Al,13,CuO,37,18.5,1369,79.545,49,6.16,3.5,1.9,0,350,Si,1.12,0.61,2.120759673,584.6961426,0.407970862,180000,5,0,0,0,0,0,0,1
https://doi.org/10.1016/j.ceramint.2022.11.343,In,49,Al,13,CuO,37,18.5,1369,79.545,49,6.16,3.5,1.9,0,350,Si,1.12,0.61,2.073038283,598.1558616,0.414995376,180000,5,0,0,0,0,0,0,1
https://doi.org/10.1016/j.ceramint.2022.11.343,In,49,Al,13,CuO,37,18.5,1369,79.545,49,6.16,3.5,1.9,0,350,Si,1.12,0.61,2.035990441,609.0401875,0.419575162,180000,5,0,0,0,0,0,0,1
https://doi.org/10.1016/j.ceramint.2022.11.343,In,49,Al,13,CuO,37,18.5,1369,79.545,49,6.16,3.5,1.9,0,350,Si,1.12,0.61,1.993834699,621.9171533,0.425351639,180000,5,0,0,0,0,0,0,1
https://doi.org/10.1016/j.ceramint.2022.11.343,In,49,Al,13,CuO,37,18.5,1369,79.545,49,6.16,3.5,1.9,0,350,Si,1.12,0.61,1.954836477,634.3241569,0.429873341,180000,5,0,0,0,0,0,0,1
https://doi.org/10.1016/j.ceramint.2022.11.343,In,49,Al,13,CuO,37,18.5,1369,79.545,49,6.16,3.5,1.9,0,350,Si,1.12,0.61,1.914472663,647.6979399,0.43512203,180000,5,0,0,0,0,0,0,1
https://doi.org/10.1016/j.ceramint.2022.11.343,In,49,Al,13,CuO,37,18.5,1369,79.545,49,6.16,3.5,1.9,0,350,Si,1.12,0.61,1.882586705,658.6682018,0.439043505,180000,5,0,0,0,0,0,0,1
https://doi.org/10.1016/j.ceramint.2022.11.343,In,49,Al,13,CuO,37,18.5,1369,79.545,49,6.16,3.5,1.9,0,350,Si,1.12,0.61,1.846487861,671.5451676,0.446004157,180000,5,0,0,0,0,0,0,1
https://doi.org/10.1016/j.ceramint.2022.11.343,In,49,Al,13,CuO,37,18.5,1369,79.545,49,6.16,3.5,1.9,0,350,Si,1.12,0.61,1.812992271,683.9521712,0.452828419,180000,5,0,0,0,0,0,0,1
https://doi.org/10.1016/j.ceramint.2022.11.343,In,49,Al,13,CuO,37,18.5,1369,79.545,49,6.16,3.5,1.9,0,350,Si,1.12,0.61,1.777990398,697.4165898,0.46222423,180000,5,0,0,0,0,0,0,1
https://doi.org/10.1016/j.ceramint.2022.11.343,In,49,Al,13,CuO,37,18.5,1369,79.545,49,6.16,3.5,1.9,0,350,Si,1.12,0.61,1.752053844,707.7408061,0.472244668,180000,5,0,0,0,0,0,0,1
https://doi.org/10.1016/j.ceramint.2022.11.343,In,49,Al,13,CuO,37,18.5,1369,79.545,49,6.16,3.5,1.9,0,350,Si,1.12,0.61,1.724815763,718.9173631,0.490920822,180000,5,0,0,0,0,0,0,1
https://doi.org/10.1016/j.ceramint.2022.11.343,In,49,Al,13,CuO,37,18.5,1369,79.545,49,6.16,3.5,1.9,0,350,Si,1.12,0.61,1.702116928,728.5045931,0.506094044,180000,5,0,0,0,0,0,0,1
https://doi.org/10.1016/j.ceramint.2022.11.343,In,49,Al,13,CuO,37,18.5,1369,79.545,49,6.16,3.5,1.9,0,350,Si,1.12,0.61,1.680007773,738.0918231,0.522493471,180000,5,0,0,0,0,0,0,1
https://doi.org/10.1016/j.ceramint.2022.11.343,In,49,Al,13,CuO,37,18.5,1369,79.545,49,6.16,3.5,1.9,0,350,Si,1.12,0.61,1.658590717,747.6226577,0.541797675,180000,5,0,0,0,0,0,0,1
https://doi.org/10.1016/j.ceramint.2022.11.343,In,49,Al,13,CuO,37,18.5,1369,79.545,49,6.16,3.5,1.9,0,350,Si,1.12,0.61,1.638031939,757.0059964,0.551846023,180000,5,0,0,0,0,0,0,1
https://doi.org/10.1016/j.ceramint.2022.11.343,In,49,Al,13,CuO,37,18.5,1369,79.545,49,6.16,3.5,1.9,0,350,Si,1.12,0.61,1.621767904,764.5976944,0.575122298,180000,5,0,0,0,0,0,0,1
https://doi.org/10.1016/j.ceramint.2022.11.343,In,49,Al,13,CuO,37,18.5,1369,79.545,49,6.16,3.5,1.9,0,350,Si,1.12,0.61,1.607539566,771.3651509,0.590430188,180000,5,0,0,0,0,0,0,1
https://doi.org/10.1016/j.ceramint.2022.11.343,In,49,Al,13,CuO,37,18.5,1369,79.545,49,6.16,3.5,1.9,0,350,Si,1.12,0.61,1.595871947,777.004698,0.605860291,180000,5,0,0,0,0,0,0,1
https://doi.org/10.1016/j.ceramint.2022.11.343,In,49,Al,13,CuO,37,18.5,1369,79.545,49,6.16,3.5,1.9,0,350,Si,1.12,0.61,1.579818957,784.9000639,0.623337563,180000,5,0,0,0,0,0,0,1
https://doi.org/10.1016/j.ceramint.2022.11.343,In,49,Al,13,CuO,37,18.5,1369,79.545,49,6.16,3.5,1.9,0,350,Si,1.12,0.61,1.558174205,795.8031883,0.63914614,180000,5,0,0,0,0,0,0,1
https://doi.org/10.1016/j.ceramint.2022.11.343,In,49,Al,13,CuO,37,18.5,1369,79.545,49,6.16,3.5,1.9,0,350,Si,1.12,0.61,1.541563424,804.3781919,0.645743398,180000,5,0,0,0,0,0,0,1
https://doi.org/10.1016/j.ceramint.2022.11.343,In,49,Al,13,CuO,37,18.5,1369,79.545,49,6.16,3.5,1.9,0,350,Si,1.12,0.61,1.51766337,817.0454823,0.644935948,180000,5,0,0,0,0,0,0,1
https://doi.org/10.1016/j.ceramint.2022.11.343,In,49,Al,13,CuO,37,18.5,1369,79.545,49,6.16,3.5,1.9,0,350,Si,1.12,0.61,1.494962064,829.4524858,0.634918628,180000,5,0,0,0,0,0,0,1
https://doi.org/10.1016/j.ceramint.2022.11.343,In,49,Al,13,CuO,37,18.5,1369,79.545,49,6.16,3.5,1.9,0,350,Si,1.12,0.61,1.475895955,840.1676253,0.620816668,180000,5,0,0,0,0,0,0,1
https://doi.org/10.1016/j.ceramint.2022.11.343,In,49,Al,13,CuO,37,18.5,1369,79.545,49,6.16,3.5,1.9,0,350,Si,1.12,0.61,1.46031046,849.1345051,0.597158279,180000,5,0,0,0,0,0,0,1
https://doi.org/10.1016/j.ceramint.2022.11.343,In,49,Al,13,CuO,37,18.5,1369,79.545,49,6.16,3.5,1.9,0,350,Si,1.12,0.61,1.445335659,857.9321986,0.572939292,180000,5,0,0,0,0,0,0,1
https://doi.org/10.1016/j.ceramint.2022.11.343,In,49,Al,13,CuO,37,18.5,1369,79.545,49,6.16,3.5,1.9,0,350,Si,1.12,0.61,1.439186416,861.5979042,0.558943289,180000,5,0,0,0,0,0,0,1
https://doi.org/10.1016/j.ceramint.2022.11.343,In,49,Al,13,CuO,37,18.5,1369,79.545,49,6.16,3.5,1.9,0,350,Si,1.12,0.61,1.434491719,864.4176777,0.544345437,180000,5,0,0,0,0,0,0,1
https://doi.org/10.1016/j.ceramint.2022.11.343,In,49,Al,13,CuO,37,18.5,1369,79.545,49,6.16,3.5,1.9,0,350,Si,1.12,0.61,1.427970364,868.3653607,0.527514692,180000,5,0,0,0,0,0,0,1
https://doi.org/10.1016/j.ceramint.2022.11.343,In,49,Al,13,CuO,37,18.5,1369,79.545,49,6.16,3.5,1.9,0,350,Si,1.12,0.61,1.420720746,872.7964334,0.505876079,180000,5,0,0,0,0,0,0,1
https://doi.org/10.1016/j.ceramint.2022.11.343,In,49,Al,13,CuO,37,18.5,1369,79.545,49,6.16,3.5,1.9,0,350,Si,1.12,0.61,1.416015269,875.6967719,0.488752188,180000,5,0,0,0,0,0,0,1
https://doi.org/10.1016/j.ceramint.2022.11.343,In,49,Al,13,CuO,37,18.5,1369,79.545,49,6.16,3.5,1.9,0,350,Si,1.12,0.61,1.410564789,879.0805001,0.471596596,180000,5,0,0,0,0,0,0,1
https://doi.org/10.1016/j.ceramint.2022.11.343,In,49,Al,13,CuO,37,18.5,1369,79.545,49,6.16,3.5,1.9,0,350,Si,1.12,0.61,1.405156107,882.4642284,0.453741465,180000,5,0,0,0,0,0,0,1
https://doi.org/10.1016/j.ceramint.2022.11.343,In,49,Al,13,CuO,37,18.5,1369,79.545,49,6.16,3.5,1.9,0,350,Si,1.12,0.61,1.398898169,886.4119113,0.434227141,180000,5,0,0,0,0,0,0,1
https://doi.org/10.1016/j.ceramint.2022.11.343,In,49,Al,13,CuO,37,18.5,1369,79.545,49,6.16,3.5,1.9,0,350,Si,1.12,0.61,1.392443731,890.5207242,0.41322219,180000,5,0,0,0,0,0,0,1
https://doi.org/10.1016/j.ceramint.2022.11.343,In,49,Al,13,CuO,37,18.5,1369,79.545,49,6.16,3.5,1.9,0,350,Si,1.12,0.61,1.385092294,895.2472018,0.393726382,180000,5,0,0,0,0,0,0,1
https://doi.org/10.1016/j.ceramint.2022.11.343,In,49,Al,13,CuO,37,18.5,1369,79.545,49,6.16,3.5,1.9,0,350,Si,1.12,0.61,1.373858381,902.567555,0.373549624,180000,5,0,0,0,0,0,0,1
https://doi.org/10.1016/j.ceramint.2022.11.343,In,49,Al,13,CuO,37,18.5,1369,79.545,49,6.16,3.5,1.9,0,350,Si,1.12,0.61,1.354934187,915.1736015,0.367206442,180000,5,0,0,0,0,0,0,1
https://doi.org/10.1016/j.ceramint.2022.11.343,In,49,Al,13,CuO,37,18.5,1369,79.545,49,6.16,3.5,1.9,0,350,Si,1.12,0.61,1.336811047,927.580605,0.369721628,180000,5,0,0,0,0,0,0,1
https://doi.org/10.1016/j.ceramint.2022.11.343,In,49,Al,13,CuO,37,18.5,1369,79.545,49,6.16,3.5,1.9,0,350,Si,1.12,0.61,1.319166326,939.9876086,0.378190575,180000,5,0,0,0,0,0,0,1
https://doi.org/10.1016/j.ceramint.2022.11.343,In,49,Al,13,CuO,37,18.5,1369,79.545,49,6.16,3.5,1.9,0,350,Si,1.12,0.61,1.301981326,952.3946122,0.384426862,180000,5,0,0,0,0,0,0,1
https://doi.org/10.1016/j.ceramint.2022.11.343,In,49,Al,13,CuO,37,18.5,1369,79.545,49,6.16,3.5,1.9,0,350,Si,1.12,0.61,1.292035404,959.7260234,0.386813574,180000,5,0,0,0,0,0,0,1
https://doi.org/10.1016/j.ijleo.2021.167708,Au,79,Au,79,Ga2O3,86,17.2,7396,187.443,200,5.89,4.8,4.9,2.4,1930,Si,1.1,0.61,4.881889764,254,9.186798386,1374.040514,20.10235578,0,0,0,0,0,0,1
https://doi.org/10.1016/j.ijleo.2021.167708,Au,79,Au,79,Ga2O3,86,17.2,7396,187.443,200,5.89,4.8,4.9,2.4,1930,Si,1.1,0.61,4.881889764,254,9.177695271,1374.040514,19.64831372,0,0,0,0,0,0,1
https://doi.org/10.1016/j.ijleo.2021.167708,Au,79,Au,79,Ga2O3,86,17.2,7396,187.443,200,5.89,4.8,4.9,2.4,1930,Si,1.1,0.61,4.881889764,254,9.171525002,1374.040514,19.18028719,0,0,0,0,0,0,1
https://doi.org/10.1016/j.ijleo.2021.167708,Au,79,Au,79,Ga2O3,86,17.2,7396,187.443,200,5.89,4.8,4.9,2.4,1930,Si,1.1,0.61,4.881889764,254,9.174624755,1374.040514,18.71920632,0,0,0,0,0,0,1
https://doi.org/10.1016/j.ijleo.2021.167708,Au,79,Au,79,Ga2O3,86,17.2,7396,187.443,200,5.89,4.8,4.9,2.4,1930,Si,1.1,0.61,4.881889764,254,9.185343921,1374.040514,18.25809239,0,0,0,0,0,0,1
https://doi.org/10.1016/j.ijleo.2021.167708,Au,79,Au,79,Ga2O3,86,17.2,7396,187.443,200,5.89,4.8,4.9,2.4,1930,Si,1.1,0.61,4.881889764,254,9.185414541,1374.040514,17.76209531,0,0,0,0,0,0,1
https://doi.org/10.1016/j.ijleo.2021.167708,Au,79,Au,79,Ga2O3,86,17.2,7396,187.443,200,5.89,4.8,4.9,2.4,1930,Si,1.1,0.61,4.881889764,254,9.194333056,1374.040514,16.83293589,0,0,0,0,0,0,1
https://doi.org/10.1016/j.ijleo.2021.167708,Au,79,Au,79,Ga2O3,86,17.2,7396,187.443,200,5.89,4.8,4.9,2.4,1930,Si,1.1,0.61,4.881889764,254,9.176017616,1374.040514,16.09378328,0,0,0,0,0,0,1
https://doi.org/10.1016/j.ijleo.2021.167708,Au,79,Au,79,Ga2O3,86,17.2,7396,187.443,200,5.89,4.8,4.9,2.4,1930,Si,1.1,0.61,4.881889764,254,9.117885597,1374.040514,15.28240439,0,0,0,0,0,0,1
https://doi.org/10.1016/j.ijleo.2021.167708,Au,79,Au,79,Ga2O3,86,17.2,7396,187.443,200,5.89,4.8,4.9,2.4,1930,Si,1.1,0.61,4.881889764,254,9.086351655,1374.040514,14.82147378,0,0,0,0,0,0,1
https://doi.org/10.1016/j.ijleo.2021.167708,Au,79,Au,79,Ga2O3,86,17.2,7396,187.443,200,5.89,4.8,4.9,2.4,1930,Si,1.1,0.61,4.881889764,254,9.070749213,1374.040514,14.36047404,0,0,0,0,0,0,1
https://doi.org/10.1016/j.ijleo.2021.167708,Au,79,Au,79,Ga2O3,86,17.2,7396,187.443,200,5.89,4.8,4.9,2.4,1930,Si,1.1,0.61,4.881889764,254,9.073848966,1374.040514,13.89939317,0,0,0,0,0,0,1
https://doi.org/10.1016/j.ijleo.2021.167708,Au,79,Au,79,Ga2O3,86,17.2,7396,187.443,200,5.89,4.8,4.9,2.4,1930,Si,1.1,0.61,4.881889764,254,9.039544328,1374.040514,13.43847457,0,0,0,0,0,0,1
https://doi.org/10.1016/j.ijleo.2021.167708,Au,79,Au,79,Ga2O3,86,17.2,7396,187.443,200,5.89,4.8,4.9,2.4,1930,Si,1.1,0.61,4.881889764,254,9.011335221,1374.040514,12.97752952,0,0,0,0,0,0,1
https://doi.org/10.1016/j.ijleo.2021.167708,Au,79,Au,79,Ga2O3,86,17.2,7396,187.443,200,5.89,4.8,4.9,2.4,1930,Si,1.1,0.61,4.881889764,254,9.016651531,1374.040514,12.51643903,0,0,0,0,0,0,1
https://doi.org/10.1016/j.ijleo.2021.167708,Au,79,Au,79,Ga2O3,86,17.2,7396,187.443,200,5.89,4.8,4.9,2.4,1930,Si,1.1,0.61,4.881889764,254,8.983732241,1374.040514,12.05551442,0,0,0,0,0,0,1
https://doi.org/10.1016/j.ijleo.2021.167708,Au,79,Au,79,Ga2O3,86,17.2,7396,187.443,200,5.89,4.8,4.9,2.4,1930,Si,1.1,0.61,4.881889764,254,8.995226721,1374.040514,11.69918518,0,0,0,0,0,0,1
https://doi.org/10.1016/j.ijleo.2021.167708,Au,79,Au,79,Ga2O3,86,17.2,7396,187.443,200,5.89,4.8,4.9,2.4,1930,Si,1.1,0.61,4.881889764,254,8.984555136,1374.040514,11.04954556,0,0,0,0,0,0,1
https://doi.org/10.1016/j.ijleo.2021.167708,Au,79,Au,79,Ga2O3,86,17.2,7396,187.443,200,5.89,4.8,4.9,2.4,1930,Si,1.1,0.61,4.881889764,254,8.926864114,1374.040514,10.35819471,0,0,0,0,0,0,1
https://doi.org/10.1016/j.ijleo.2021.167708,Au,79,Au,79,Ga2O3,86,17.2,7396,187.443,200,5.89,4.8,4.9,2.4,1930,Si,1.1,0.61,4.881889764,254,8.858997348,1374.040514,9.645930393,0,0,0,0,0,0,1
https://doi.org/10.1016/j.ijleo.2021.167708,Au,79,Au,79,Ga2O3,86,17.2,7396,187.443,200,5.89,4.8,4.9,2.4,1930,Si,1.1,0.61,4.881889764,254,8.736936987,1374.040514,8.871028359,0,0,0,0,0,0,1
https://doi.org/10.1016/j.ijleo.2021.167708,Au,79,Au,79,Ga2O3,86,17.2,7396,187.443,200,5.89,4.8,4.9,2.4,1930,Si,1.1,0.61,4.881889764,254,8.628978024,1374.040514,8.410429303,0,0,0,0,0,0,1
https://doi.org/10.1016/j.ijleo.2021.167708,Au,79,Au,79,Ga2O3,86,17.2,7396,187.443,200,5.89,4.8,4.9,2.4,1930,Si,1.1,0.61,4.881889764,254,8.554221381,1374.040514,8.037708164,0,0,0,0,0,0,1
https://doi.org/10.1016/j.ijleo.2021.167708,Au,79,Au,79,Ga2O3,86,17.2,7396,187.443,200,5.89,4.8,4.9,2.4,1930,Si,1.1,0.61,4.881889764,254,8.48659889,1374.040514,7.58563958,0,0,0,0,0,0,1
https://doi.org/10.1016/j.ijleo.2021.167708,Au,79,Au,79,Ga2O3,86,17.2,7396,187.443,200,5.89,4.8,4.9,2.4,1930,Si,1.1,0.61,4.881889764,254,8.348305125,1374.040514,6.680225941,0,0,0,0,0,0,1
https://doi.org/10.1016/j.ijleo.2021.167708,Au,79,Au,79,Ga2O3,86,17.2,7396,187.443,200,5.89,4.8,4.9,2.4,1930,Si,1.1,0.61,4.881889764,254,8.057221544,1374.040514,6.275233563,0,0,0,0,0,0,1
https://doi.org/10.1016/j.ijleo.2021.167708,Au,79,Au,79,Ga2O3,86,17.2,7396,187.443,200,5.89,4.8,4.9,2.4,1930,Si,1.1,0.61,4.881889764,254,7.734005776,1374.040514,5.731737935,0,0,0,0,0,0,1
https://doi.org/10.1016/j.ijleo.2021.167708,Au,79,Au,79,Ga2O3,86,17.2,7396,187.443,200,5.89,4.8,4.9,2.4,1930,Si,1.1,0.61,4.881889764,254,7.705253308,1374.040514,5.267571001,0,0,0,0,0,0,1
https://doi.org/10.1016/j.ijleo.2021.167708,Au,79,Au,79,Ga2O3,86,17.2,7396,187.443,200,5.89,4.8,4.9,2.4,1930,Si,1.1,0.61,4.881889764,254,7.339312372,1374.040514,5.020891524,0,0,0,0,0,0,1
https://doi.org/10.1016/j.ijleo.2021.167708,Au,79,Au,79,Ga2O3,86,17.2,7396,187.443,200,5.89,4.8,4.9,2.4,1930,Si,1.1,0.61,4.881889764,254,6.935119369,1374.040514,4.268171105,0,0,0,0,0,0,1
https://doi.org/10.1016/j.ijleo.2021.167708,Au,79,Au,79,Ga2O3,86,17.2,7396,187.443,200,5.89,4.8,4.9,2.4,1930,Si,1.1,0.61,4.881889764,254,6.545076847,1374.040514,3.599219736,0,0,0,0,0,0,1
https://doi.org/10.1016/j.ijleo.2021.167708,Au,79,Au,79,Ga2O3,86,17.2,7396,187.443,200,5.89,4.8,4.9,2.4,1930,Si,1.1,0.61,4.881889764,254,6.326932273,1374.040514,2.562764426,0,0,0,0,0,0,1
https://doi.org/10.1016/j.ijleo.2021.167708,Au,79,Au,79,Ga2O3,86,17.2,7396,187.443,200,5.89,4.8,4.9,2.4,1930,Si,1.1,0.61,4.881889764,254,6.218844868,1374.040514,2.217432783,0,0,0,0,0,0,1
https://doi.org/10.1016/j.ijleo.2021.167708,Au,79,Au,79,Ga2O3,86,17.2,7396,187.443,200,5.89,4.8,4.9,2.4,1930,Si,1.1,0.61,4.881889764,254,6.058330967,1374.040514,2.128310827,0,0,0,0,0,0,1
https://doi.org/10.1016/j.ijleo.2021.167708,Au,79,Au,79,Ga2O3,86,17.2,7396,187.443,200,5.89,4.8,4.9,2.4,1930,Si,1.1,0.61,4.881889764,254,5.699099092,1374.040514,1.704130435,0,0,0,0,0,0,1
https://doi.org/10.1016/j.ijleo.2021.167708,Au,79,Au,79,Ga2O3,86,17.2,7396,187.443,200,5.89,4.8,4.9,2.4,1930,Si,1.1,0.61,4.881889764,254,5.481442808,1374.040514,1.51053878,0,0,0,0,0,0,1
https://doi.org/10.1016/j.ijleo.2021.167708,Au,79,Au,79,Ga2O3,86,17.2,7396,187.443,200,5.89,4.8,4.9,2.4,1930,Si,1.1,0.61,4.881889764,254,4.87765134,1374.040514,1.032859153,0,0,0,0,0,0,1
https://doi.org/10.1016/j.ijleo.2021.167708,Au,79,Au,79,Ga2O3,86,17.2,7396,187.443,200,5.89,4.8,4.9,2.4,1930,Si,1.1,0.61,4.881889764,254,4.58743352,1374.040514,0.896321946,0,0,0,0,0,0,1
https://doi.org/10.1016/j.ijleo.2021.167708,Au,79,Au,79,Ga2O3,86,17.2,7396,187.443,200,5.89,4.8,4.9,2.4,1930,Si,1.1,0.61,4.881889764,254,2.29423047,1374.040514,0.348274403,0,0,0,0,0,0,1
https://doi.org/10.1016/j.ijleo.2021.167708,Au,79,Au,79,Ga2O3,86,17.2,7396,187.443,200,5.89,4.8,4.9,2.4,1930,Si,1.1,0.61,4.881889764,254,1.973078465,1374.040514,0.307752468,0,0,0,0,0,0,1
https://doi.org/10.1016/j.mssp.2022.106991,Graphene,6,Cu,29,SnS,66,33,4356,150.777,55,4.9,5,1.03,0.9,10,Si,1.12,0.61,3.306666667,375,0.018318789,1950,4.836061479,0,0,0,0,0,0,1
https://doi.org/10.1016/j.mssp.2022.106991,Graphene,6,Cu,29,SnS,66,33,4356,150.777,55,4.9,5,1.03,0.9,10,Si,1.12,0.61,3.306666667,375,0.018479346,1950,4.618004462,0,0,0,0,0,0,1
https://doi.org/10.1016/j.mssp.2022.106991,Graphene,6,Cu,29,SnS,66,33,4356,150.777,55,4.9,5,1.03,0.9,10,Si,1.12,0.61,3.306666667,375,0.01914409,1950,4.399967085,0,0,0,0,0,0,1
https://doi.org/10.1016/j.mssp.2022.106991,Graphene,6,Cu,29,SnS,66,33,4356,150.777,55,4.9,5,1.03,0.9,10,Si,1.12,0.61,3.306666667,375,0.01957727,1950,4.181907613,0,0,0,0,0,0,1
https://doi.org/10.1016/j.mssp.2022.106991,Graphene,6,Cu,29,SnS,66,33,4356,150.777,55,4.9,5,1.03,0.9,10,Si,1.12,0.61,3.306666667,375,0.019941149,1950,3.963865325,0,0,0,0,0,0,1
https://doi.org/10.1016/j.mssp.2022.106991,Graphene,6,Cu,29,SnS,66,33,4356,150.777,55,4.9,5,1.03,0.9,10,Si,1.12,0.61,3.306666667,375,0.020554157,1950,3.745827948,0,0,0,0,0,0,1
https://doi.org/10.1016/j.mssp.2022.106991,Graphene,6,Cu,29,SnS,66,33,4356,150.777,55,4.9,5,1.03,0.9,10,Si,1.12,0.61,3.306666667,375,0.020993354,1950,3.527788116,0,0,0,0,0,0,1
https://doi.org/10.1016/j.mssp.2022.106991,Graphene,6,Cu,29,SnS,66,33,4356,150.777,55,4.9,5,1.03,0.9,10,Si,1.12,0.61,3.306666667,375,0.021097276,1950,3.309709003,0,0,0,0,0,0,1
https://doi.org/10.1016/j.mssp.2022.106991,Graphene,6,Cu,29,SnS,66,33,4356,150.777,55,4.9,5,1.03,0.9,10,Si,1.12,0.61,3.306666667,375,0.021584307,1950,3.091661806,0,0,0,0,0,0,1
https://doi.org/10.1016/j.mssp.2022.106991,Graphene,6,Cu,29,SnS,66,33,4356,150.777,55,4.9,5,1.03,0.9,10,Si,1.12,0.61,3.306666667,375,0.021916254,1950,2.873624429,0,0,0,0,0,0,1
https://doi.org/10.1016/j.mssp.2022.106991,Graphene,6,Cu,29,SnS,66,33,4356,150.777,55,4.9,5,1.03,0.9,10,Si,1.12,0.61,3.306666667,375,0.022372294,1950,2.655584597,0,0,0,0,0,0,1
https://doi.org/10.1016/j.mssp.2022.106991,Graphene,6,Cu,29,SnS,66,33,4356,150.777,55,4.9,5,1.03,0.9,10,Si,1.12,0.61,3.306666667,375,0.022795572,1950,2.437520214,0,0,0,0,0,0,1
https://doi.org/10.1016/j.mssp.2022.106991,Graphene,6,Cu,29,SnS,66,33,4356,150.777,55,4.9,5,1.03,0.9,10,Si,1.12,0.61,3.306666667,375,0.023078484,1950,2.219458287,0,0,0,0,0,0,1
https://doi.org/10.1016/j.mssp.2022.106991,Graphene,6,Cu,29,SnS,66,33,4356,150.777,55,4.9,5,1.03,0.9,10,Si,1.12,0.61,3.306666667,375,0.023651944,1950,2.00142091,0,0,0,0,0,0,1
https://doi.org/10.1016/j.mssp.2022.106991,Graphene,6,Cu,29,SnS,66,33,4356,150.777,55,4.9,5,1.03,0.9,10,Si,1.12,0.61,3.306666667,375,0.02418216,1950,1.783356528,0,0,0,0,0,0,1
https://doi.org/10.1016/j.mssp.2022.106991,Graphene,6,Cu,29,SnS,66,33,4356,150.777,55,4.9,5,1.03,0.9,10,Si,1.12,0.61,3.306666667,375,0.025062197,1950,1.565292145,0,0,0,0,0,0,1
https://doi.org/10.1016/j.mssp.2022.106991,Graphene,6,Cu,29,SnS,66,33,4356,150.777,55,4.9,5,1.03,0.9,10,Si,1.12,0.61,3.306666667,375,0.025996705,1950,1.347235128,0,0,0,0,0,0,1
https://doi.org/10.1016/j.mssp.2022.106991,Graphene,6,Cu,29,SnS,66,33,4356,150.777,55,4.9,5,1.03,0.9,10,Si,1.12,0.61,3.306666667,375,0.027258025,1950,1.129163381,0,0,0,0,0,0,1
https://doi.org/10.1016/j.mssp.2022.106991,Graphene,6,Cu,29,SnS,66,33,4356,150.777,55,4.9,5,1.03,0.9,10,Si,1.12,0.61,3.306666667,375,0.02877866,1950,0.911103909,0,0,0,0,0,0,1
https://doi.org/10.1016/j.mssp.2022.106991,Graphene,6,Cu,29,SnS,66,33,4356,150.777,55,4.9,5,1.03,0.9,10,Si,1.12,0.61,3.306666667,375,0.030719238,1950,0.693007612,0,0,0,0,0,0,1
https://doi.org/10.1016/j.mssp.2022.106991,Graphene,6,Cu,29,SnS,66,33,4356,150.777,55,4.9,5,1.03,0.9,10,Si,1.12,0.61,3.306666667,375,0.032088458,1950,0.47484503,0,0,0,0,0,0,1
https://doi.org/10.1016/j.mssp.2022.106991,Graphene,6,Cu,29,SnS,66,33,4356,150.777,55,4.9,5,1.03,0.9,10,Si,1.12,0.61,3.306666667,375,0.032469555,1950,0.295981909,0,0,0,0,0,0,1
https://doi.org/10.1016/j.mssp.2022.106991,Graphene,6,Cu,29,SnS,66,33,4356,150.777,55,4.9,5,1.03,0.9,10,Si,1.12,0.61,3.306666667,375,0.180208863,16977.38522,5,0,0,0,0,0,0,1
https://doi.org/10.1016/j.mssp.2022.106991,Graphene,6,Cu,29,SnS,66,33,4356,150.777,55,4.9,5,1.03,0.9,10,Si,1.12,0.61,3.306666667,375,0.107365024,28576.64091,5,0,0,0,0,0,0,1
https://doi.org/10.1016/j.mssp.2022.106991,Graphene,6,Cu,29,SnS,66,33,4356,150.777,55,4.9,5,1.03,0.9,10,Si,1.12,0.61,3.306666667,375,0.085136183,35060.82633,5,0,0,0,0,0,0,1
https://doi.org/10.1016/j.mssp.2022.106991,Graphene,6,Cu,29,SnS,66,33,4356,150.777,55,4.9,5,1.03,0.9,10,Si,1.12,0.61,3.306666667,375,0.074696098,39497.95456,5,0,0,0,0,0,0,1
https://doi.org/10.1016/j.mssp.2022.106991,Graphene,6,Cu,29,SnS,66,33,4356,150.777,55,4.9,5,1.03,0.9,10,Si,1.12,0.61,3.306666667,375,0.068885904,43594.23088,5,0,0,0,0,0,0,1
https://doi.org/10.1016/j.mssp.2022.106991,Graphene,6,Cu,29,SnS,66,33,4356,150.777,55,4.9,5,1.03,0.9,10,Si,1.12,0.61,2.330827068,532,0.205157986,26198.63351,5,0,0,0,0,0,0,1
https://doi.org/10.1016/j.mssp.2022.106991,Graphene,6,Cu,29,SnS,66,33,4356,150.777,55,4.9,5,1.03,0.9,10,Si,1.12,0.61,2.330827068,532,0.177479491,36608.43149,5,0,0,0,0,0,0,1
https://doi.org/10.1016/j.mssp.2022.106991,Graphene,6,Cu,29,SnS,66,33,4356,150.777,55,4.9,5,1.03,0.9,10,Si,1.12,0.61,2.330827068,532,0.124675777,50258.61733,5,0,0,0,0,0,0,1
https://doi.org/10.1016/j.mssp.2022.106991,Graphene,6,Cu,29,SnS,66,33,4356,150.777,55,4.9,5,1.03,0.9,10,Si,1.12,0.61,2.330827068,532,0.124782993,56745.52062,5,0,0,0,0,0,0,1
https://doi.org/10.1016/j.mssp.2022.106991,Graphene,6,Cu,29,SnS,66,33,4356,150.777,55,4.9,5,1.03,0.9,10,Si,1.12,0.61,2.330827068,532,0.133729473,61355.71547,5,0,0,0,0,0,0,1
https://doi.org/10.1016/j.mssp.2022.106991,Graphene,6,Cu,29,SnS,66,33,4356,150.777,55,4.9,5,1.03,0.9,10,Si,1.12,0.61,1.952755906,635,0.665241248,2526.255146,5,0,0,0,0,0,0,1
https://doi.org/10.1016/j.mssp.2022.106991,Graphene,6,Cu,29,SnS,66,33,4356,150.777,55,4.9,5,1.03,0.9,10,Si,1.12,0.61,1.952755906,635,0.352555867,18534.72529,5,0,0,0,0,0,0,1
https://doi.org/10.1016/j.mssp.2022.106991,Graphene,6,Cu,29,SnS,66,33,4356,150.777,55,4.9,5,1.03,0.9,10,Si,1.12,0.61,1.952755906,635,0.296315303,25014.77214,5,0,0,0,0,0,0,1
https://doi.org/10.1016/j.mssp.2022.106991,Graphene,6,Cu,29,SnS,66,33,4356,150.777,55,4.9,5,1.03,0.9,10,Si,1.12,0.61,1.952755906,635,0.274471797,32181.835,5,0,0,0,0,0,0,1
https://doi.org/10.1016/j.mssp.2022.106991,Graphene,6,Cu,29,SnS,66,33,4356,150.777,55,4.9,5,1.03,0.9,10,Si,1.12,0.61,1.952755906,635,0.244357862,37128.69222,5,0,0,0,0,0,0,1
https://doi.org/10.1016/j.mssp.2022.106991,Graphene,6,Cu,29,SnS,66,33,4356,150.777,55,4.9,5,1.03,0.9,10,Si,1.12,0.61,1.952755906,635,0.262911385,41740.05606,5,0,0,0,0,0,0,1
https://doi.org/10.1016/j.mssp.2022.106991,Graphene,6,Cu,29,SnS,66,33,4356,150.777,55,4.9,5,1.03,0.9,10,Si,1.12,0.61,1.952755906,635,0.253649254,45835.91235,5,0,0,0,0,0,0,1
https://doi.org/10.1016/j.mssp.2022.106991,Graphene,6,Cu,29,SnS,66,33,4356,150.777,55,4.9,5,1.03,0.9,10,Si,1.12,0.61,1.265306122,980,0.714866025,5263.615742,5,0,0,0,0,0,0,1
https://doi.org/10.1016/j.mssp.2022.106991,Graphene,6,Cu,29,SnS,66,33,4356,150.777,55,4.9,5,1.03,0.9,10,Si,1.12,0.61,1.265306122,980,0.579442965,13441.10397,5,0,0,0,0,0,0,1
https://doi.org/10.1016/j.mssp.2022.106991,Graphene,6,Cu,29,SnS,66,33,4356,150.777,55,4.9,5,1.03,0.9,10,Si,1.12,0.61,1.265306122,980,0.531913464,19922.21079,5,0,0,0,0,0,0,1
https://doi.org/10.1016/j.mssp.2022.106991,Graphene,6,Cu,29,SnS,66,33,4356,150.777,55,4.9,5,1.03,0.9,10,Si,1.12,0.61,1.265306122,980,0.481856631,25378.76425,5,0,0,0,0,0,0,1
https://doi.org/10.1016/j.mssp.2022.106991,Graphene,6,Cu,29,SnS,66,33,4356,150.777,55,4.9,5,1.03,0.9,10,Si,1.12,0.61,1.265306122,980,0.465091381,29815.12283,5,0,0,0,0,0,0,1
https://doi.org/10.1016/j.mssp.2022.106991,Graphene,6,Cu,29,SnS,66,33,4356,150.777,55,4.9,5,1.03,0.9,10,Si,1.12,0.61,1.265306122,980,0.461971432,34253.14178,5,0,0,0,0,0,0,1
https://doi.org/10.1016/j.mssp.2022.106991,Graphene,6,Cu,29,SnS,66,33,4356,150.777,55,4.9,5,1.03,0.9,10,Si,1.12,0.61,1.265306122,980,0.454171298,38349.17597,5,0,0,0,0,0,0,1
https://doi.org/10.1016/j.mssp.2022.106991,Graphene,6,Cu,29,SnS,66,33,4356,150.777,55,4.9,5,1.03,0.9,10,Si,1.12,0.61,1.265306122,980,0.445944748,42445.15827,5,0,0,0,0,0,0,1
https://doi.org/10.1016/j.mssp.2022.106991,Graphene,6,Cu,29,SnS,66,33,4356,150.777,55,4.9,5,1.03,0.9,10,Si,1.12,0.61,1.265306122,980,0.436763957,46370.31682,5,0,0,0,0,0,0,1
https://doi.org/10.1016/j.mssp.2022.106991,Graphene,6,Cu,29,SnS,66,33,4356,150.777,55,4.9,5,1.03,0.9,10,Si,1.12,0.61,0.8,1550,0.007934203,43074.69131,5,0,0,0,0,0,0,1
https://doi.org/10.1016/j.mssp.2022.106991,Graphene,6,Cu,29,SnS,66,33,4356,150.777,55,4.9,5,1.03,0.9,10,Si,1.12,0.61,0.8,1550,0.005575172,63047.19792,5,0,0,0,0,0,0,1
https://doi.org/10.1016/j.mssp.2022.106991,Graphene,6,Cu,29,SnS,66,33,4356,150.777,55,4.9,5,1.03,0.9,10,Si,1.12,0.61,0.8,1550,0.004709745,73972.38145,5,0,0,0,0,0,0,1
https://doi.org/10.1016/j.mssp.2022.106991,Graphene,6,Cu,29,SnS,66,33,4356,150.777,55,4.9,5,1.03,0.9,10,Si,1.12,0.61,0.8,1550,0.003415176,81483.36001,5,0,0,0,0,0,0,1
https://doi.org/10.1016/j.mssp.2022.106991,Graphene,6,Cu,29,SnS,66,33,4356,150.777,55,4.9,5,1.03,0.9,10,Si,1.12,0.61,0.8,1550,0.002772993,92579.27834,5,0,0,0,0,0,0,1
https://doi.org/10.1016/j.sna.2023.114309,Cr/Au,79,Cr/Au,79,Graphene,6,6,36,12.011,100000,1.83,4,0,0,1.5,SiC,3.26,2.3,5.159019899,240.3557312,0.018592,10,0,0,0,0,1,0,0,0
https://doi.org/10.1016/j.sna.2023.114309,Cr/Au,79,Cr/Au,79,Graphene,6,6,36,12.011,100000,1.83,4,0,0,1.5,SiC,3.26,2.3,5.059184003,245.0988142,0.021408,10,0,0,0,0,1,0,0,0
https://doi.org/10.1016/j.sna.2023.114309,Cr/Au,79,Cr/Au,79,Graphene,6,6,36,12.011,100000,1.83,4,0,0,1.5,SiC,3.26,2.3,4.958432116,250.0790514,0.02704,10,0,0,0,0,1,0,0,0
https://doi.org/10.1016/j.sna.2023.114309,Cr/Au,79,Cr/Au,79,Graphene,6,6,36,12.011,100000,1.83,4,0,0,1.5,SiC,3.26,2.3,4.857098622,255.2964427,0.037024,10,0,0,0,0,1,0,0,0
https://doi.org/10.1016/j.sna.2023.114309,Cr/Au,79,Cr/Au,79,Graphene,6,6,36,12.011,100000,1.83,4,0,0,1.5,SiC,3.26,2.3,4.768505852,260.0395257,0.050592,10,0,0,0,0,1,0,0,0
https://doi.org/10.1016/j.sna.2023.114309,Cr/Au,79,Cr/Au,79,Graphene,6,6,36,12.011,100000,1.83,4,0,0,1.5,SiC,3.26,2.3,4.674713157,265.256917,0.063392,10,0,0,0,0,1,0,0,0
https://doi.org/10.1016/j.sna.2023.114309,Cr/Au,79,Cr/Au,79,Graphene,6,6,36,12.011,100000,1.83,4,0,0,1.5,SiC,3.26,2.3,4.592592593,270,0.072864,10,0,0,0,0,1,0,0,0
https://doi.org/10.1016/j.sna.2023.114309,Cr/Au,79,Cr/Au,79,Graphene,6,6,36,12.011,100000,1.83,4,0,0,1.5,SiC,3.26,2.3,4.513307438,274.743083,0.082848,10,0,0,0,0,1,0,0,0
https://doi.org/10.1016/j.sna.2023.114309,Cr/Au,79,Cr/Au,79,Graphene,6,6,36,12.011,100000,1.83,4,0,0,1.5,SiC,3.26,2.3,4.432951815,279.7233202,0.086176,10,0,0,0,0,1,0,0,0
https://doi.org/10.1016/j.sna.2023.114309,Cr/Au,79,Cr/Au,79,Graphene,6,6,36,12.011,100000,1.83,4,0,0,1.5,SiC,3.26,2.3,4.355407469,284.7035573,0.090528,10,0,0,0,0,1,0,0,0
https://doi.org/10.1016/j.sna.2023.114309,Cr/Au,79,Cr/Au,79,Graphene,6,6,36,12.011,100000,1.83,4,0,0,1.5,SiC,3.26,2.3,4.270042194,290.3952569,0.088736,10,0,0,0,0,1,0,0,0
https://doi.org/10.1016/j.sna.2023.114309,Cr/Au,79,Cr/Au,79,Graphene,6,6,36,12.011,100000,1.83,4,0,0,1.5,SiC,3.26,2.3,4.1980463,295.3754941,0.087712,10,0,0,0,0,1,0,0,0
https://doi.org/10.1016/j.sna.2023.114309,Cr/Au,79,Cr/Au,79,Graphene,6,6,36,12.011,100000,1.83,4,0,0,1.5,SiC,3.26,2.3,4.134967708,299.8814229,0.089504,10,0,0,0,0,1,0,0,0
https://doi.org/10.1016/j.sna.2023.114309,Cr/Au,79,Cr/Au,79,Graphene,6,6,36,12.011,100000,1.83,4,0,0,1.5,SiC,3.26,2.3,4.064257029,305.0988142,0.08592,10,0,0,0,0,1,0,0,0
https://doi.org/10.1016/j.sna.2023.114309,Cr/Au,79,Cr/Au,79,Graphene,6,6,36,12.011,100000,1.83,4,0,0,1.5,SiC,3.26,2.3,3.995924087,310.3162055,0.081568,10,0,0,0,0,1,0,0,0
https://doi.org/10.1016/j.sna.2023.114309,Cr/Au,79,Cr/Au,79,Graphene,6,6,36,12.011,100000,1.83,4,0,0,1.5,SiC,3.26,2.3,3.938731952,314.8221344,0.074912,10,0,0,0,0,1,0,0,0
https://doi.org/10.1016/j.sna.2023.114309,Cr/Au,79,Cr/Au,79,Graphene,6,6,36,12.011,100000,1.83,4,0,0,1.5,SiC,3.26,2.3,3.877394637,319.8023715,0.068,10,0,0,0,0,1,0,0,0
https://doi.org/10.1016/j.sna.2023.114309,Cr/Au,79,Cr/Au,79,Graphene,6,6,36,12.011,100000,1.83,4,0,0,1.5,SiC,3.26,2.3,3.81793842,324.7826087,0.060576,10,0,0,0,0,1,0,0,0
https://doi.org/10.1016/j.sna.2023.114309,Cr/Au,79,Cr/Au,79,Graphene,6,6,36,12.011,100000,1.83,4,0,0,1.5,SiC,3.26,2.3,3.760278078,329.7628458,0.05264,10,0,0,0,0,1,0,0,0
https://doi.org/10.1016/j.sna.2023.114309,Cr/Au,79,Cr/Au,79,Graphene,6,6,36,12.011,100000,1.83,4,0,0,1.5,SiC,3.26,2.3,3.701710914,334.9802372,0.04496,10,0,0,0,0,1,0,0,0
https://doi.org/10.1016/j.sna.2023.114309,Cr/Au,79,Cr/Au,79,Graphene,6,6,36,12.011,100000,1.83,4,0,0,1.5,SiC,3.26,2.3,3.647482851,339.9604743,0.037024,10,0,0,0,0,1,0,0,0
https://doi.org/10.1016/j.sna.2023.114309,Cr/Au,79,Cr/Au,79,Graphene,6,6,36,12.011,100000,1.83,4,0,0,1.5,SiC,3.26,2.3,3.592350853,345.1778656,0.029344,10,0,0,0,0,1,0,0,0
https://doi.org/10.1016/j.sna.2023.114309,Cr/Au,79,Cr/Au,79,Graphene,6,6,36,12.011,100000,1.83,4,0,0,1.5,SiC,3.26,2.3,3.541257478,350.1581028,0.022176,10,0,0,0,0,1,0,0,0
https://doi.org/10.1016/j.sna.2023.114309,Cr/Au,79,Cr/Au,79,Graphene,6,6,36,12.011,100000,1.83,4,0,0,1.9,SiC,3.26,2.3,5.164115226,240.1185771,0.01552,10,0,0,0,0,1,0,0,0
https://doi.org/10.1016/j.sna.2023.114309,Cr/Au,79,Cr/Au,79,Graphene,6,6,36,12.011,100000,1.83,4,0,0,1.9,SiC,3.26,2.3,5.064083938,244.8616601,0.018848,10,0,0,0,0,1,0,0,0
https://doi.org/10.1016/j.sna.2023.114309,Cr/Au,79,Cr/Au,79,Graphene,6,6,36,12.011,100000,1.83,4,0,0,1.9,SiC,3.26,2.3,4.963138745,249.8418972,0.025504,10,0,0,0,0,1,0,0,0
https://doi.org/10.1016/j.sna.2023.114309,Cr/Au,79,Cr/Au,79,Graphene,6,6,36,12.011,100000,1.83,4,0,0,1.9,SiC,3.26,2.3,4.866139289,254.8221344,0.035232,10,0,0,0,0,1,0,0,0
https://doi.org/10.1016/j.sna.2023.114309,Cr/Au,79,Cr/Au,79,Graphene,6,6,36,12.011,100000,1.83,4,0,0,1.9,SiC,3.26,2.3,4.764160973,260.2766798,0.047264,10,0,0,0,0,1,0,0,0
https://doi.org/10.1016/j.sna.2023.114309,Cr/Au,79,Cr/Au,79,Graphene,6,6,36,12.011,100000,1.83,4,0,0,1.9,SiC,3.26,2.3,4.674713157,265.256917,0.058016,10,0,0,0,0,1,0,0,0
https://doi.org/10.1016/j.sna.2023.114309,Cr/Au,79,Cr/Au,79,Graphene,6,6,36,12.011,100000,1.83,4,0,0,1.9,SiC,3.26,2.3,4.592592593,270,0.06544,10,0,0,0,0,1,0,0,0
https://doi.org/10.1016/j.sna.2023.114309,Cr/Au,79,Cr/Au,79,Graphene,6,6,36,12.011,100000,1.83,4,0,0,1.9,SiC,3.26,2.3,4.505529226,275.2173913,0.073632,10,0,0,0,0,1,0,0,0
https://doi.org/10.1016/j.sna.2023.114309,Cr/Au,79,Cr/Au,79,Graphene,6,6,36,12.011,100000,1.83,4,0,0,1.9,SiC,3.26,2.3,4.425447876,280.1976285,0.07568,10,0,0,0,0,1,0,0,0
https://doi.org/10.1016/j.sna.2023.114309,Cr/Au,79,Cr/Au,79,Graphene,6,6,36,12.011,100000,1.83,4,0,0,1.9,SiC,3.26,2.3,4.355407469,284.7035573,0.079264,10,0,0,0,0,1,0,0,0
https://doi.org/10.1016/j.sna.2023.114309,Cr/Au,79,Cr/Au,79,Graphene,6,6,36,12.011,100000,1.83,4,0,0,1.9,SiC,3.26,2.3,4.270042194,290.3952569,0.078752,10,0,0,0,0,1,0,0,0
https://doi.org/10.1016/j.sna.2023.114309,Cr/Au,79,Cr/Au,79,Graphene,6,6,36,12.011,100000,1.83,4,0,0,1.9,SiC,3.26,2.3,4.20141958,295.1383399,0.080288,10,0,0,0,0,1,0,0,0
https://doi.org/10.1016/j.sna.2023.114309,Cr/Au,79,Cr/Au,79,Graphene,6,6,36,12.011,100000,1.83,4,0,0,1.9,SiC,3.26,2.3,4.13170025,300.1185771,0.083616,10,0,0,0,0,1,0,0,0
https://doi.org/10.1016/j.sna.2023.114309,Cr/Au,79,Cr/Au,79,Graphene,6,6,36,12.011,100000,1.83,4,0,0,1.9,SiC,3.26,2.3,4.067418644,304.8616601,0.0808,10,0,0,0,0,1,0,0,0
https://doi.org/10.1016/j.sna.2023.114309,Cr/Au,79,Cr/Au,79,Graphene,6,6,36,12.011,100000,1.83,4,0,0,1.9,SiC,3.26,2.3,3.995924087,310.3162055,0.077728,10,0,0,0,0,1,0,0,0
https://doi.org/10.1016/j.sna.2023.114309,Cr/Au,79,Cr/Au,79,Graphene,6,6,36,12.011,100000,1.83,4,0,0,1.9,SiC,3.26,2.3,3.935767156,315.0592885,0.069792,10,0,0,0,0,1,0,0,0
https://doi.org/10.1016/j.sna.2023.114309,Cr/Au,79,Cr/Au,79,Graphene,6,6,36,12.011,100000,1.83,4,0,0,1.9,SiC,3.26,2.3,3.871652475,320.2766798,0.063392,10,0,0,0,0,1,0,0,0
https://doi.org/10.1016/j.sna.2023.114309,Cr/Au,79,Cr/Au,79,Graphene,6,6,36,12.011,100000,1.83,4,0,0,1.9,SiC,3.26,2.3,3.815152621,325.0197628,0.056224,10,0,0,0,0,1,0,0,0
https://doi.org/10.1016/j.sna.2023.114309,Cr/Au,79,Cr/Au,79,Graphene,6,6,36,12.011,100000,1.83,4,0,0,1.9,SiC,3.26,2.3,3.754877318,330.2371542,0.049056,10,0,0,0,0,1,0,0,0
https://doi.org/10.1016/j.sna.2023.114309,Cr/Au,79,Cr/Au,79,Graphene,6,6,36,12.011,100000,1.83,4,0,0,1.9,SiC,3.26,2.3,3.699092088,335.2173913,0.040864,10,0,0,0,0,1,0,0,0
https://doi.org/10.1016/j.sna.2023.114309,Cr/Au,79,Cr/Au,79,Graphene,6,6,36,12.011,100000,1.83,4,0,0,1.9,SiC,3.26,2.3,3.644940165,340.1976285,0.032672,10,0,0,0,0,1,0,0,0
https://doi.org/10.1016/j.sna.2023.114309,Cr/Au,79,Cr/Au,79,Graphene,6,6,36,12.011,100000,1.83,4,0,0,1.9,SiC,3.26,2.3,3.592350853,345.1778656,0.025504,10,0,0,0,0,1,0,0,0
https://doi.org/10.1016/j.sna.2023.114309,Cr/Au,79,Cr/Au,79,Graphene,6,6,36,12.011,100000,1.83,4,0,0,1.9,SiC,3.26,2.3,3.541257478,350.1581028,0.019104,10,0,0,0,0,1,0,0,0
https://doi.org/10.1016/j.matpr.2023.04.322,Ag,47,Ag,47,NiO,36,18,1296,74.692,45,6.76,4,3.8,2.3,150,ZnO,3.3,0.72,1.458823529,850,0.870926274,2600,30.38759604,0,0,0,0,0,0,1
https://doi.org/10.1016/j.matpr.2023.04.322,Ag,47,Ag,47,NiO,36,18,1296,74.692,45,6.76,4,3.8,2.3,150,ZnO,3.3,0.72,1.458823529,850,0.84624473,2600,29.83029196,0,0,0,0,0,0,1
https://doi.org/10.1016/j.matpr.2023.04.322,Ag,47,Ag,47,NiO,36,18,1296,74.692,45,6.76,4,3.8,2.3,150,ZnO,3.3,0.72,1.458823529,850,0.796521927,2600,29.19228739,0,0,0,0,0,0,1
https://doi.org/10.1016/j.matpr.2023.04.322,Ag,47,Ag,47,NiO,36,18,1296,74.692,45,6.76,4,3.8,2.3,150,ZnO,3.3,0.72,1.458823529,850,0.762816913,2600,28.73377524,0,0,0,0,0,0,1
https://doi.org/10.1016/j.matpr.2023.04.322,Ag,47,Ag,47,NiO,36,18,1296,74.692,45,6.76,4,3.8,2.3,150,ZnO,3.3,0.72,1.458823529,850,0.73658563,2600,28.05189039,0,0,0,0,0,0,1
https://doi.org/10.1016/j.matpr.2023.04.322,Ag,47,Ag,47,NiO,36,18,1296,74.692,45,6.76,4,3.8,2.3,150,ZnO,3.3,0.72,1.458823529,850,0.69264558,2600,27.40354086,0,0,0,0,0,0,1
https://doi.org/10.1016/j.matpr.2023.04.322,Ag,47,Ag,47,NiO,36,18,1296,74.692,45,6.76,4,3.8,2.3,150,ZnO,3.3,0.72,1.458823529,850,0.663688703,2600,26.90659055,0,0,0,0,0,0,1
https://doi.org/10.1016/j.matpr.2023.04.322,Ag,47,Ag,47,NiO,36,18,1296,74.692,45,6.76,4,3.8,2.3,150,ZnO,3.3,0.72,1.458823529,850,0.64569311,2600,26.32315442,0,0,0,0,0,0,1
https://doi.org/10.1016/j.matpr.2023.04.322,Ag,47,Ag,47,NiO,36,18,1296,74.692,45,6.76,4,3.8,2.3,150,ZnO,3.3,0.72,1.458823529,850,0.605679021,2600,25.82366973,0,0,0,0,0,0,1
https://doi.org/10.1016/j.matpr.2023.04.322,Ag,47,Ag,47,NiO,36,18,1296,74.692,45,6.76,4,3.8,2.3,150,ZnO,3.3,0.72,1.458823529,850,0.575468754,2600,25.13770911,0,0,0,0,0,0,1
https://doi.org/10.1016/j.matpr.2023.04.322,Ag,47,Ag,47,NiO,36,18,1296,74.692,45,6.76,4,3.8,2.3,150,ZnO,3.3,0.72,1.458823529,850,0.553183386,2600,24.69639721,0,0,0,0,0,0,1
https://doi.org/10.1016/j.matpr.2023.04.322,Ag,47,Ag,47,NiO,36,18,1296,74.692,45,6.76,4,3.8,2.3,150,ZnO,3.3,0.72,1.458823529,850,0.530006216,2600,24.00313781,0,0,0,0,0,0,1
https://doi.org/10.1016/j.matpr.2023.04.322,Ag,47,Ag,47,NiO,36,18,1296,74.692,45,6.76,4,3.8,2.3,150,ZnO,3.3,0.72,1.458823529,850,0.528015372,2600,23.39812925,0,0,0,0,0,0,1
https://doi.org/10.1016/j.matpr.2023.04.322,Ag,47,Ag,47,NiO,36,18,1296,74.692,45,6.76,4,3.8,2.3,150,ZnO,3.3,0.72,1.458823529,850,0.492291697,2600,22.83843311,0,0,0,0,0,0,1
https://doi.org/10.1016/j.matpr.2023.04.322,Ag,47,Ag,47,NiO,36,18,1296,74.692,45,6.76,4,3.8,2.3,150,ZnO,3.3,0.72,1.458823529,850,0.470818437,2600,22.23223755,0,0,0,0,0,0,1
https://doi.org/10.1016/j.matpr.2023.04.322,Ag,47,Ag,47,NiO,36,18,1296,74.692,45,6.76,4,3.8,2.3,150,ZnO,3.3,0.72,1.458823529,850,0.43549448,2600,21.79356846,0,0,0,0,0,0,1
https://doi.org/10.1016/j.matpr.2023.04.322,Ag,47,Ag,47,NiO,36,18,1296,74.692,45,6.76,4,3.8,2.3,150,ZnO,3.3,0.72,1.458823529,850,0.406848139,2600,21.10412645,0,0,0,0,0,0,1
https://doi.org/10.1016/j.matpr.2023.04.322,Ag,47,Ag,47,NiO,36,18,1296,74.692,45,6.76,4,3.8,2.3,150,ZnO,3.3,0.72,1.458823529,850,0.39154073,2600,20.64580607,0,0,0,0,0,0,1
https://doi.org/10.1016/j.matpr.2023.04.322,Ag,47,Ag,47,NiO,36,18,1296,74.692,45,6.76,4,3.8,2.3,150,ZnO,3.3,0.72,1.458823529,850,0.368820019,2600,19.98772444,0,0,0,0,0,0,1
https://doi.org/10.1016/j.matpr.2023.04.322,Ag,47,Ag,47,NiO,36,18,1296,74.692,45,6.76,4,3.8,2.3,150,ZnO,3.3,0.72,1.458823529,850,0.332236949,2600,18.87527353,0,0,0,0,0,0,1
https://doi.org/10.1016/j.matpr.2023.04.322,Ag,47,Ag,47,NiO,36,18,1296,74.692,45,6.76,4,3.8,2.3,150,ZnO,3.3,0.72,1.458823529,850,0.307844464,2600,18.06622094,0,0,0,0,0,0,1
https://doi.org/10.1016/j.matpr.2023.04.322,Ag,47,Ag,47,NiO,36,18,1296,74.692,45,6.76,4,3.8,2.3,150,ZnO,3.3,0.72,1.458823529,850,0.271036818,2600,16.8631543,0,0,0,0,0,0,1
https://doi.org/10.1016/j.matpr.2023.04.322,Ag,47,Ag,47,NiO,36,18,1296,74.692,45,6.76,4,3.8,2.3,150,ZnO,3.3,0.72,1.458823529,850,0.253225941,2600,15.99255973,0,0,0,0,0,0,1
https://doi.org/10.1016/j.matpr.2023.04.322,Ag,47,Ag,47,NiO,36,18,1296,74.692,45,6.76,4,3.8,2.3,150,ZnO,3.3,0.72,1.458823529,850,0.22271462,2600,14.85986016,0,0,0,0,0,0,1
https://doi.org/10.1016/j.matpr.2023.04.322,Ag,47,Ag,47,NiO,36,18,1296,74.692,45,6.76,4,3.8,2.3,150,ZnO,3.3,0.72,1.458823529,850,0.200420735,2600,14.05080757,0,0,0,0,0,0,1
https://doi.org/10.1016/j.matpr.2023.04.322,Ag,47,Ag,47,NiO,36,18,1296,74.692,45,6.76,4,3.8,2.3,150,ZnO,3.3,0.72,1.458823529,850,0.165506597,2600,12.88910851,0,0,0,0,0,0,1
https://doi.org/10.1016/j.matpr.2023.04.322,Ag,47,Ag,47,NiO,36,18,1296,74.692,45,6.76,4,3.8,2.3,150,ZnO,3.3,0.72,1.458823529,850,0.148459503,2600,11.9568977,0,0,0,0,0,0,1
https://doi.org/10.1016/j.matpr.2023.04.322,Ag,47,Ag,47,NiO,36,18,1296,74.692,45,6.76,4,3.8,2.3,150,ZnO,3.3,0.72,1.458823529,850,0.121531881,2600,10.84150509,0,0,0,0,0,0,1
https://doi.org/10.1016/j.matpr.2023.04.322,Ag,47,Ag,47,NiO,36,18,1296,74.692,45,6.76,4,3.8,2.3,150,ZnO,3.3,0.72,1.458823529,850,0.117342374,2600,9.951642423,0,0,0,0,0,0,1
https://doi.org/10.1016/j.matpr.2023.04.322,Ag,47,Ag,47,NiO,36,18,1296,74.692,45,6.76,4,3.8,2.3,150,ZnO,3.3,0.72,1.458823529,850,0.116374474,2600,9.286819404,0,0,0,0,0,0,1
https://doi.org/10.1016/j.matpr.2023.04.322,Ag,47,Ag,47,NiO,36,18,1296,74.692,45,6.76,4,3.8,2.3,150,ZnO,3.3,0.72,1.458823529,850,0.102793992,2600,8.60728791,0,0,0,0,0,0,1
https://doi.org/10.1016/j.matpr.2023.04.322,Ag,47,Ag,47,NiO,36,18,1296,74.692,45,6.76,4,3.8,2.3,150,ZnO,3.3,0.72,1.458823529,850,0.09438744,2600,7.913047943,0,0,0,0,0,0,1
https://doi.org/10.1016/j.matpr.2023.04.322,Ag,47,Ag,47,NiO,36,18,1296,74.692,45,6.76,4,3.8,2.3,150,ZnO,3.3,0.72,1.458823529,850,0.089590488,2600,7.296272604,0,0,0,0,0,0,1
https://doi.org/10.1016/j.matpr.2023.04.322,Ag,47,Ag,47,NiO,36,18,1296,74.692,45,6.76,4,3.8,2.3,150,ZnO,3.3,0.72,1.458823529,850,0.058337405,2600,5.950937526,0,0,0,0,0,0,1
https://doi.org/10.1016/j.matpr.2023.04.322,Ag,47,Ag,47,NiO,36,18,1296,74.692,45,6.76,4,3.8,2.3,150,ZnO,3.3,0.72,1.458823529,850,0.034680289,2600,5.028422044,0,0,0,0,0,0,1
https://doi.org/10.1016/j.matpr.2023.04.322,Ag,47,Ag,47,NiO,36,18,1296,74.692,45,6.76,4,3.8,2.3,150,ZnO,3.3,0.72,1.458823529,850,0.030259616,2600,3.727016275,0,0,0,0,0,0,1
https://doi.org/10.1016/j.matpr.2023.04.322,Ag,47,Ag,47,NiO,36,18,1296,74.692,45,6.76,4,3.8,2.3,150,ZnO,3.3,0.72,1.458823529,850,0.030056026,2600,3.047484782,0,0,0,0,0,0,1
https://doi.org/10.1016/j.matpr.2023.04.322,Ag,47,Ag,47,NiO,36,18,1296,74.692,45,6.76,4,3.8,2.3,150,ZnO,3.3,0.72,1.458823529,850,0.035693049,2600,2.367953288,0,0,0,0,0,0,1
https://doi.org/10.1016/j.matpr.2023.04.322,Ag,47,Ag,47,NiO,36,18,1296,74.692,45,6.76,4,3.8,2.3,150,ZnO,3.3,0.72,1.458823529,850,0.018624047,2600,1.714161624,0,0,0,0,0,0,1
https://doi.org/10.1016/j.matpr.2023.04.322,Ag,47,Ag,47,NiO,36,18,1296,74.692,45,6.76,4,3.8,2.3,150,ZnO,3.3,0.72,1.458823529,850,0.015061268,2600,1.163329277,0,0,0,0,0,0,1
https://doi.org/10.1016/j.matpr.2023.04.322,Ag,47,Ag,47,NiO,36,18,1296,74.692,45,6.76,4,3.8,2.3,150,ZnO,3.3,0.72,1.458823529,850,0.971755166,1100,30.43466316,0,0,0,0,0,0,1
https://doi.org/10.1016/j.matpr.2023.04.322,Ag,47,Ag,47,NiO,36,18,1296,74.692,45,6.76,4,3.8,2.3,150,ZnO,3.3,0.72,1.458823529,850,0.9152632,1100,29.89670072,0,0,0,0,0,0,1
https://doi.org/10.1016/j.matpr.2023.04.322,Ag,47,Ag,47,NiO,36,18,1296,74.692,45,6.76,4,3.8,2.3,150,ZnO,3.3,0.72,1.458823529,850,0.849667882,1100,29.06227602,0,0,0,0,0,0,1
https://doi.org/10.1016/j.matpr.2023.04.322,Ag,47,Ag,47,NiO,36,18,1296,74.692,45,6.76,4,3.8,2.3,150,ZnO,3.3,0.72,1.458823529,850,0.793687122,1100,27.77831277,0,0,0,0,0,0,1
https://doi.org/10.1016/j.matpr.2023.04.322,Ag,47,Ag,47,NiO,36,18,1296,74.692,45,6.76,4,3.8,2.3,150,ZnO,3.3,0.72,1.458823529,850,0.794324882,1100,27.07818941,0,0,0,0,0,0,1
https://doi.org/10.1016/j.matpr.2023.04.322,Ag,47,Ag,47,NiO,36,18,1296,74.692,45,6.76,4,3.8,2.3,150,ZnO,3.3,0.72,1.458823529,850,0.792144559,1100,26.41924978,0,0,0,0,0,0,1
https://doi.org/10.1016/j.matpr.2023.04.322,Ag,47,Ag,47,NiO,36,18,1296,74.692,45,6.76,4,3.8,2.3,150,ZnO,3.3,0.72,1.458823529,850,0.704637839,1100,25.86915286,0,0,0,0,0,0,1
https://doi.org/10.1016/j.matpr.2023.04.322,Ag,47,Ag,47,NiO,36,18,1296,74.692,45,6.76,4,3.8,2.3,150,ZnO,3.3,0.72,1.458823529,850,0.699422107,1100,24.90133528,0,0,0,0,0,0,1
https://doi.org/10.1016/j.matpr.2023.04.322,Ag,47,Ag,47,NiO,36,18,1296,74.692,45,6.76,4,3.8,2.3,150,ZnO,3.3,0.72,1.458823529,850,0.687189672,1100,24.28455994,0,0,0,0,0,0,1
https://doi.org/10.1016/j.matpr.2023.04.322,Ag,47,Ag,47,NiO,36,18,1296,74.692,45,6.76,4,3.8,2.3,150,ZnO,3.3,0.72,1.458823529,850,0.61375468,1100,23.80408313,0,0,0,0,0,0,1
https://doi.org/10.1016/j.matpr.2023.04.322,Ag,47,Ag,47,NiO,36,18,1296,74.692,45,6.76,4,3.8,2.3,150,ZnO,3.3,0.72,1.458823529,850,0.6118685,1100,22.92549695,0,0,0,0,0,0,1
https://doi.org/10.1016/j.matpr.2023.04.322,Ag,47,Ag,47,NiO,36,18,1296,74.692,45,6.76,4,3.8,2.3,150,ZnO,3.3,0.72,1.458823529,850,0.572399701,1100,21.96454333,0,0,0,0,0,0,1
https://doi.org/10.1016/j.matpr.2023.04.322,Ag,47,Ag,47,NiO,36,18,1296,74.692,45,6.76,4,3.8,2.3,150,ZnO,3.3,0.72,1.458823529,850,0.507974234,1100,20.85209242,0,0,0,0,0,0,1
https://doi.org/10.1016/j.matpr.2023.04.322,Ag,47,Ag,47,NiO,36,18,1296,74.692,45,6.76,4,3.8,2.3,150,ZnO,3.3,0.72,1.458823529,850,0.486330025,1100,19.93498037,0,0,0,0,0,0,1
https://doi.org/10.1016/j.matpr.2023.04.322,Ag,47,Ag,47,NiO,36,18,1296,74.692,45,6.76,4,3.8,2.3,150,ZnO,3.3,0.72,1.458823529,850,0.508709627,1100,19.32226405,0,0,0,0,0,0,1
https://doi.org/10.1016/j.matpr.2023.04.322,Ag,47,Ag,47,NiO,36,18,1296,74.692,45,6.76,4,3.8,2.3,150,ZnO,3.3,0.72,1.458823529,850,0.440579428,1100,18.73848472,0,0,0,0,0,0,1
https://doi.org/10.1016/j.matpr.2023.04.322,Ag,47,Ag,47,NiO,36,18,1296,74.692,45,6.76,4,3.8,2.3,150,ZnO,3.3,0.72,1.458823529,850,0.427012236,1100,17.95011052,0,0,0,0,0,0,1
https://doi.org/10.1016/j.matpr.2023.04.322,Ag,47,Ag,47,NiO,36,18,1296,74.692,45,6.76,4,3.8,2.3,150,ZnO,3.3,0.72,1.458823529,850,0.386100913,1100,16.95085358,0,0,0,0,0,0,1
https://doi.org/10.1016/j.matpr.2023.04.322,Ag,47,Ag,47,NiO,36,18,1296,74.692,45,6.76,4,3.8,2.3,150,ZnO,3.3,0.72,1.458823529,850,0.4010211,1100,16.35703572,0,0,0,0,0,0,1
https://doi.org/10.1016/j.matpr.2023.04.322,Ag,47,Ag,47,NiO,36,18,1296,74.692,45,6.76,4,3.8,2.3,150,ZnO,3.3,0.72,1.458823529,850,0.331844386,1100,15.77325639,0,0,0,0,0,0,1
https://doi.org/10.1016/j.matpr.2023.04.322,Ag,47,Ag,47,NiO,36,18,1296,74.692,45,6.76,4,3.8,2.3,150,ZnO,3.3,0.72,1.458823529,850,0.338745001,1100,14.97017371,0,0,0,0,0,0,1
https://doi.org/10.1016/j.matpr.2023.04.322,Ag,47,Ag,47,NiO,36,18,1296,74.692,45,6.76,4,3.8,2.3,150,ZnO,3.3,0.72,1.458823529,850,0.343233677,1100,14.32965838,0,0,0,0,0,0,1
https://doi.org/10.1016/j.matpr.2023.04.322,Ag,47,Ag,47,NiO,36,18,1296,74.692,45,6.76,4,3.8,2.3,150,ZnO,3.3,0.72,1.458823529,850,0.289769593,1100,13.8106934,0,0,0,0,0,0,1
https://doi.org/10.1016/j.matpr.2023.04.322,Ag,47,Ag,47,NiO,36,18,1296,74.692,45,6.76,4,3.8,2.3,150,ZnO,3.3,0.72,1.458823529,850,0.241779054,1100,12.93157923,0,0,0,0,0,0,1
https://doi.org/10.1016/j.matpr.2023.04.322,Ag,47,Ag,47,NiO,36,18,1296,74.692,45,6.76,4,3.8,2.3,150,ZnO,3.3,0.72,1.458823529,850,0.246130652,1100,12.37559892,0,0,0,0,0,0,1
https://doi.org/10.1016/j.matpr.2023.04.322,Ag,47,Ag,47,NiO,36,18,1296,74.692,45,6.76,4,3.8,2.3,150,ZnO,3.3,0.72,1.458823529,850,0.206903976,1100,11.81961861,0,0,0,0,0,0,1
https://doi.org/10.1016/j.matpr.2023.04.322,Ag,47,Ag,47,NiO,36,18,1296,74.692,45,6.76,4,3.8,2.3,150,ZnO,3.3,0.72,1.458823529,850,0.167902112,1100,11.14008711,0,0,0,0,0,0,1
https://doi.org/10.1016/j.matpr.2023.04.322,Ag,47,Ag,47,NiO,36,18,1296,74.692,45,6.76,4,3.8,2.3,150,ZnO,3.3,0.72,1.458823529,850,0.182784625,1100,10.46055562,0,0,0,0,0,0,1
https://doi.org/10.1016/j.matpr.2023.04.322,Ag,47,Ag,47,NiO,36,18,1296,74.692,45,6.76,4,3.8,2.3,150,ZnO,3.3,0.72,1.458823529,850,0.150017318,1100,9.781024126,0,0,0,0,0,0,1
https://doi.org/10.1016/j.matpr.2023.04.322,Ag,47,Ag,47,NiO,36,18,1296,74.692,45,6.76,4,3.8,2.3,150,ZnO,3.3,0.72,1.458823529,850,0.114578057,1100,9.101492633,0,0,0,0,0,0,1
https://doi.org/10.1016/j.matpr.2023.04.322,Ag,47,Ag,47,NiO,36,18,1296,74.692,45,6.76,4,3.8,2.3,150,ZnO,3.3,0.72,1.458823529,850,0.126343293,1100,8.421961139,0,0,0,0,0,0,1
https://doi.org/10.1038/srep04891,Au/Cr,79,Au/Cr,79,MoO3,66,16.5,4356,143.947,3000,4.42,6,3.2,3.027,150,Si,1.12,0.61,2.952380952,420,59.2,5600,0.1,0,0,0,0,0,1,0
https://doi.org/10.1038/srep04891,Au/Cr,79,Au/Cr,79,MoO3,66,16.5,4356,143.947,3000,4.42,6,3.2,3.027,150,Si,1.12,0.61,2.924528302,424,59.10258374,5600,0.1,0,0,0,0,0,1,0
https://doi.org/10.1038/srep04891,Au/Cr,79,Au/Cr,79,MoO3,66,16.5,4356,143.947,3000,4.42,6,3.2,3.027,150,Si,1.12,0.61,2.897196262,428,58.99600419,5600,0.1,0,0,0,0,0,1,0
https://doi.org/10.1038/srep04891,Au/Cr,79,Au/Cr,79,MoO3,66,16.5,4356,143.947,3000,4.42,6,3.2,3.027,150,Si,1.12,0.61,2.87037037,432,58.88108827,5600,0.1,0,0,0,0,0,1,0
https://doi.org/10.1038/srep04891,Au/Cr,79,Au/Cr,79,MoO3,66,16.5,4356,143.947,3000,4.42,6,3.2,3.027,150,Si,1.12,0.61,2.844036697,436,58.75866292,5600,0.1,0,0,0,0,0,1,0
https://doi.org/10.1038/srep04891,Au/Cr,79,Au/Cr,79,MoO3,66,16.5,4356,143.947,3000,4.42,6,3.2,3.027,150,Si,1.12,0.61,2.818181818,440,58.62955503,5600,0.1,0,0,0,0,0,1,0
https://doi.org/10.1038/srep04891,Au/Cr,79,Au/Cr,79,MoO3,66,16.5,4356,143.947,3000,4.42,6,3.2,3.027,150,Si,1.12,0.61,2.792792793,444,58.49459154,5600,0.1,0,0,0,0,0,1,0
https://doi.org/10.1038/srep04891,Au/Cr,79,Au/Cr,79,MoO3,66,16.5,4356,143.947,3000,4.42,6,3.2,3.027,150,Si,1.12,0.61,2.767857143,448,58.35459937,5600,0.1,0,0,0,0,0,1,0
https://doi.org/10.1038/srep04891,Au/Cr,79,Au/Cr,79,MoO3,66,16.5,4356,143.947,3000,4.42,6,3.2,3.027,150,Si,1.12,0.61,2.743362832,452,58.21040542,5600,0.1,0,0,0,0,0,1,0
https://doi.org/10.1038/srep04891,Au/Cr,79,Au/Cr,79,MoO3,66,16.5,4356,143.947,3000,4.42,6,3.2,3.027,150,Si,1.12,0.61,2.719298246,456,58.06283663,5600,0.1,0,0,0,0,0,1,0
https://doi.org/10.1038/srep04891,Au/Cr,79,Au/Cr,79,MoO3,66,16.5,4356,143.947,3000,4.42,6,3.2,3.027,150,Si,1.12,0.61,2.695652174,460,57.91271991,5600,0.1,0,0,0,0,0,1,0
https://doi.org/10.1038/srep04891,Au/Cr,79,Au/Cr,79,MoO3,66,16.5,4356,143.947,3000,4.42,6,3.2,3.027,150,Si,1.12,0.61,2.672413793,464,57.76088219,5600,0.1,0,0,0,0,0,1,0
https://doi.org/10.1038/srep04891,Au/Cr,79,Au/Cr,79,MoO3,66,16.5,4356,143.947,3000,4.42,6,3.2,3.027,150,Si,1.12,0.61,2.64957265,468,57.60815037,5600,0.1,0,0,0,0,0,1,0
https://doi.org/10.1038/srep04891,Au/Cr,79,Au/Cr,79,MoO3,66,16.5,4356,143.947,3000,4.42,6,3.2,3.027,150,Si,1.12,0.61,2.627118644,472,57.45535138,5600,0.1,0,0,0,0,0,1,0
https://doi.org/10.1038/srep04891,Au/Cr,79,Au/Cr,79,MoO3,66,16.5,4356,143.947,3000,4.42,6,3.2,3.027,150,Si,1.12,0.61,2.605042017,476,57.30331215,5600,0.1,0,0,0,0,0,1,0
https://doi.org/10.1038/srep04891,Au/Cr,79,Au/Cr,79,MoO3,66,16.5,4356,143.947,3000,4.42,6,3.2,3.027,150,Si,1.12,0.61,2.583333333,480,57.15285958,5600,0.1,0,0,0,0,0,1,0
https://doi.org/10.1038/srep04891,Au/Cr,79,Au/Cr,79,MoO3,66,16.5,4356,143.947,3000,4.42,6,3.2,3.027,150,Si,1.12,0.61,2.561983471,484,57.00482061,5600,0.1,0,0,0,0,0,1,0
https://doi.org/10.1038/srep04891,Au/Cr,79,Au/Cr,79,MoO3,66,16.5,4356,143.947,3000,4.42,6,3.2,3.027,150,Si,1.12,0.61,2.540983607,488,56.86002214,5600,0.1,0,0,0,0,0,1,0
https://doi.org/10.1038/srep04891,Au/Cr,79,Au/Cr,79,MoO3,66,16.5,4356,143.947,3000,4.42,6,3.2,3.027,150,Si,1.12,0.61,2.520325203,492,56.7192911,5600,0.1,0,0,0,0,0,1,0
https://doi.org/10.1038/srep04891,Au/Cr,79,Au/Cr,79,MoO3,66,16.5,4356,143.947,3000,4.42,6,3.2,3.027,150,Si,1.12,0.61,2.5,496,56.58345441,5600,0.1,0,0,0,0,0,1,0
https://doi.org/10.1038/srep04891,Au/Cr,79,Au/Cr,79,MoO3,66,16.5,4356,143.947,3000,4.42,6,3.2,3.027,150,Si,1.12,0.61,2.48,500,56.45333899,5600,0.1,0,0,0,0,0,1,0
https://doi.org/10.1038/srep04891,Au/Cr,79,Au/Cr,79,MoO3,66,16.5,4356,143.947,3000,4.42,6,3.2,3.027,150,Si,1.12,0.61,2.46031746,504,56.32977175,5600,0.1,0,0,0,0,0,1,0
https://doi.org/10.1038/srep04891,Au/Cr,79,Au/Cr,79,MoO3,66,16.5,4356,143.947,3000,4.42,6,3.2,3.027,150,Si,1.12,0.61,2.440944882,508,56.21345783,5600,0.1,0,0,0,0,0,1,0
https://doi.org/10.1038/srep04891,Au/Cr,79,Au/Cr,79,MoO3,66,16.5,4356,143.947,3000,4.42,6,3.2,3.027,150,Si,1.12,0.61,2.421875,512,56.10404235,5600,0.1,0,0,0,0,0,1,0
https://doi.org/10.1038/srep04891,Au/Cr,79,Au/Cr,79,MoO3,66,16.5,4356,143.947,3000,4.42,6,3.2,3.027,150,Si,1.12,0.61,2.403100775,516,56.00062464,5600,0.1,0,0,0,0,0,1,0
https://doi.org/10.1038/srep04891,Au/Cr,79,Au/Cr,79,MoO3,66,16.5,4356,143.947,3000,4.42,6,3.2,3.027,150,Si,1.12,0.61,2.384615385,520,55.90229951,5600,0.1,0,0,0,0,0,1,0
https://doi.org/10.1038/srep04891,Au/Cr,79,Au/Cr,79,MoO3,66,16.5,4356,143.947,3000,4.42,6,3.2,3.027,150,Si,1.12,0.61,2.366412214,524,55.80816178,5600,0.1,0,0,0,0,0,1,0
https://doi.org/10.1038/srep04891,Au/Cr,79,Au/Cr,79,MoO3,66,16.5,4356,143.947,3000,4.42,6,3.2,3.027,150,Si,1.12,0.61,2.348484848,528,55.71730626,5600,0.1,0,0,0,0,0,1,0
https://doi.org/10.1038/srep04891,Au/Cr,79,Au/Cr,79,MoO3,66,16.5,4356,143.947,3000,4.42,6,3.2,3.027,150,Si,1.12,0.61,2.330827068,532,55.62882778,5600,0.1,0,0,0,0,0,1,0
https://doi.org/10.1038/srep04891,Au/Cr,79,Au/Cr,79,MoO3,66,16.5,4356,143.947,3000,4.42,6,3.2,3.027,150,Si,1.12,0.61,2.313432836,536,55.54182115,5600,0.1,0,0,0,0,0,1,0
https://doi.org/10.1038/srep04891,Au/Cr,79,Au/Cr,79,MoO3,66,16.5,4356,143.947,3000,4.42,6,3.2,3.027,150,Si,1.12,0.61,2.296296296,540,55.45538119,5600,0.1,0,0,0,0,0,1,0
https://doi.org/10.1038/srep04891,Au/Cr,79,Au/Cr,79,MoO3,66,16.5,4356,143.947,3000,4.42,6,3.2,3.027,150,Si,1.12,0.61,2.279411765,544,55.36860272,5600,0.1,0,0,0,0,0,1,0
https://doi.org/10.1038/srep04891,Au/Cr,79,Au/Cr,79,MoO3,66,16.5,4356,143.947,3000,4.42,6,3.2,3.027,150,Si,1.12,0.61,2.262773723,548,55.28058054,5600,0.1,0,0,0,0,0,1,0
https://doi.org/10.1038/srep04891,Au/Cr,79,Au/Cr,79,MoO3,66,16.5,4356,143.947,3000,4.42,6,3.2,3.027,150,Si,1.12,0.61,2.246376812,552,55.19040949,5600,0.1,0,0,0,0,0,1,0
https://doi.org/10.1038/srep04891,Au/Cr,79,Au/Cr,79,MoO3,66,16.5,4356,143.947,3000,4.42,6,3.2,3.027,150,Si,1.12,0.61,2.230215827,556,55.09718437,5600,0.1,0,0,0,0,0,1,0
https://doi.org/10.1038/srep04891,Au/Cr,79,Au/Cr,79,MoO3,66,16.5,4356,143.947,3000,4.42,6,3.2,3.027,150,Si,1.12,0.61,2.214285714,560,55,5600,0.1,0,0,0,0,0,1,0
https://doi.org/10.1038/srep04891,Au/Cr,79,Au/Cr,79,MoO3,66,16.5,4356,143.947,3000,4.42,6,3.2,3.027,150,Si,1.12,0.61,2.19858156,564,54.89829835,5600,0.1,0,0,0,0,0,1,0
https://doi.org/10.1038/srep04891,Au/Cr,79,Au/Cr,79,MoO3,66,16.5,4356,143.947,3000,4.42,6,3.2,3.027,150,Si,1.12,0.61,2.183098592,568,54.79290993,5600,0.1,0,0,0,0,0,1,0
https://doi.org/10.1038/srep04891,Au/Cr,79,Au/Cr,79,MoO3,66,16.5,4356,143.947,3000,4.42,6,3.2,3.027,150,Si,1.12,0.61,2.167832168,572,54.68501243,5600,0.1,0,0,0,0,0,1,0
https://doi.org/10.1038/srep04891,Au/Cr,79,Au/Cr,79,MoO3,66,16.5,4356,143.947,3000,4.42,6,3.2,3.027,150,Si,1.12,0.61,2.152777778,576,54.57578351,5600,0.1,0,0,0,0,0,1,0
https://doi.org/10.1038/srep04891,Au/Cr,79,Au/Cr,79,MoO3,66,16.5,4356,143.947,3000,4.42,6,3.2,3.027,150,Si,1.12,0.61,2.137931034,580,54.46640084,5600,0.1,0,0,0,0,0,1,0
https://doi.org/10.1038/srep04891,Au/Cr,79,Au/Cr,79,MoO3,66,16.5,4356,143.947,3000,4.42,6,3.2,3.027,150,Si,1.12,0.61,2.123287671,584,54.3580421,5600,0.1,0,0,0,0,0,1,0
https://doi.org/10.1038/srep04891,Au/Cr,79,Au/Cr,79,MoO3,66,16.5,4356,143.947,3000,4.42,6,3.2,3.027,150,Si,1.12,0.61,2.108843537,588,54.25188495,5600,0.1,0,0,0,0,0,1,0
https://doi.org/10.1038/srep04891,Au/Cr,79,Au/Cr,79,MoO3,66,16.5,4356,143.947,3000,4.42,6,3.2,3.027,150,Si,1.12,0.61,2.094594595,592,54.14907057,5600,0.1,0,0,0,0,0,1,0
https://doi.org/10.1038/srep04891,Au/Cr,79,Au/Cr,79,MoO3,66,16.5,4356,143.947,3000,4.42,6,3.2,3.027,150,Si,1.12,0.61,2.080536913,596,54.04990048,5600,0.1,0,0,0,0,0,1,0
https://doi.org/10.1038/srep04891,Au/Cr,79,Au/Cr,79,MoO3,66,16.5,4356,143.947,3000,4.42,6,3.2,3.027,150,Si,1.12,0.61,2.066666667,600,53.95383662,5600,0.1,0,0,0,0,0,1,0
https://doi.org/10.1038/srep04891,Au/Cr,79,Au/Cr,79,MoO3,66,16.5,4356,143.947,3000,4.42,6,3.2,3.027,150,Si,1.12,0.61,2.052980132,604,53.86030438,5600,0.1,0,0,0,0,0,1,0
https://doi.org/10.1038/srep04891,Au/Cr,79,Au/Cr,79,MoO3,66,16.5,4356,143.947,3000,4.42,6,3.2,3.027,150,Si,1.12,0.61,2.039473684,608,53.76872919,5600,0.1,0,0,0,0,0,1,0
https://doi.org/10.1038/srep04891,Au/Cr,79,Au/Cr,79,MoO3,66,16.5,4356,143.947,3000,4.42,6,3.2,3.027,150,Si,1.12,0.61,2.026143791,612,53.67853645,5600,0.1,0,0,0,0,0,1,0
https://doi.org/10.1038/srep04891,Au/Cr,79,Au/Cr,79,MoO3,66,16.5,4356,143.947,3000,4.42,6,3.2,3.027,150,Si,1.12,0.61,2.012987013,616,53.58915159,5600,0.1,0,0,0,0,0,1,0
https://doi.org/10.1038/srep04891,Au/Cr,79,Au/Cr,79,MoO3,66,16.5,4356,143.947,3000,4.42,6,3.2,3.027,150,Si,1.12,0.61,2,620,53.5,5600,0.1,0,0,0,0,0,1,0
https://doi.org/10.1038/srep04891,Au/Cr,79,Au/Cr,79,MoO3,66,16.5,4356,143.947,3000,4.42,6,3.2,3.027,150,Si,1.12,0.61,1.987179487,624,53.4105071,5600,0.1,0,0,0,0,0,1,0
https://doi.org/10.1038/srep04891,Au/Cr,79,Au/Cr,79,MoO3,66,16.5,4356,143.947,3000,4.42,6,3.2,3.027,150,Si,1.12,0.61,1.974522293,628,53.32009831,5600,0.1,0,0,0,0,0,1,0
https://doi.org/10.1038/srep04891,Au/Cr,79,Au/Cr,79,MoO3,66,16.5,4356,143.947,3000,4.42,6,3.2,3.027,150,Si,1.12,0.61,1.962025316,632,53.22819904,5600,0.1,0,0,0,0,0,1,0
https://doi.org/10.1038/srep04891,Au/Cr,79,Au/Cr,79,MoO3,66,16.5,4356,143.947,3000,4.42,6,3.2,3.027,150,Si,1.12,0.61,1.949685535,636,53.13423469,5600,0.1,0,0,0,0,0,1,0
https://doi.org/10.1038/srep04891,Au/Cr,79,Au/Cr,79,MoO3,66,16.5,4356,143.947,3000,4.42,6,3.2,3.027,150,Si,1.12,0.61,1.9375,640,53.03763068,5600,0.1,0,0,0,0,0,1,0
https://doi.org/10.1038/srep04891,Au/Cr,79,Au/Cr,79,MoO3,66,16.5,4356,143.947,3000,4.42,6,3.2,3.027,150,Si,1.12,0.61,1.925465839,644,52.93781243,5600,0.1,0,0,0,0,0,1,0
https://doi.org/10.1038/srep04891,Au/Cr,79,Au/Cr,79,MoO3,66,16.5,4356,143.947,3000,4.42,6,3.2,3.027,150,Si,1.12,0.61,1.913580247,648,52.83420534,5600,0.1,0,0,0,0,0,1,0
https://doi.org/10.1038/srep04891,Au/Cr,79,Au/Cr,79,MoO3,66,16.5,4356,143.947,3000,4.42,6,3.2,3.027,150,Si,1.12,0.61,1.901840491,652,52.72623483,5600,0.1,0,0,0,0,0,1,0
https://doi.org/10.1038/srep04891,Au/Cr,79,Au/Cr,79,MoO3,66,16.5,4356,143.947,3000,4.42,6,3.2,3.027,150,Si,1.12,0.61,1.890243902,656,52.6133263,5600,0.1,0,0,0,0,0,1,0
https://doi.org/10.1038/srep04891,Au/Cr,79,Au/Cr,79,MoO3,66,16.5,4356,143.947,3000,4.42,6,3.2,3.027,150,Si,1.12,0.61,1.878787879,660,52.49490518,5600,0.1,0,0,0,0,0,1,0
https://doi.org/10.1038/srep04891,Au/Cr,79,Au/Cr,79,MoO3,66,16.5,4356,143.947,3000,4.42,6,3.2,3.027,150,Si,1.12,0.61,1.86746988,664,52.37039687,5600,0.1,0,0,0,0,0,1,0
https://doi.org/10.1038/srep04891,Au/Cr,79,Au/Cr,79,MoO3,66,16.5,4356,143.947,3000,4.42,6,3.2,3.027,150,Si,1.12,0.61,1.856287425,668,52.23922678,5600,0.1,0,0,0,0,0,1,0
https://doi.org/10.1038/srep04891,Au/Cr,79,Au/Cr,79,MoO3,66,16.5,4356,143.947,3000,4.42,6,3.2,3.027,150,Si,1.12,0.61,1.845238095,672,52.10082034,5600,0.1,0,0,0,0,0,1,0
https://doi.org/10.1038/srep04891,Au/Cr,79,Au/Cr,79,MoO3,66,16.5,4356,143.947,3000,4.42,6,3.2,3.027,150,Si,1.12,0.61,1.834319527,676,51.95460294,5600,0.1,0,0,0,0,0,1,0
https://doi.org/10.1038/srep04891,Au/Cr,79,Au/Cr,79,MoO3,66,16.5,4356,143.947,3000,4.42,6,3.2,3.027,150,Si,1.12,0.61,1.823529412,680,51.8,5600,0.1,0,0,0,0,0,1,0
https://doi.org/10.1088/2053-1583/aac65e,Au/Cr,79,Au/Cr,79,MoO3,66,16.5,4356,143.947,3000,4.42,6,3.2,3.027,150,Si,1.12,0.61,4.881889764,254,67.9,1500,2,0,0,0,0,0,1,0
https://doi.org/10.1021/acsnano.0c09912,Au/Cr,79,Au/Cr,79,ReS2,107,35.66,11449,250.339,19,7.11,4.66,1.41,1.32,7.8,Si,1.12,0.61,1.962025316,632,18,1000,1,0,0,0,0,0,0,1
https://doi.org/10.1021/acsnano.0c09912,Au/Cr,79,Au/Cr,79,ReS2,107,35.66,11449,250.339,19,7.11,4.66,1.41,1.32,7.8,Si,1.12,0.61,1.962025316,632,17.7099759,1200,1,0,0,0,0,0,0,1
https://doi.org/10.1021/acsnano.0c09912,Au/Cr,79,Au/Cr,79,ReS2,107,35.66,11449,250.339,19,7.11,4.66,1.41,1.32,7.8,Si,1.12,0.61,1.962025316,632,17.4301499,1400,1,0,0,0,0,0,0,1
https://doi.org/10.1021/acsnano.0c09912,Au/Cr,79,Au/Cr,79,ReS2,107,35.66,11449,250.339,19,7.11,4.66,1.41,1.32,7.8,Si,1.12,0.61,1.962025316,632,17.1603604,1600,1,0,0,0,0,0,0,1
https://doi.org/10.1021/acsnano.0c09912,Au/Cr,79,Au/Cr,79,ReS2,107,35.66,11449,250.339,19,7.11,4.66,1.41,1.32,7.8,Si,1.12,0.61,1.962025316,632,16.9004459,1800,1,0,0,0,0,0,0,1
https://doi.org/10.1021/acsnano.0c09912,Au/Cr,79,Au/Cr,79,ReS2,107,35.66,11449,250.339,19,7.11,4.66,1.41,1.32,7.8,Si,1.12,0.61,1.962025316,632,16.6502448,2000,1,0,0,0,0,0,0,1
https://doi.org/10.1021/acsnano.0c09912,Au/Cr,79,Au/Cr,79,ReS2,107,35.66,11449,250.339,19,7.11,4.66,1.41,1.32,7.8,Si,1.12,0.61,1.962025316,632,16.4095956,2200,1,0,0,0,0,0,0,1
https://doi.org/10.1021/acsnano.0c09912,Au/Cr,79,Au/Cr,79,ReS2,107,35.66,11449,250.339,19,7.11,4.66,1.41,1.32,7.8,Si,1.12,0.61,1.962025316,632,16.1783366,2400,1,0,0,0,0,0,0,1
https://doi.org/10.1021/acsnano.0c09912,Au/Cr,79,Au/Cr,79,ReS2,107,35.66,11449,250.339,19,7.11,4.66,1.41,1.32,7.8,Si,1.12,0.61,1.962025316,632,15.9563065,2600,1,0,0,0,0,0,0,1
https://doi.org/10.1021/acsnano.0c09912,Au/Cr,79,Au/Cr,79,ReS2,107,35.66,11449,250.339,19,7.11,4.66,1.41,1.32,7.8,Si,1.12,0.61,1.962025316,632,15.7433435,2800,1,0,0,0,0,0,0,1
https://doi.org/10.1021/acsnano.0c09912,Au/Cr,79,Au/Cr,79,ReS2,107,35.66,11449,250.339,19,7.11,4.66,1.41,1.32,7.8,Si,1.12,0.61,1.962025316,632,15.5392861,3000,1,0,0,0,0,0,0,1
https://doi.org/10.1021/acsnano.0c09912,Au/Cr,79,Au/Cr,79,ReS2,107,35.66,11449,250.339,19,7.11,4.66,1.41,1.32,7.8,Si,1.12,0.61,1.962025316,632,15.3439728,3200,1,0,0,0,0,0,0,1
https://doi.org/10.1021/acsnano.0c09912,Au/Cr,79,Au/Cr,79,ReS2,107,35.66,11449,250.339,19,7.11,4.66,1.41,1.32,7.8,Si,1.12,0.61,1.962025316,632,15.157242,3400,1,0,0,0,0,0,0,1
https://doi.org/10.1021/acsnano.0c09912,Au/Cr,79,Au/Cr,79,ReS2,107,35.66,11449,250.339,19,7.11,4.66,1.41,1.32,7.8,Si,1.12,0.61,1.962025316,632,14.9789322,3600,1,0,0,0,0,0,0,1
https://doi.org/10.1021/acsnano.0c09912,Au/Cr,79,Au/Cr,79,ReS2,107,35.66,11449,250.339,19,7.11,4.66,1.41,1.32,7.8,Si,1.12,0.61,1.962025316,632,14.8088817,3800,1,0,0,0,0,0,0,1
https://doi.org/10.1021/acsnano.0c09912,Au/Cr,79,Au/Cr,79,ReS2,107,35.66,11449,250.339,19,7.11,4.66,1.41,1.32,7.8,Si,1.12,0.61,1.962025316,632,14.6469291,4000,1,0,0,0,0,0,0,1
https://doi.org/10.1021/acsnano.0c09912,Au/Cr,79,Au/Cr,79,ReS2,107,35.66,11449,250.339,19,7.11,4.66,1.41,1.32,7.8,Si,1.12,0.61,1.962025316,632,14.4929128,4200,1,0,0,0,0,0,0,1
https://doi.org/10.1021/acsnano.0c09912,Au/Cr,79,Au/Cr,79,ReS2,107,35.66,11449,250.339,19,7.11,4.66,1.41,1.32,7.8,Si,1.12,0.61,1.962025316,632,14.3466712,4400,1,0,0,0,0,0,0,1
https://doi.org/10.1021/acsnano.0c09912,Au/Cr,79,Au/Cr,79,ReS2,107,35.66,11449,250.339,19,7.11,4.66,1.41,1.32,7.8,Si,1.12,0.61,1.962025316,632,14.2080428,4600,1,0,0,0,0,0,0,1
https://doi.org/10.1021/acsnano.0c09912,Au/Cr,79,Au/Cr,79,ReS2,107,35.66,11449,250.339,19,7.11,4.66,1.41,1.32,7.8,Si,1.12,0.61,1.962025316,632,14.076866,4800,1,0,0,0,0,0,0,1
https://doi.org/10.1021/acsnano.0c09912,Au/Cr,79,Au/Cr,79,ReS2,107,35.66,11449,250.339,19,7.11,4.66,1.41,1.32,7.8,Si,1.12,0.61,1.962025316,632,13.9529792,5000,1,0,0,0,0,0,0,1
https://doi.org/10.1021/acsnano.0c09912,Au/Cr,79,Au/Cr,79,ReS2,107,35.66,11449,250.339,19,7.11,4.66,1.41,1.32,7.8,Si,1.12,0.61,1.962025316,632,13.8362209,5200,1,0,0,0,0,0,0,1
https://doi.org/10.1021/acsnano.0c09912,Au/Cr,79,Au/Cr,79,ReS2,107,35.66,11449,250.339,19,7.11,4.66,1.41,1.32,7.8,Si,1.12,0.61,1.962025316,632,13.7264296,5400,1,0,0,0,0,0,0,1
https://doi.org/10.1021/acsnano.0c09912,Au/Cr,79,Au/Cr,79,ReS2,107,35.66,11449,250.339,19,7.11,4.66,1.41,1.32,7.8,Si,1.12,0.61,1.962025316,632,13.6234436,5600,1,0,0,0,0,0,0,1
https://doi.org/10.1021/acsnano.0c09912,Au/Cr,79,Au/Cr,79,ReS2,107,35.66,11449,250.339,19,7.11,4.66,1.41,1.32,7.8,Si,1.12,0.61,1.962025316,632,13.5271015,5800,1,0,0,0,0,0,0,1
https://doi.org/10.1021/acsnano.0c09912,Au/Cr,79,Au/Cr,79,ReS2,107,35.66,11449,250.339,19,7.11,4.66,1.41,1.32,7.8,Si,1.12,0.61,1.962025316,632,13.4372416,6000,1,0,0,0,0,0,0,1
https://doi.org/10.1021/acsnano.0c09912,Au/Cr,79,Au/Cr,79,ReS2,107,35.66,11449,250.339,19,7.11,4.66,1.41,1.32,7.8,Si,1.12,0.61,1.962025316,632,13.3537024,6200,1,0,0,0,0,0,0,1
https://doi.org/10.1021/acsnano.0c09912,Au/Cr,79,Au/Cr,79,ReS2,107,35.66,11449,250.339,19,7.11,4.66,1.41,1.32,7.8,Si,1.12,0.61,1.962025316,632,13.2763224,6400,1,0,0,0,0,0,0,1
https://doi.org/10.1021/acsnano.0c09912,Au/Cr,79,Au/Cr,79,ReS2,107,35.66,11449,250.339,19,7.11,4.66,1.41,1.32,7.8,Si,1.12,0.61,1.962025316,632,13.20494,6600,1,0,0,0,0,0,0,1
https://doi.org/10.1021/acsnano.0c09912,Au/Cr,79,Au/Cr,79,ReS2,107,35.66,11449,250.339,19,7.11,4.66,1.41,1.32,7.8,Si,1.12,0.61,1.962025316,632,13.1393936,6800,1,0,0,0,0,0,0,1
https://doi.org/10.1021/acsnano.0c09912,Au/Cr,79,Au/Cr,79,ReS2,107,35.66,11449,250.339,19,7.11,4.66,1.41,1.32,7.8,Si,1.12,0.61,1.962025316,632,13.0795217,7000,1,0,0,0,0,0,0,1
https://doi.org/10.1021/acsnano.0c09912,Au/Cr,79,Au/Cr,79,ReS2,107,35.66,11449,250.339,19,7.11,4.66,1.41,1.32,7.8,Si,1.12,0.61,1.962025316,632,13.0251626,7200,1,0,0,0,0,0,0,1
https://doi.org/10.1021/acsnano.0c09912,Au/Cr,79,Au/Cr,79,ReS2,107,35.66,11449,250.339,19,7.11,4.66,1.41,1.32,7.8,Si,1.12,0.61,1.962025316,632,13,7300,1,0,0,0,0,0,0,1
https://doi.org/10.1021/acsnano.0c09912,Au/Cr,79,Au/Cr,79,ReS2,107,35.66,11449,250.339,19,7.11,4.66,1.41,1.32,7.8,Si,1.12,0.61,1.962025316,632,12.976155,7400,1,0,0,0,0,0,0,1
https://doi.org/10.1021/acsnano.0c09912,Au/Cr,79,Au/Cr,79,ReS2,107,35.66,11449,250.339,19,7.11,4.66,1.41,1.32,7.8,Si,1.12,0.61,1.962025316,632,12.9323371,7600,1,0,0,0,0,0,0,1
https://doi.org/10.1021/acsnano.0c09912,Au/Cr,79,Au/Cr,79,ReS2,107,35.66,11449,250.339,19,7.11,4.66,1.41,1.32,7.8,Si,1.12,0.61,1.962025316,632,12.8935475,7800,1,0,0,0,0,0,0,1
https://doi.org/10.1021/acsnano.0c09912,Au/Cr,79,Au/Cr,79,ReS2,107,35.66,11449,250.339,19,7.11,4.66,1.41,1.32,7.8,Si,1.12,0.61,1.962025316,632,12.8596246,8000,1,0,0,0,0,0,0,1
https://doi.org/10.1021/acsnano.0c09912,Au/Cr,79,Au/Cr,79,ReS2,107,35.66,11449,250.339,19,7.11,4.66,1.41,1.32,7.8,Si,1.12,0.61,1.962025316,632,12.8304068,8200,1,0,0,0,0,0,0,1
https://doi.org/10.1021/acsnano.0c09912,Au/Cr,79,Au/Cr,79,ReS2,107,35.66,11449,250.339,19,7.11,4.66,1.41,1.32,7.8,Si,1.12,0.61,1.962025316,632,12.8057326,8400,1,0,0,0,0,0,0,1
https://doi.org/10.1021/acsnano.0c09912,Au/Cr,79,Au/Cr,79,ReS2,107,35.66,11449,250.339,19,7.11,4.66,1.41,1.32,7.8,Si,1.12,0.61,1.962025316,632,12.7854404,8600,1,0,0,0,0,0,0,1
https://doi.org/10.1021/acsnano.0c09912,Au/Cr,79,Au/Cr,79,ReS2,107,35.66,11449,250.339,19,7.11,4.66,1.41,1.32,7.8,Si,1.12,0.61,1.962025316,632,12.7693686,8800,1,0,0,0,0,0,0,1
https://doi.org/10.1021/acsnano.0c09912,Au/Cr,79,Au/Cr,79,ReS2,107,35.66,11449,250.339,19,7.11,4.66,1.41,1.32,7.8,Si,1.12,0.61,1.962025316,632,12.7573558,9000,1,0,0,0,0,0,0,1
https://doi.org/10.1021/acsnano.0c09912,Au/Cr,79,Au/Cr,79,ReS2,107,35.66,11449,250.339,19,7.11,4.66,1.41,1.32,7.8,Si,1.12,0.61,1.962025316,632,12.7492403,9200,1,0,0,0,0,0,0,1
https://doi.org/10.1021/acsnano.0c09912,Au/Cr,79,Au/Cr,79,ReS2,107,35.66,11449,250.339,19,7.11,4.66,1.41,1.32,7.8,Si,1.12,0.61,1.962025316,632,12.7448605,9400,1,0,0,0,0,0,0,1
https://doi.org/10.1021/acsnano.0c09912,Au/Cr,79,Au/Cr,79,ReS2,107,35.66,11449,250.339,19,7.11,4.66,1.41,1.32,7.8,Si,1.12,0.61,1.962025316,632,12.744055,9600,1,0,0,0,0,0,0,1
https://doi.org/10.1021/acsnano.0c09912,Au/Cr,79,Au/Cr,79,ReS2,107,35.66,11449,250.339,19,7.11,4.66,1.41,1.32,7.8,Si,1.12,0.61,1.962025316,632,12.7466622,9800,1,0,0,0,0,0,0,1
https://doi.org/10.1021/acsnano.0c09912,Au/Cr,79,Au/Cr,79,ReS2,107,35.66,11449,250.339,19,7.11,4.66,1.41,1.32,7.8,Si,1.12,0.61,1.962025316,632,12.7525204,10000,1,0,0,0,0,0,0,1
https://doi.org/10.1021/acsnano.0c09912,Au/Cr,79,Au/Cr,79,ReS2,107,35.66,11449,250.339,19,7.11,4.66,1.41,1.32,7.8,Si,1.12,0.61,1.962025316,632,12.7670502,10300,1,0,0,0,0,0,0,1
https://doi.org/10.1021/acsnano.0c09912,Au/Cr,79,Au/Cr,79,ReS2,107,35.66,11449,250.339,19,7.11,4.66,1.41,1.32,7.8,Si,1.12,0.61,1.962025316,632,12.8147833,10900,1,0,0,0,0,0,0,1
https://doi.org/10.1021/acsnano.0c09912,Au/Cr,79,Au/Cr,79,ReS2,107,35.66,11449,250.339,19,7.11,4.66,1.41,1.32,7.8,Si,1.12,0.61,1.962025316,632,12.8837792,11500,1,0,0,0,0,0,0,1
https://doi.org/10.1021/acsnano.0c09912,Au/Cr,79,Au/Cr,79,ReS2,107,35.66,11449,250.339,19,7.11,4.66,1.41,1.32,7.8,Si,1.12,0.61,1.962025316,632,13.017599,12400,1,0,0,0,0,0,0,1
https://doi.org/10.1021/acsnano.0c09912,Au/Cr,79,Au/Cr,79,ReS2,107,35.66,11449,250.339,19,7.11,4.66,1.41,1.32,7.8,Si,1.12,0.61,1.962025316,632,13.1206682,13000,1,0,0,0,0,0,0,1
https://doi.org/10.1021/acsnano.0c09912,Au/Cr,79,Au/Cr,79,ReS2,107,35.66,11449,250.339,19,7.11,4.66,1.41,1.32,7.8,Si,1.12,0.61,1.962025316,632,13.229733,13600,1,0,0,0,0,0,0,1
https://doi.org/10.1021/acsnano.0c09912,Au/Cr,79,Au/Cr,79,ReS2,107,35.66,11449,250.339,19,7.11,4.66,1.41,1.32,7.8,Si,1.12,0.61,1.962025316,632,13.3404314,14200,1,0,0,0,0,0,0,1
https://doi.org/10.1021/acsnano.0c09912,Au/Cr,79,Au/Cr,79,ReS2,107,35.66,11449,250.339,19,7.11,4.66,1.41,1.32,7.8,Si,1.12,0.61,1.962025316,632,13.4484013,14800,1,0,0,0,0,0,0,1
https://doi.org/10.1021/acsnano.0c09912,Au/Cr,79,Au/Cr,79,ReS2,107,35.66,11449,250.339,19,7.11,4.66,1.41,1.32,7.8,Si,1.12,0.61,1.962025316,632,13.5493692,15400,1,0,0,0,0,0,0,1
https://doi.org/10.1021/acsnano.0c09912,Au/Cr,79,Au/Cr,79,ReS2,107,35.66,11449,250.339,19,7.11,4.66,1.41,1.32,7.8,Si,1.12,0.61,1.962025316,632,13.6410941,16000,1,0,0,0,0,0,0,1
https://doi.org/10.1021/acsnano.0c09912,Au/Cr,79,Au/Cr,79,ReS2,107,35.66,11449,250.339,19,7.11,4.66,1.41,1.32,7.8,Si,1.12,0.61,1.962025316,632,13.7609236,16900,1,0,0,0,0,0,0,1
https://doi.org/10.1021/acsnano.0c09912,Au/Cr,79,Au/Cr,79,ReS2,107,35.66,11449,250.339,19,7.11,4.66,1.41,1.32,7.8,Si,1.12,0.61,1.962025316,632,13.859085,17800,1,0,0,0,0,0,0,1
https://doi.org/10.1021/acsnano.0c09912,Au/Cr,79,Au/Cr,79,ReS2,107,35.66,11449,250.339,19,7.11,4.66,1.41,1.32,7.8,Si,1.12,0.61,1.962025316,632,13.9351747,18700,1,0,0,0,0,0,0,1
https://doi.org/10.1021/acsnano.0c09912,Au/Cr,79,Au/Cr,79,ReS2,107,35.66,11449,250.339,19,7.11,4.66,1.41,1.32,7.8,Si,1.12,0.61,1.962025316,632,13.9734398,19300,1,0,0,0,0,0,0,1
https://doi.org/10.1021/acsnano.0c09912,Au/Cr,79,Au/Cr,79,ReS2,107,35.66,11449,250.339,19,7.11,4.66,1.41,1.32,7.8,Si,1.12,0.61,1.962025316,632,13.9887891,19600,1,0,0,0,0,0,0,1
https://doi.org/10.1021/acsnano.0c09912,Au/Cr,79,Au/Cr,79,ReS2,107,35.66,11449,250.339,19,7.11,4.66,1.41,1.32,7.8,Si,1.12,0.61,1.962025316,632,14.0015963,19900,1,0,0,0,0,0,0,1
https://doi.org/10.1021/acsnano.0c09912,Au/Cr,79,Au/Cr,79,ReS2,107,35.66,11449,250.339,19,7.11,4.66,1.41,1.32,7.8,Si,1.12,0.61,1.962025316,632,14.0195246,20500,1,0,0,0,0,0,0,1
https://doi.org/10.1021/acsnano.0c09912,Au/Cr,79,Au/Cr,79,ReS2,107,35.66,11449,250.339,19,7.11,4.66,1.41,1.32,7.8,Si,1.12,0.61,1.962025316,632,14.0242182,21700,1,0,0,0,0,0,0,1
https://doi.org/10.1021/acsnano.0c09912,Au/Cr,79,Au/Cr,79,ReS2,107,35.66,11449,250.339,19,7.11,4.66,1.41,1.32,7.8,Si,1.12,0.61,1.962025316,632,14.0107444,22300,1,0,0,0,0,0,0,1
https://doi.org/10.1021/acsnano.0c09912,Au/Cr,79,Au/Cr,79,ReS2,107,35.66,11449,250.339,19,7.11,4.66,1.41,1.32,7.8,Si,1.12,0.61,1.962025316,632,14,22600,1,0,0,0,0,0,0,1
https://doi.org/10.1021/acsomega.2c05049,Au/Ti,79,Au/Ti,79,ReS2,107,35.66,11449,250.339,19,7.11,4.66,1.41,1.32,5,GaN,1.12,0.61,3.397260274,365,40.12,1500,10,0,0,0,0,0,0,1
https://doi.org/10.1016/j.carbon.2016.04.060,Ni,28,Ni,28,CH3NH3PbI3,260,21.66,67600,605.971,7000,4.28,3.33,1.5,1.57,300,SiO2,8.9,5.72,2.40776699,515,54.7,0,0.4,0,0,1,0,0,0,0
https://doi.org/10.1016/j.carbon.2016.04.060,Ni,28,Ni,28,CH3NH3PbI3,260,21.66,67600,605.971,7000,4.28,3.33,1.5,1.57,300,SiO2,8.9,5.72,2.40776699,515,68.07,0,0.5,0,0,1,0,0,0,0
https://doi.org/10.1016/j.carbon.2016.04.060,Ni,28,Ni,28,CH3NH3PbI3,260,21.66,67600,605.971,7000,4.28,3.33,1.5,1.57,300,SiO2,8.9,5.72,2.40776699,515,76.17,0,0.6,0,0,1,0,0,0,0
https://doi.org/10.1016/j.carbon.2016.04.060,Ni,28,Ni,28,CH3NH3PbI3,260,21.66,67600,605.971,7000,4.28,3.33,1.5,1.57,300,SiO2,8.9,5.72,2.40776699,515,93.02,0,0.7,0,0,1,0,0,0,0
https://doi.org/10.1016/j.carbon.2016.04.060,Ni,28,Ni,28,CH3NH3PbI3,260,21.66,67600,605.971,7000,4.28,3.33,1.5,1.57,300,SiO2,8.9,5.72,2.40776699,515,103.12,0,0.8,0,0,1,0,0,0,0
https://doi.org/10.1016/j.carbon.2016.04.060,Ni,28,Ni,28,CH3NH3PbI3,260,21.66,67600,605.971,7000,4.28,3.33,1.5,1.57,300,SiO2,8.9,5.72,2.40776699,515,110.11,0,0.9,0,0,1,0,0,0,0
https://doi.org/10.1016/j.carbon.2016.04.060,Ni,28,Ni,28,CH3NH3PbI3,260,21.66,67600,605.971,7000,4.28,3.33,1.5,1.57,300,SiO2,8.9,5.72,2.40776699,515,115,0,1,0,0,1,0,0,0,0
https://doi.org/10.1016/j.carbon.2016.04.060,Ni,28,Ni,28,CH3NH3PbI3,260,21.66,67600,605.971,7000,4.28,3.33,1.5,1.57,300,SiO2,8.9,5.72,2.40776699,515,3.62,2,0.1,0,0,1,0,0,0,0
https://doi.org/10.1016/j.carbon.2016.04.060,Ni,28,Ni,28,CH3NH3PbI3,260,21.66,67600,605.971,7000,4.28,3.33,1.5,1.57,300,SiO2,8.9,5.72,2.40776699,515,7.1,2,0.2,0,0,1,0,0,0,0
https://doi.org/10.1016/j.carbon.2016.04.060,Ni,28,Ni,28,CH3NH3PbI3,260,21.66,67600,605.971,7000,4.28,3.33,1.5,1.57,300,SiO2,8.9,5.72,2.40776699,515,11,2,0.3,0,0,1,0,0,0,0
https://doi.org/10.1016/j.carbon.2016.04.060,Ni,28,Ni,28,CH3NH3PbI3,260,21.66,67600,605.971,7000,4.28,3.33,1.5,1.57,300,SiO2,8.9,5.72,2.40776699,515,14.2,2,0.4,0,0,1,0,0,0,0
https://doi.org/10.1016/j.carbon.2016.04.060,Ni,28,Ni,28,CH3NH3PbI3,260,21.66,67600,605.971,7000,4.28,3.33,1.5,1.57,300,SiO2,8.9,5.72,2.40776699,515,17.5,2,0.5,0,0,1,0,0,0,0
https://doi.org/10.1016/j.carbon.2016.04.060,Ni,28,Ni,28,CH3NH3PbI3,260,21.66,67600,605.971,7000,4.28,3.33,1.5,1.57,300,SiO2,8.9,5.72,2.40776699,515,20.2,2,0.6,0,0,1,0,0,0,0
https://doi.org/10.1016/j.carbon.2016.04.060,Ni,28,Ni,28,CH3NH3PbI3,260,21.66,67600,605.971,7000,4.28,3.33,1.5,1.57,300,SiO2,8.9,5.72,2.40776699,515,23.13,2,0.7,0,0,1,0,0,0,0
https://doi.org/10.1016/j.carbon.2016.04.060,Ni,28,Ni,28,CH3NH3PbI3,260,21.66,67600,605.971,7000,4.28,3.33,1.5,1.57,300,SiO2,8.9,5.72,2.40776699,515,27,2,0.8,0,0,1,0,0,0,0
https://doi.org/10.1016/j.carbon.2016.04.060,Ni,28,Ni,28,CH3NH3PbI3,260,21.66,67600,605.971,7000,4.28,3.33,1.5,1.57,300,SiO2,8.9,5.72,2.40776699,515,29.2,2,0.9,0,0,1,0,0,0,0
https://doi.org/10.1016/j.carbon.2016.04.060,Ni,28,Ni,28,CH3NH3PbI3,260,21.66,67600,605.971,7000,4.28,3.33,1.5,1.57,300,SiO2,8.9,5.72,2.40776699,515,32,2,1,0,0,1,0,0,0,0
https://doi.org/10.1016/j.carbon.2016.04.060,Ni,28,Ni,28,CH3NH3PbI3,260,21.66,67600,605.971,7000,4.28,3.33,1.5,1.57,300,SiO2,8.9,5.72,2.40776699,515,2.7,3,0.1,0,0,1,0,0,0,0
https://doi.org/10.1016/j.carbon.2016.04.060,Ni,28,Ni,28,CH3NH3PbI3,260,21.66,67600,605.971,7000,4.28,3.33,1.5,1.57,300,SiO2,8.9,5.72,2.40776699,515,5.38,3,0.2,0,0,1,0,0,0,0
https://doi.org/10.1016/j.carbon.2016.04.060,Ni,28,Ni,28,CH3NH3PbI3,260,21.66,67600,605.971,7000,4.28,3.33,1.5,1.57,300,SiO2,8.9,5.72,2.40776699,515,8.2,3,0.3,0,0,1,0,0,0,0
https://doi.org/10.1016/j.carbon.2016.04.060,Ni,28,Ni,28,CH3NH3PbI3,260,21.66,67600,605.971,7000,4.28,3.33,1.5,1.57,300,SiO2,8.9,5.72,2.40776699,515,10.6,3,0.4,0,0,1,0,0,0,0
https://doi.org/10.1016/j.carbon.2016.04.060,Ni,28,Ni,28,CH3NH3PbI3,260,21.66,67600,605.971,7000,4.28,3.33,1.5,1.57,300,SiO2,8.9,5.72,2.40776699,515,13,3,0.5,0,0,1,0,0,0,0
https://doi.org/10.1016/j.carbon.2016.04.060,Ni,28,Ni,28,CH3NH3PbI3,260,21.66,67600,605.971,7000,4.28,3.33,1.5,1.57,300,SiO2,8.9,5.72,2.40776699,515,15.3,3,0.6,0,0,1,0,0,0,0
https://doi.org/10.1016/j.carbon.2016.04.060,Ni,28,Ni,28,CH3NH3PbI3,260,21.66,67600,605.971,7000,4.28,3.33,1.5,1.57,300,SiO2,8.9,5.72,2.40776699,515,18.1,3,0.7,0,0,1,0,0,0,0
https://doi.org/10.1016/j.carbon.2016.04.060,Ni,28,Ni,28,CH3NH3PbI3,260,21.66,67600,605.971,7000,4.28,3.33,1.5,1.57,300,SiO2,8.9,5.72,2.40776699,515,20.4,3,0.8,0,0,1,0,0,0,0
https://doi.org/10.1016/j.carbon.2016.04.060,Ni,28,Ni,28,CH3NH3PbI3,260,21.66,67600,605.971,7000,4.28,3.33,1.5,1.57,300,SiO2,8.9,5.72,2.40776699,515,22.1,3,0.9,0,0,1,0,0,0,0
https://doi.org/10.1016/j.carbon.2016.04.060,Ni,28,Ni,28,CH3NH3PbI3,260,21.66,67600,605.971,7000,4.28,3.33,1.5,1.57,300,SiO2,8.9,5.72,2.40776699,515,23.8,3,1,0,0,1,0,0,0,0
https://doi.org/10.1016/j.carbon.2016.04.060,Ni,28,Ni,28,CH3NH3PbI3,260,21.66,67600,605.971,7000,4.28,3.33,1.5,1.57,300,SiO2,8.9,5.72,2.40776699,515,1.01,8,0.1,0,0,1,0,0,0,0
https://doi.org/10.1016/j.carbon.2016.04.060,Ni,28,Ni,28,CH3NH3PbI3,260,21.66,67600,605.971,7000,4.28,3.33,1.5,1.57,300,SiO2,8.9,5.72,2.40776699,515,2.2,8,0.2,0,0,1,0,0,0,0
https://doi.org/10.1016/j.carbon.2016.04.060,Ni,28,Ni,28,CH3NH3PbI3,260,21.66,67600,605.971,7000,4.28,3.33,1.5,1.57,300,SiO2,8.9,5.72,2.40776699,515,3.2,8,0.3,0,0,1,0,0,0,0
https://doi.org/10.1016/j.carbon.2016.04.060,Ni,28,Ni,28,CH3NH3PbI3,260,21.66,67600,605.971,7000,4.28,3.33,1.5,1.57,300,SiO2,8.9,5.72,2.40776699,515,4.2,8,0.4,0,0,1,0,0,0,0
https://doi.org/10.1016/j.carbon.2016.04.060,Ni,28,Ni,28,CH3NH3PbI3,260,21.66,67600,605.971,7000,4.28,3.33,1.5,1.57,300,SiO2,8.9,5.72,2.40776699,515,5.01,8,0.5,0,0,1,0,0,0,0
https://doi.org/10.1016/j.carbon.2016.04.060,Ni,28,Ni,28,CH3NH3PbI3,260,21.66,67600,605.971,7000,4.28,3.33,1.5,1.57,300,SiO2,8.9,5.72,2.40776699,515,6.1,8,0.6,0,0,1,0,0,0,0
https://doi.org/10.1016/j.carbon.2016.04.060,Ni,28,Ni,28,CH3NH3PbI3,260,21.66,67600,605.971,7000,4.28,3.33,1.5,1.57,300,SiO2,8.9,5.72,2.40776699,515,6.4,8,0.7,0,0,1,0,0,0,0
https://doi.org/10.1016/j.carbon.2016.04.060,Ni,28,Ni,28,CH3NH3PbI3,260,21.66,67600,605.971,7000,4.28,3.33,1.5,1.57,300,SiO2,8.9,5.72,2.40776699,515,7.42,8,0.8,0,0,1,0,0,0,0
https://doi.org/10.1016/j.carbon.2016.04.060,Ni,28,Ni,28,CH3NH3PbI3,260,21.66,67600,605.971,7000,4.28,3.33,1.5,1.57,300,SiO2,8.9,5.72,2.40776699,515,9.08,8,0.9,0,0,1,0,0,0,0
https://doi.org/10.1016/j.carbon.2016.04.060,Ni,28,Ni,28,CH3NH3PbI3,260,21.66,67600,605.971,7000,4.28,3.33,1.5,1.57,300,SiO2,8.9,5.72,2.40776699,515,9.4,8,1,0,0,1,0,0,0,0
https://doi.org/10.1016/j.carbon.2016.04.060,Ni,28,Ni,28,CH3NH3PbI3,260,21.66,67600,605.971,7000,4.28,3.33,1.5,1.57,300,SiO2,8.9,5.72,2.40776699,515,0.5,22,0.1,0,0,1,0,0,0,0
https://doi.org/10.1016/j.carbon.2016.04.060,Ni,28,Ni,28,CH3NH3PbI3,260,21.66,67600,605.971,7000,4.28,3.33,1.5,1.57,300,SiO2,8.9,5.72,2.40776699,515,0.8,22,0.2,0,0,1,0,0,0,0
https://doi.org/10.1016/j.carbon.2016.04.060,Ni,28,Ni,28,CH3NH3PbI3,260,21.66,67600,605.971,7000,4.28,3.33,1.5,1.57,300,SiO2,8.9,5.72,2.40776699,515,1.18,22,0.3,0,0,1,0,0,0,0
https://doi.org/10.1016/j.carbon.2016.04.060,Ni,28,Ni,28,CH3NH3PbI3,260,21.66,67600,605.971,7000,4.28,3.33,1.5,1.57,300,SiO2,8.9,5.72,2.40776699,515,1.8,22,0.4,0,0,1,0,0,0,0
https://doi.org/10.1016/j.carbon.2016.04.060,Ni,28,Ni,28,CH3NH3PbI3,260,21.66,67600,605.971,7000,4.28,3.33,1.5,1.57,300,SiO2,8.9,5.72,2.40776699,515,2.3,22,0.5,0,0,1,0,0,0,0
https://doi.org/10.1016/j.carbon.2016.04.060,Ni,28,Ni,28,CH3NH3PbI3,260,21.66,67600,605.971,7000,4.28,3.33,1.5,1.57,300,SiO2,8.9,5.72,2.40776699,515,2.6,22,0.6,0,0,1,0,0,0,0
https://doi.org/10.1016/j.carbon.2016.04.060,Ni,28,Ni,28,CH3NH3PbI3,260,21.66,67600,605.971,7000,4.28,3.33,1.5,1.57,300,SiO2,8.9,5.72,2.40776699,515,2.85,22,0.7,0,0,1,0,0,0,0
https://doi.org/10.1016/j.carbon.2016.04.060,Ni,28,Ni,28,CH3NH3PbI3,260,21.66,67600,605.971,7000,4.28,3.33,1.5,1.57,300,SiO2,8.9,5.72,2.40776699,515,3.46,22,0.8,0,0,1,0,0,0,0
https://doi.org/10.1016/j.carbon.2016.04.060,Ni,28,Ni,28,CH3NH3PbI3,260,21.66,67600,605.971,7000,4.28,3.33,1.5,1.57,300,SiO2,8.9,5.72,2.40776699,515,3.89,22,0.9,0,0,1,0,0,0,0
https://doi.org/10.1016/j.carbon.2016.04.060,Ni,28,Ni,28,CH3NH3PbI3,260,21.66,67600,605.971,7000,4.28,3.33,1.5,1.57,300,SiO2,8.9,5.72,2.40776699,515,4.32,22,1,0,0,1,0,0,0,0
https://doi.org/10.1016/j.carbon.2016.04.060,Ni,28,Ni,28,CH3NH3PbI3,260,21.66,67600,605.971,7000,4.28,3.33,1.5,1.57,300,SiO2,8.9,5.72,2.40776699,515,0.38,34,0.1,0,0,1,0,0,0,0
https://doi.org/10.1016/j.carbon.2016.04.060,Ni,28,Ni,28,CH3NH3PbI3,260,21.66,67600,605.971,7000,4.28,3.33,1.5,1.57,300,SiO2,8.9,5.72,2.40776699,515,0.44,34,0.2,0,0,1,0,0,0,0
https://doi.org/10.1016/j.carbon.2016.04.060,Ni,28,Ni,28,CH3NH3PbI3,260,21.66,67600,605.971,7000,4.28,3.33,1.5,1.57,300,SiO2,8.9,5.72,2.40776699,515,0.9,34,0.3,0,0,1,0,0,0,0
https://doi.org/10.1016/j.carbon.2016.04.060,Ni,28,Ni,28,CH3NH3PbI3,260,21.66,67600,605.971,7000,4.28,3.33,1.5,1.57,300,SiO2,8.9,5.72,2.40776699,515,1.01,34,0.4,0,0,1,0,0,0,0
https://doi.org/10.1016/j.carbon.2016.04.060,Ni,28,Ni,28,CH3NH3PbI3,260,21.66,67600,605.971,7000,4.28,3.33,1.5,1.57,300,SiO2,8.9,5.72,2.40776699,515,1.73,34,0.5,0,0,1,0,0,0,0
https://doi.org/10.1016/j.carbon.2016.04.060,Ni,28,Ni,28,CH3NH3PbI3,260,21.66,67600,605.971,7000,4.28,3.33,1.5,1.57,300,SiO2,8.9,5.72,2.40776699,515,2.01,34,0.6,0,0,1,0,0,0,0
https://doi.org/10.1016/j.carbon.2016.04.060,Ni,28,Ni,28,CH3NH3PbI3,260,21.66,67600,605.971,7000,4.28,3.33,1.5,1.57,300,SiO2,8.9,5.72,2.40776699,515,2.24,34,0.7,0,0,1,0,0,0,0
https://doi.org/10.1016/j.carbon.2016.04.060,Ni,28,Ni,28,CH3NH3PbI3,260,21.66,67600,605.971,7000,4.28,3.33,1.5,1.57,300,SiO2,8.9,5.72,2.40776699,515,2.98,34,0.8,0,0,1,0,0,0,0
https://doi.org/10.1016/j.carbon.2016.04.060,Ni,28,Ni,28,CH3NH3PbI3,260,21.66,67600,605.971,7000,4.28,3.33,1.5,1.57,300,SiO2,8.9,5.72,2.40776699,515,3.4,34,0.9,0,0,1,0,0,0,0
https://doi.org/10.1016/j.carbon.2016.04.060,Ni,28,Ni,28,CH3NH3PbI3,260,21.66,67600,605.971,7000,4.28,3.33,1.5,1.57,300,SiO2,8.9,5.72,2.40776699,515,3.82,34,1,0,0,1,0,0,0,0
https://doi.org/10.1002/admi.202202488,Ag,47,In,49,PPy/SnO2,66,22,4356,150.709,100,6.87,5.33,3.6,0.85,200,Si,1.12,0.61,6.2,200,20,18.75,5,0,0,0,0,0,0,1
https://doi.org/10.1002/admi.202202488,Ag,47,In,49,PPy/SnO2,66,22,4356,150.709,100,6.87,5.33,3.6,0.85,200,Si,1.12,0.61,6.169154229,201,19.8479866,18.75,5,0,0,0,0,0,0,1
https://doi.org/10.1002/admi.202202488,Ag,47,In,49,PPy/SnO2,66,22,4356,150.709,100,6.87,5.33,3.6,0.85,200,Si,1.12,0.61,6.138613861,202,19.92503006,18.75,5,0,0,0,0,0,0,1
https://doi.org/10.1002/admi.202202488,Ag,47,In,49,PPy/SnO2,66,22,4356,150.709,100,6.87,5.33,3.6,0.85,200,Si,1.12,0.61,6.108374384,203,20.20790184,18.75,5,0,0,0,0,0,0,1
https://doi.org/10.1002/admi.202202488,Ag,47,In,49,PPy/SnO2,66,22,4356,150.709,100,6.87,5.33,3.6,0.85,200,Si,1.12,0.61,6.078431373,204,20.67337341,18.75,5,0,0,0,0,0,0,1
https://doi.org/10.1002/admi.202202488,Ag,47,In,49,PPy/SnO2,66,22,4356,150.709,100,6.87,5.33,3.6,0.85,200,Si,1.12,0.61,6.048780488,205,21.29821622,18.75,5,0,0,0,0,0,0,1
https://doi.org/10.1002/admi.202202488,Ag,47,In,49,PPy/SnO2,66,22,4356,150.709,100,6.87,5.33,3.6,0.85,200,Si,1.12,0.61,6.019417476,206,22.05920173,18.75,5,0,0,0,0,0,0,1
https://doi.org/10.1002/admi.202202488,Ag,47,In,49,PPy/SnO2,66,22,4356,150.709,100,6.87,5.33,3.6,0.85,200,Si,1.12,0.61,5.990338164,207,22.93310141,18.75,5,0,0,0,0,0,0,1
https://doi.org/10.1002/admi.202202488,Ag,47,In,49,PPy/SnO2,66,22,4356,150.709,100,6.87,5.33,3.6,0.85,200,Si,1.12,0.61,5.961538462,208,23.89668671,18.75,5,0,0,0,0,0,0,1
https://doi.org/10.1002/admi.202202488,Ag,47,In,49,PPy/SnO2,66,22,4356,150.709,100,6.87,5.33,3.6,0.85,200,Si,1.12,0.61,5.933014354,209,24.92672908,18.75,5,0,0,0,0,0,0,1
https://doi.org/10.1002/admi.202202488,Ag,47,In,49,PPy/SnO2,66,22,4356,150.709,100,6.87,5.33,3.6,0.85,200,Si,1.12,0.61,5.904761905,210,26,18.75,5,0,0,0,0,0,0,1
https://doi.org/10.1002/admi.202202488,Ag,47,In,49,PPy/SnO2,66,22,4356,150.709,100,6.87,5.33,3.6,0.85,200,Si,1.12,0.61,5.876777251,211,27.09327092,18.75,5,0,0,0,0,0,0,1
https://doi.org/10.1002/admi.202202488,Ag,47,In,49,PPy/SnO2,66,22,4356,150.709,100,6.87,5.33,3.6,0.85,200,Si,1.12,0.61,5.849056604,212,28.18331329,18.75,5,0,0,0,0,0,0,1
https://doi.org/10.1002/admi.202202488,Ag,47,In,49,PPy/SnO2,66,22,4356,150.709,100,6.87,5.33,3.6,0.85,200,Si,1.12,0.61,5.821596244,213,29.24689859,18.75,5,0,0,0,0,0,0,1
https://doi.org/10.1002/admi.202202488,Ag,47,In,49,PPy/SnO2,66,22,4356,150.709,100,6.87,5.33,3.6,0.85,200,Si,1.12,0.61,5.794392523,214,30.26079827,18.75,5,0,0,0,0,0,0,1
https://doi.org/10.1002/admi.202202488,Ag,47,In,49,PPy/SnO2,66,22,4356,150.709,100,6.87,5.33,3.6,0.85,200,Si,1.12,0.61,5.76744186,215,31.20178378,18.75,5,0,0,0,0,0,0,1
https://doi.org/10.1002/admi.202202488,Ag,47,In,49,PPy/SnO2,66,22,4356,150.709,100,6.87,5.33,3.6,0.85,200,Si,1.12,0.61,5.740740741,216,32.04662659,18.75,5,0,0,0,0,0,0,1
https://doi.org/10.1002/admi.202202488,Ag,47,In,49,PPy/SnO2,66,22,4356,150.709,100,6.87,5.33,3.6,0.85,200,Si,1.12,0.61,5.714285714,217,32.77209816,18.75,5,0,0,0,0,0,0,1
https://doi.org/10.1002/admi.202202488,Ag,47,In,49,PPy/SnO2,66,22,4356,150.709,100,6.87,5.33,3.6,0.85,200,Si,1.12,0.61,5.688073394,218,33.35496994,18.75,5,0,0,0,0,0,0,1
https://doi.org/10.1002/admi.202202488,Ag,47,In,49,PPy/SnO2,66,22,4356,150.709,100,6.87,5.33,3.6,0.85,200,Si,1.12,0.61,5.662100457,219,33.7720134,18.75,5,0,0,0,0,0,0,1
https://doi.org/10.1002/admi.202202488,Ag,47,In,49,PPy/SnO2,66,22,4356,150.709,100,6.87,5.33,3.6,0.85,200,Si,1.12,0.61,5.636363636,220,34,18.75,5,0,0,0,0,0,0,1
https://doi.org/10.1002/admi.202202488,Ag,47,In,49,PPy/SnO2,66,22,4356,150.709,100,6.87,5.33,3.6,0.85,200,Si,1.12,0.61,5.610859729,221,34.04492973,18.75,5,0,0,0,0,0,0,1
https://doi.org/10.1002/admi.202202488,Ag,47,In,49,PPy/SnO2,66,22,4356,150.709,100,6.87,5.33,3.6,0.85,200,Si,1.12,0.61,5.585585586,222,34.02971676,18.75,5,0,0,0,0,0,0,1
https://doi.org/10.1002/admi.202202488,Ag,47,In,49,PPy/SnO2,66,22,4356,150.709,100,6.87,5.33,3.6,0.85,200,Si,1.12,0.61,5.560538117,223,34.10650379,18.75,5,0,0,0,0,0,0,1
https://doi.org/10.1002/admi.202202488,Ag,47,In,49,PPy/SnO2,66,22,4356,150.709,100,6.87,5.33,3.6,0.85,200,Si,1.12,0.61,5.535714286,224,34.42743353,18.75,5,0,0,0,0,0,0,1
https://doi.org/10.1002/admi.202202488,Ag,47,In,49,PPy/SnO2,66,22,4356,150.709,100,6.87,5.33,3.6,0.85,200,Si,1.12,0.61,5.511111111,225,35.14464866,18.75,5,0,0,0,0,0,0,1
https://doi.org/10.1002/admi.202202488,Ag,47,In,49,PPy/SnO2,66,22,4356,150.709,100,6.87,5.33,3.6,0.85,200,Si,1.12,0.61,5.486725664,226,36.41029191,18.75,5,0,0,0,0,0,0,1
https://doi.org/10.1002/admi.202202488,Ag,47,In,49,PPy/SnO2,66,22,4356,150.709,100,6.87,5.33,3.6,0.85,200,Si,1.12,0.61,5.462555066,227,38.37650596,18.75,5,0,0,0,0,0,0,1
https://doi.org/10.1002/admi.202202488,Ag,47,In,49,PPy/SnO2,66,22,4356,150.709,100,6.87,5.33,3.6,0.85,200,Si,1.12,0.61,5.438596491,228,41.19543353,18.75,5,0,0,0,0,0,0,1
https://doi.org/10.1002/admi.202202488,Ag,47,In,49,PPy/SnO2,66,22,4356,150.709,100,6.87,5.33,3.6,0.85,200,Si,1.12,0.61,5.414847162,229,45.01921731,18.75,5,0,0,0,0,0,0,1
https://doi.org/10.1002/admi.202202488,Ag,47,In,49,PPy/SnO2,66,22,4356,150.709,100,6.87,5.33,3.6,0.85,200,Si,1.12,0.61,5.391304348,230,50,18.75,5,0,0,0,0,0,0,1
https://doi.org/10.1002/admi.202202488,Ag,47,In,49,PPy/SnO2,66,22,4356,150.709,100,6.87,5.33,3.6,0.85,200,Si,1.12,0.61,5.367965368,231,56.21088015,18.75,5,0,0,0,0,0,0,1
https://doi.org/10.1002/admi.202202488,Ag,47,In,49,PPy/SnO2,66,22,4356,150.709,100,6.87,5.33,3.6,0.85,200,Si,1.12,0.61,5.344827586,232,63.40877965,18.75,5,0,0,0,0,0,0,1
https://doi.org/10.1002/admi.202202488,Ag,47,In,49,PPy/SnO2,66,22,4356,150.709,100,6.87,5.33,3.6,0.85,200,Si,1.12,0.61,5.321888412,233,71.27157623,18.75,5,0,0,0,0,0,0,1
https://doi.org/10.1002/admi.202202488,Ag,47,In,49,PPy/SnO2,66,22,4356,150.709,100,6.87,5.33,3.6,0.85,200,Si,1.12,0.61,5.299145299,234,79.47714763,18.75,5,0,0,0,0,0,0,1
https://doi.org/10.1002/admi.202202488,Ag,47,In,49,PPy/SnO2,66,22,4356,150.709,100,6.87,5.33,3.6,0.85,200,Si,1.12,0.61,5.276595745,235,87.70337156,18.75,5,0,0,0,0,0,0,1
https://doi.org/10.1002/admi.202202488,Ag,47,In,49,PPy/SnO2,66,22,4356,150.709,100,6.87,5.33,3.6,0.85,200,Si,1.12,0.61,5.254237288,236,95.62812577,18.75,5,0,0,0,0,0,0,1
https://doi.org/10.1002/admi.202202488,Ag,47,In,49,PPy/SnO2,66,22,4356,150.709,100,6.87,5.33,3.6,0.85,200,Si,1.12,0.61,5.232067511,237,102.929288,18.75,5,0,0,0,0,0,0,1
https://doi.org/10.1002/admi.202202488,Ag,47,In,49,PPy/SnO2,66,22,4356,150.709,100,6.87,5.33,3.6,0.85,200,Si,1.12,0.61,5.210084034,238,109.2847359,18.75,5,0,0,0,0,0,0,1
https://doi.org/10.1002/admi.202202488,Ag,47,In,49,PPy/SnO2,66,22,4356,150.709,100,6.87,5.33,3.6,0.85,200,Si,1.12,0.61,5.188284519,239,114.3723474,18.75,5,0,0,0,0,0,0,1
https://doi.org/10.1002/admi.202202488,Ag,47,In,49,PPy/SnO2,66,22,4356,150.709,100,6.87,5.33,3.6,0.85,200,Si,1.12,0.61,5.166666667,240,117.87,18.75,5,0,0,0,0,0,0,1
https://doi.org/10.1002/admi.202202488,Ag,47,In,49,PPy/SnO2,66,22,4356,150.709,100,6.87,5.33,3.6,0.85,200,Si,1.12,0.61,5.145228216,241,119.5693311,18.75,5,0,0,0,0,0,0,1
https://doi.org/10.1002/admi.202202488,Ag,47,In,49,PPy/SnO2,66,22,4356,150.709,100,6.87,5.33,3.6,0.85,200,Si,1.12,0.61,5.123966942,242,119.7170163,18.75,5,0,0,0,0,0,0,1
https://doi.org/10.1002/admi.202202488,Ag,47,In,49,PPy/SnO2,66,22,4356,150.709,100,6.87,5.33,3.6,0.85,200,Si,1.12,0.61,5.102880658,243,118.6734907,18.75,5,0,0,0,0,0,0,1
https://doi.org/10.1002/admi.202202488,Ag,47,In,49,PPy/SnO2,66,22,4356,150.709,100,6.87,5.33,3.6,0.85,200,Si,1.12,0.61,5.081967213,244,116.7991893,18.75,5,0,0,0,0,0,0,1
https://doi.org/10.1002/admi.202202488,Ag,47,In,49,PPy/SnO2,66,22,4356,150.709,100,6.87,5.33,3.6,0.85,200,Si,1.12,0.61,5.06122449,245,114.4545474,18.75,5,0,0,0,0,0,0,1
https://doi.org/10.1002/admi.202202488,Ag,47,In,49,PPy/SnO2,66,22,4356,150.709,100,6.87,5.33,3.6,0.85,200,Si,1.12,0.61,5.040650407,246,112,18.75,5,0,0,0,0,0,0,1
https://doi.org/10.1002/admi.202202488,Ag,47,In,49,PPy/SnO2,66,22,4356,150.709,100,6.87,5.33,3.6,0.85,200,Si,1.12,0.61,5.020242915,247,109.7328699,18.75,5,0,0,0,0,0,0,1
https://doi.org/10.1002/admi.202202488,Ag,47,In,49,PPy/SnO2,66,22,4356,150.709,100,6.87,5.33,3.6,0.85,200,Si,1.12,0.61,5,248,107.6980304,18.75,5,0,0,0,0,0,0,1
https://doi.org/10.1002/admi.202202488,Ag,47,In,49,PPy/SnO2,66,22,4356,150.709,100,6.87,5.33,3.6,0.85,200,Si,1.12,0.61,4.979919679,249,105.8772422,18.75,5,0,0,0,0,0,0,1
https://doi.org/10.1002/admi.202202488,Ag,47,In,49,PPy/SnO2,66,22,4356,150.709,100,6.87,5.33,3.6,0.85,200,Si,1.12,0.61,4.96,250,104.2522664,18.75,5,0,0,0,0,0,0,1
https://doi.org/10.1002/admi.202202488,Ag,47,In,49,PPy/SnO2,66,22,4356,150.709,100,6.87,5.33,3.6,0.85,200,Si,1.12,0.61,4.940239044,251,102.8048637,18.75,5,0,0,0,0,0,0,1
https://doi.org/10.1002/admi.202202488,Ag,47,In,49,PPy/SnO2,66,22,4356,150.709,100,6.87,5.33,3.6,0.85,200,Si,1.12,0.61,4.920634921,252,101.5167951,18.75,5,0,0,0,0,0,0,1
https://doi.org/10.1002/admi.202202488,Ag,47,In,49,PPy/SnO2,66,22,4356,150.709,100,6.87,5.33,3.6,0.85,200,Si,1.12,0.61,4.901185771,253,100.3698214,18.75,5,0,0,0,0,0,0,1
https://doi.org/10.1002/admi.202202488,Ag,47,In,49,PPy/SnO2,66,22,4356,150.709,100,6.87,5.33,3.6,0.85,200,Si,1.12,0.61,4.881889764,254,99.34570355,18.75,5,0,0,0,0,0,0,1
https://doi.org/10.1002/admi.202202488,Ag,47,In,49,PPy/SnO2,66,22,4356,150.709,100,6.87,5.33,3.6,0.85,200,Si,1.12,0.61,4.862745098,255,98.42620234,18.75,5,0,0,0,0,0,0,1
https://doi.org/10.1002/admi.202202488,Ag,47,In,49,PPy/SnO2,66,22,4356,150.709,100,6.87,5.33,3.6,0.85,200,Si,1.12,0.61,4.84375,256,97.59307867,18.75,5,0,0,0,0,0,0,1
https://doi.org/10.1002/admi.202202488,Ag,47,In,49,PPy/SnO2,66,22,4356,150.709,100,6.87,5.33,3.6,0.85,200,Si,1.12,0.61,4.824902724,257,96.82809343,18.75,5,0,0,0,0,0,0,1
https://doi.org/10.1002/admi.202202488,Ag,47,In,49,PPy/SnO2,66,22,4356,150.709,100,6.87,5.33,3.6,0.85,200,Si,1.12,0.61,4.80620155,258,96.11300749,18.75,5,0,0,0,0,0,0,1
https://doi.org/10.1002/admi.202202488,Ag,47,In,49,PPy/SnO2,66,22,4356,150.709,100,6.87,5.33,3.6,0.85,200,Si,1.12,0.61,4.787644788,259,95.42958173,18.75,5,0,0,0,0,0,0,1
https://doi.org/10.1002/admi.202202488,Ag,47,In,49,PPy/SnO2,66,22,4356,150.709,100,6.87,5.33,3.6,0.85,200,Si,1.12,0.61,4.769230769,260,94.75957703,18.75,5,0,0,0,0,0,0,1
https://doi.org/10.1002/admi.202202488,Ag,47,In,49,PPy/SnO2,66,22,4356,150.709,100,6.87,5.33,3.6,0.85,200,Si,1.12,0.61,4.750957854,261,94.08475425,18.75,5,0,0,0,0,0,0,1
https://doi.org/10.1002/admi.202202488,Ag,47,In,49,PPy/SnO2,66,22,4356,150.709,100,6.87,5.33,3.6,0.85,200,Si,1.12,0.61,4.732824427,262,93.38687429,18.75,5,0,0,0,0,0,0,1
https://doi.org/10.1002/admi.202202488,Ag,47,In,49,PPy/SnO2,66,22,4356,150.709,100,6.87,5.33,3.6,0.85,200,Si,1.12,0.61,4.714828897,263,92.647698,18.75,5,0,0,0,0,0,0,1
https://doi.org/10.1002/admi.202202488,Ag,47,In,49,PPy/SnO2,66,22,4356,150.709,100,6.87,5.33,3.6,0.85,200,Si,1.12,0.61,4.696969697,264,91.84898628,18.75,5,0,0,0,0,0,0,1
https://doi.org/10.1002/admi.202202488,Ag,47,In,49,PPy/SnO2,66,22,4356,150.709,100,6.87,5.33,3.6,0.85,200,Si,1.12,0.61,4.679245283,265,90.97249998,18.75,5,0,0,0,0,0,0,1
https://doi.org/10.1002/admi.202202488,Ag,47,In,49,PPy/SnO2,66,22,4356,150.709,100,6.87,5.33,3.6,0.85,200,Si,1.12,0.61,4.661654135,266,90,18.75,5,0,0,0,0,0,0,1
https://doi.org/10.1002/admi.202202488,Ag,47,In,49,PPy/SnO2,66,22,4356,150.709,100,6.87,5.33,3.6,0.85,200,Si,1.12,0.61,4.644194757,267,88.91726556,18.75,5,0,0,0,0,0,0,1
https://doi.org/10.1002/admi.202202488,Ag,47,In,49,PPy/SnO2,66,22,4356,150.709,100,6.87,5.33,3.6,0.85,200,Si,1.12,0.61,4.626865672,268,87.72614935,18.75,5,0,0,0,0,0,0,1
https://doi.org/10.1002/admi.202202488,Ag,47,In,49,PPy/SnO2,66,22,4356,150.709,100,6.87,5.33,3.6,0.85,200,Si,1.12,0.61,4.609665428,269,86.43252239,18.75,5,0,0,0,0,0,0,1
https://doi.org/10.1002/admi.202202488,Ag,47,In,49,PPy/SnO2,66,22,4356,150.709,100,6.87,5.33,3.6,0.85,200,Si,1.12,0.61,4.592592593,270,85.04225573,18.75,5,0,0,0,0,0,0,1
https://doi.org/10.1002/admi.202202488,Ag,47,In,49,PPy/SnO2,66,22,4356,150.709,100,6.87,5.33,3.6,0.85,200,Si,1.12,0.61,4.575645756,271,83.56122041,18.75,5,0,0,0,0,0,0,1
https://doi.org/10.1002/admi.202202488,Ag,47,In,49,PPy/SnO2,66,22,4356,150.709,100,6.87,5.33,3.6,0.85,200,Si,1.12,0.61,4.558823529,272,81.99528744,18.75,5,0,0,0,0,0,0,1
https://doi.org/10.1002/admi.202202488,Ag,47,In,49,PPy/SnO2,66,22,4356,150.709,100,6.87,5.33,3.6,0.85,200,Si,1.12,0.61,4.542124542,273,80.35032789,18.75,5,0,0,0,0,0,0,1
https://doi.org/10.1002/admi.202202488,Ag,47,In,49,PPy/SnO2,66,22,4356,150.709,100,6.87,5.33,3.6,0.85,200,Si,1.12,0.61,4.525547445,274,78.63221277,18.75,5,0,0,0,0,0,0,1
https://doi.org/10.1002/admi.202202488,Ag,47,In,49,PPy/SnO2,66,22,4356,150.709,100,6.87,5.33,3.6,0.85,200,Si,1.12,0.61,4.509090909,275,76.84681313,18.75,5,0,0,0,0,0,0,1
https://doi.org/10.1002/admi.202202488,Ag,47,In,49,PPy/SnO2,66,22,4356,150.709,100,6.87,5.33,3.6,0.85,200,Si,1.12,0.61,4.492753623,276,75,18.75,5,0,0,0,0,0,0,1
https://doi.org/10.1002/admi.202202488,Ag,47,In,49,PPy/SnO2,66,22,4356,150.709,100,6.87,5.33,3.6,0.85,200,Si,1.12,0.61,4.476534296,277,73.09760701,18.75,5,0,0,0,0,0,0,1
https://doi.org/10.1002/admi.202202488,Ag,47,In,49,PPy/SnO2,66,22,4356,150.709,100,6.87,5.33,3.6,0.85,200,Si,1.12,0.61,4.460431655,278,71.14531816,18.75,5,0,0,0,0,0,0,1
https://doi.org/10.1002/admi.202202488,Ag,47,In,49,PPy/SnO2,66,22,4356,150.709,100,6.87,5.33,3.6,0.85,200,Si,1.12,0.61,4.444444444,279,69.14878003,18.75,5,0,0,0,0,0,0,1
https://doi.org/10.1002/admi.202202488,Ag,47,In,49,PPy/SnO2,66,22,4356,150.709,100,6.87,5.33,3.6,0.85,200,Si,1.12,0.61,4.428571429,280,67.1136392,18.75,5,0,0,0,0,0,0,1
https://doi.org/10.1002/admi.202202488,Ag,47,In,49,PPy/SnO2,66,22,4356,150.709,100,6.87,5.33,3.6,0.85,200,Si,1.12,0.61,4.412811388,281,65.04554227,18.75,5,0,0,0,0,0,0,1
https://doi.org/10.1002/admi.202202488,Ag,47,In,49,PPy/SnO2,66,22,4356,150.709,100,6.87,5.33,3.6,0.85,200,Si,1.12,0.61,4.397163121,282,62.95013582,18.75,5,0,0,0,0,0,0,1
https://doi.org/10.1002/admi.202202488,Ag,47,In,49,PPy/SnO2,66,22,4356,150.709,100,6.87,5.33,3.6,0.85,200,Si,1.12,0.61,4.381625442,283,60.83306644,18.75,5,0,0,0,0,0,0,1
https://doi.org/10.1002/admi.202202488,Ag,47,In,49,PPy/SnO2,66,22,4356,150.709,100,6.87,5.33,3.6,0.85,200,Si,1.12,0.61,4.366197183,284,58.6999807,18.75,5,0,0,0,0,0,0,1
https://doi.org/10.1002/admi.202202488,Ag,47,In,49,PPy/SnO2,66,22,4356,150.709,100,6.87,5.33,3.6,0.85,200,Si,1.12,0.61,4.350877193,285,56.55652521,18.75,5,0,0,0,0,0,0,1
https://doi.org/10.1002/admi.202202488,Ag,47,In,49,PPy/SnO2,66,22,4356,150.709,100,6.87,5.33,3.6,0.85,200,Si,1.12,0.61,4.335664336,286,54.40834654,18.75,5,0,0,0,0,0,0,1
https://doi.org/10.1002/admi.202202488,Ag,47,In,49,PPy/SnO2,66,22,4356,150.709,100,6.87,5.33,3.6,0.85,200,Si,1.12,0.61,4.320557491,287,52.26109128,18.75,5,0,0,0,0,0,0,1
https://doi.org/10.1002/admi.202202488,Ag,47,In,49,PPy/SnO2,66,22,4356,150.709,100,6.87,5.33,3.6,0.85,200,Si,1.12,0.61,4.305555556,288,50.12040602,18.75,5,0,0,0,0,0,0,1
https://doi.org/10.1002/admi.202202488,Ag,47,In,49,PPy/SnO2,66,22,4356,150.709,100,6.87,5.33,3.6,0.85,200,Si,1.12,0.61,4.290657439,289,47.99193734,18.75,5,0,0,0,0,0,0,1
https://doi.org/10.1002/admi.202202488,Ag,47,In,49,PPy/SnO2,66,22,4356,150.709,100,6.87,5.33,3.6,0.85,200,Si,1.12,0.61,4.275862069,290,45.88133183,18.75,5,0,0,0,0,0,0,1
https://doi.org/10.1002/admi.202202488,Ag,47,In,49,PPy/SnO2,66,22,4356,150.709,100,6.87,5.33,3.6,0.85,200,Si,1.12,0.61,4.261168385,291,43.79423607,18.75,5,0,0,0,0,0,0,1
https://doi.org/10.1002/admi.202202488,Ag,47,In,49,PPy/SnO2,66,22,4356,150.709,100,6.87,5.33,3.6,0.85,200,Si,1.12,0.61,4.246575342,292,41.73629666,18.75,5,0,0,0,0,0,0,1
https://doi.org/10.1002/admi.202202488,Ag,47,In,49,PPy/SnO2,66,22,4356,150.709,100,6.87,5.33,3.6,0.85,200,Si,1.12,0.61,4.232081911,293,39.71316018,18.75,5,0,0,0,0,0,0,1
https://doi.org/10.1002/admi.202202488,Ag,47,In,49,PPy/SnO2,66,22,4356,150.709,100,6.87,5.33,3.6,0.85,200,Si,1.12,0.61,4.217687075,294,37.73047321,18.75,5,0,0,0,0,0,0,1
https://doi.org/10.1002/admi.202202488,Ag,47,In,49,PPy/SnO2,66,22,4356,150.709,100,6.87,5.33,3.6,0.85,200,Si,1.12,0.61,4.203389831,295,35.79388233,18.75,5,0,0,0,0,0,0,1
https://doi.org/10.1002/admi.202202488,Ag,47,In,49,PPy/SnO2,66,22,4356,150.709,100,6.87,5.33,3.6,0.85,200,Si,1.12,0.61,4.189189189,296,33.90903415,18.75,5,0,0,0,0,0,0,1
https://doi.org/10.1002/admi.202202488,Ag,47,In,49,PPy/SnO2,66,22,4356,150.709,100,6.87,5.33,3.6,0.85,200,Si,1.12,0.61,4.175084175,297,32.08157524,18.75,5,0,0,0,0,0,0,1
https://doi.org/10.1002/admi.202202488,Ag,47,In,49,PPy/SnO2,66,22,4356,150.709,100,6.87,5.33,3.6,0.85,200,Si,1.12,0.61,4.161073826,298,30.31715219,18.75,5,0,0,0,0,0,0,1
https://doi.org/10.1002/admi.202202488,Ag,47,In,49,PPy/SnO2,66,22,4356,150.709,100,6.87,5.33,3.6,0.85,200,Si,1.12,0.61,4.147157191,299,28.62141158,18.75,5,0,0,0,0,0,0,1
https://doi.org/10.1002/admi.202202488,Ag,47,In,49,PPy/SnO2,66,22,4356,150.709,100,6.87,5.33,3.6,0.85,200,Si,1.12,0.61,4.133333333,300,27,18.75,5,0,0,0,0,0,0,1
https://doi.org/10.1002/admi.202202488,Ag,47,In,49,PPy/SnO2,66,22,4356,150.709,100,6.87,5.33,3.6,0.85,200,Si,1.12,0.61,4.119601329,301,25.45723338,18.75,5,0,0,0,0,0,0,1
https://doi.org/10.1002/admi.202202488,Ag,47,In,49,PPy/SnO2,66,22,4356,150.709,100,6.87,5.33,3.6,0.85,200,Si,1.12,0.61,4.105960265,302,23.99210503,18.75,5,0,0,0,0,0,0,1
https://doi.org/10.1002/admi.202202488,Ag,47,In,49,PPy/SnO2,66,22,4356,150.709,100,6.87,5.33,3.6,0.85,200,Si,1.12,0.61,4.092409241,303,22.6022776,18.75,5,0,0,0,0,0,0,1
https://doi.org/10.1002/admi.202202488,Ag,47,In,49,PPy/SnO2,66,22,4356,150.709,100,6.87,5.33,3.6,0.85,200,Si,1.12,0.61,4.078947368,304,21.28541372,18.75,5,0,0,0,0,0,0,1
https://doi.org/10.1002/admi.202202488,Ag,47,In,49,PPy/SnO2,66,22,4356,150.709,100,6.87,5.33,3.6,0.85,200,Si,1.12,0.61,4.06557377,305,20.03917606,18.75,5,0,0,0,0,0,0,1
https://doi.org/10.1002/admi.202202488,Ag,47,In,49,PPy/SnO2,66,22,4356,150.709,100,6.87,5.33,3.6,0.85,200,Si,1.12,0.61,4.052287582,306,18.86122726,18.75,5,0,0,0,0,0,0,1
https://doi.org/10.1002/admi.202202488,Ag,47,In,49,PPy/SnO2,66,22,4356,150.709,100,6.87,5.33,3.6,0.85,200,Si,1.12,0.61,4.039087948,307,17.74922997,18.75,5,0,0,0,0,0,0,1
https://doi.org/10.1002/admi.202202488,Ag,47,In,49,PPy/SnO2,66,22,4356,150.709,100,6.87,5.33,3.6,0.85,200,Si,1.12,0.61,4.025974026,308,16.70084683,18.75,5,0,0,0,0,0,0,1
https://doi.org/10.1002/admi.202202488,Ag,47,In,49,PPy/SnO2,66,22,4356,150.709,100,6.87,5.33,3.6,0.85,200,Si,1.12,0.61,4.012944984,309,15.7137405,18.75,5,0,0,0,0,0,0,1
https://doi.org/10.1002/admi.202202488,Ag,47,In,49,PPy/SnO2,66,22,4356,150.709,100,6.87,5.33,3.6,0.85,200,Si,1.12,0.61,4,310,14.78557362,18.75,5,0,0,0,0,0,0,1
https://doi.org/10.1002/admi.202202488,Ag,47,In,49,PPy/SnO2,66,22,4356,150.709,100,6.87,5.33,3.6,0.85,200,Si,1.12,0.61,3.987138264,311,13.91400884,18.75,5,0,0,0,0,0,0,1
https://doi.org/10.1002/admi.202202488,Ag,47,In,49,PPy/SnO2,66,22,4356,150.709,100,6.87,5.33,3.6,0.85,200,Si,1.12,0.61,3.974358974,312,13.09670882,18.75,5,0,0,0,0,0,0,1
https://doi.org/10.1002/admi.202202488,Ag,47,In,49,PPy/SnO2,66,22,4356,150.709,100,6.87,5.33,3.6,0.85,200,Si,1.12,0.61,3.961661342,313,12.33133619,18.75,5,0,0,0,0,0,0,1
https://doi.org/10.1002/admi.202202488,Ag,47,In,49,PPy/SnO2,66,22,4356,150.709,100,6.87,5.33,3.6,0.85,200,Si,1.12,0.61,3.949044586,314,11.61555361,18.75,5,0,0,0,0,0,0,1
https://doi.org/10.1002/admi.202202488,Ag,47,In,49,PPy/SnO2,66,22,4356,150.709,100,6.87,5.33,3.6,0.85,200,Si,1.12,0.61,3.936507937,315,10.94702373,18.75,5,0,0,0,0,0,0,1
https://doi.org/10.1002/admi.202202488,Ag,47,In,49,PPy/SnO2,66,22,4356,150.709,100,6.87,5.33,3.6,0.85,200,Si,1.12,0.61,3.924050633,316,10.32340919,18.75,5,0,0,0,0,0,0,1
https://doi.org/10.1002/admi.202202488,Ag,47,In,49,PPy/SnO2,66,22,4356,150.709,100,6.87,5.33,3.6,0.85,200,Si,1.12,0.61,3.911671924,317,9.742372648,18.75,5,0,0,0,0,0,0,1
https://doi.org/10.1002/admi.202202488,Ag,47,In,49,PPy/SnO2,66,22,4356,150.709,100,6.87,5.33,3.6,0.85,200,Si,1.12,0.61,3.899371069,318,9.201576745,18.75,5,0,0,0,0,0,0,1
https://doi.org/10.1002/admi.202202488,Ag,47,In,49,PPy/SnO2,66,22,4356,150.709,100,6.87,5.33,3.6,0.85,200,Si,1.12,0.61,3.887147335,319,8.698684132,18.75,5,0,0,0,0,0,0,1
https://doi.org/10.1002/admi.202202488,Ag,47,In,49,PPy/SnO2,66,22,4356,150.709,100,6.87,5.33,3.6,0.85,200,Si,1.12,0.61,3.875,320,8.231357457,18.75,5,0,0,0,0,0,0,1
https://www.nature.com/articles/s41598-017-18166-4,Pt,78,Pt,78,Bi2Te3,322,64.4,103684,800.76,467,7.32,5.6,0.165,0.34,50,Si,1.12,0.61,3.815384615,325,18,2000,0.025,0,0,0,0,0,1,0
https://www.nature.com/articles/s41598-017-18166-4,Pt,78,Pt,78,Bi2Te3,322,64.4,103684,800.76,467,7.32,5.6,0.165,0.34,50,Si,1.12,0.61,3.815384615,325,20.81838491,2000,0.03,0,0,0,0,0,1,0
https://www.nature.com/articles/s41598-017-18166-4,Pt,78,Pt,78,Bi2Te3,322,64.4,103684,800.76,467,7.32,5.6,0.165,0.34,50,Si,1.12,0.61,3.815384615,325,23.42560755,2000,0.035,0,0,0,0,0,1,0
https://www.nature.com/articles/s41598-017-18166-4,Pt,78,Pt,78,Bi2Te3,322,64.4,103684,800.76,467,7.32,5.6,0.165,0.34,50,Si,1.12,0.61,3.815384615,325,25.82363774,2000,0.04,0,0,0,0,0,1,0
https://www.nature.com/articles/s41598-017-18166-4,Pt,78,Pt,78,Bi2Te3,322,64.4,103684,800.76,467,7.32,5.6,0.165,0.34,50,Si,1.12,0.61,3.815384615,325,28.01444528,2000,0.045,0,0,0,0,0,1,0
https://www.nature.com/articles/s41598-017-18166-4,Pt,78,Pt,78,Bi2Te3,322,64.4,103684,800.76,467,7.32,5.6,0.165,0.34,50,Si,1.12,0.61,3.815384615,325,30,2000,0.05,0,0,0,0,0,1,0
https://www.nature.com/articles/s41598-017-18166-4,Pt,78,Pt,78,Bi2Te3,322,64.4,103684,800.76,467,7.32,5.6,0.165,0.34,50,Si,1.12,0.61,3.815384615,325,31.7822717,2000,0.055,0,0,0,0,0,1,0
https://www.nature.com/articles/s41598-017-18166-4,Pt,78,Pt,78,Bi2Te3,322,64.4,103684,800.76,467,7.32,5.6,0.165,0.34,50,Si,1.12,0.61,3.815384615,325,33.36323019,2000,0.06,0,0,0,0,0,1,0
https://www.nature.com/articles/s41598-017-18166-4,Pt,78,Pt,78,Bi2Te3,322,64.4,103684,800.76,467,7.32,5.6,0.165,0.34,50,Si,1.12,0.61,3.815384615,325,34.74484528,2000,0.065,0,0,0,0,0,1,0
https://www.nature.com/articles/s41598-017-18166-4,Pt,78,Pt,78,Bi2Te3,322,64.4,103684,800.76,467,7.32,5.6,0.165,0.34,50,Si,1.12,0.61,3.815384615,325,35.92908679,2000,0.07,0,0,0,0,0,1,0
https://www.nature.com/articles/s41598-017-18166-4,Pt,78,Pt,78,Bi2Te3,322,64.4,103684,800.76,467,7.32,5.6,0.165,0.34,50,Si,1.12,0.61,3.815384615,325,36.91792453,2000,0.075,0,0,0,0,0,1,0
https://www.nature.com/articles/s41598-017-18166-4,Pt,78,Pt,78,Bi2Te3,322,64.4,103684,800.76,467,7.32,5.6,0.165,0.34,50,Si,1.12,0.61,3.815384615,325,37.7133283,2000,0.08,0,0,0,0,0,1,0
https://www.nature.com/articles/s41598-017-18166-4,Pt,78,Pt,78,Bi2Te3,322,64.4,103684,800.76,467,7.32,5.6,0.165,0.34,50,Si,1.12,0.61,3.815384615,325,38.31726792,2000,0.085,0,0,0,0,0,1,0
https://www.nature.com/articles/s41598-017-18166-4,Pt,78,Pt,78,Bi2Te3,322,64.4,103684,800.76,467,7.32,5.6,0.165,0.34,50,Si,1.12,0.61,3.815384615,325,38.73171321,2000,0.09,0,0,0,0,0,1,0
https://www.nature.com/articles/s41598-017-18166-4,Pt,78,Pt,78,Bi2Te3,322,64.4,103684,800.76,467,7.32,5.6,0.165,0.34,50,Si,1.12,0.61,3.815384615,325,38.95863396,2000,0.095,0,0,0,0,0,1,0
https://www.nature.com/articles/s41598-017-18166-4,Pt,78,Pt,78,Bi2Te3,322,64.4,103684,800.76,467,7.32,5.6,0.165,0.34,50,Si,1.12,0.61,3.815384615,325,39,2000,0.1,0,0,0,0,0,1,0
https://www.nature.com/articles/s41598-017-18166-4,Pt,78,Pt,78,Bi2Te3,322,64.4,103684,800.76,467,7.32,5.6,0.165,0.34,50,Si,1.12,0.61,3.815384615,325,38.87613962,2000,0.105,0,0,0,0,0,1,0
https://www.nature.com/articles/s41598-017-18166-4,Pt,78,Pt,78,Bi2Te3,322,64.4,103684,800.76,467,7.32,5.6,0.165,0.34,50,Si,1.12,0.61,3.815384615,325,38.68081509,2000,0.11,0,0,0,0,0,1,0
https://www.nature.com/articles/s41598-017-18166-4,Pt,78,Pt,78,Bi2Te3,322,64.4,103684,800.76,467,7.32,5.6,0.165,0.34,50,Si,1.12,0.61,3.815384615,325,38.52614717,2000,0.115,0,0,0,0,0,1,0
https://www.nature.com/articles/s41598-017-18166-4,Pt,78,Pt,78,Bi2Te3,322,64.4,103684,800.76,467,7.32,5.6,0.165,0.34,50,Si,1.12,0.61,3.815384615,325,38.5242566,2000,0.12,0,0,0,0,0,1,0
https://www.nature.com/articles/s41598-017-18166-4,Pt,78,Pt,78,Bi2Te3,322,64.4,103684,800.76,467,7.32,5.6,0.165,0.34,50,Si,1.12,0.61,3.815384615,325,38.78726415,2000,0.125,0,0,0,0,0,1,0
https://www.nature.com/articles/s41598-017-18166-4,Pt,78,Pt,78,Bi2Te3,322,64.4,103684,800.76,467,7.32,5.6,0.165,0.34,50,Si,1.12,0.61,3.815384615,325,39.42729057,2000,0.13,0,0,0,0,0,1,0
https://www.nature.com/articles/s41598-017-18166-4,Pt,78,Pt,78,Bi2Te3,322,64.4,103684,800.76,467,7.32,5.6,0.165,0.34,50,Si,1.12,0.61,3.815384615,325,40.5564566,2000,0.135,0,0,0,0,0,1,0
https://www.nature.com/articles/s41598-017-18166-4,Pt,78,Pt,78,Bi2Te3,322,64.4,103684,800.76,467,7.32,5.6,0.165,0.34,50,Si,1.12,0.61,3.815384615,325,42.28688302,2000,0.14,0,0,0,0,0,1,0
https://www.nature.com/articles/s41598-017-18166-4,Pt,78,Pt,78,Bi2Te3,322,64.4,103684,800.76,467,7.32,5.6,0.165,0.34,50,Si,1.12,0.61,3.815384615,325,44.73069057,2000,0.145,0,0,0,0,0,1,0
https://www.nature.com/articles/s41598-017-18166-4,Pt,78,Pt,78,Bi2Te3,322,64.4,103684,800.76,467,7.32,5.6,0.165,0.34,50,Si,1.12,0.61,3.815384615,325,48,2000,0.15,0,0,0,0,0,1,0
https://www.nature.com/articles/s41598-017-18166-4,Pt,78,Pt,78,Bi2Te3,322,64.4,103684,800.76,467,7.32,5.6,0.165,0.34,50,Si,1.12,0.61,3.815384615,325,52.16616981,2000,0.155,0,0,0,0,0,1,0
https://www.nature.com/articles/s41598-017-18166-4,Pt,78,Pt,78,Bi2Te3,322,64.4,103684,800.76,467,7.32,5.6,0.165,0.34,50,Si,1.12,0.61,3.815384615,325,57.13750943,2000,0.16,0,0,0,0,0,1,0
https://www.nature.com/articles/s41598-017-18166-4,Pt,78,Pt,78,Bi2Te3,322,64.4,103684,800.76,467,7.32,5.6,0.165,0.34,50,Si,1.12,0.61,3.815384615,325,62.78156604,2000,0.165,0,0,0,0,0,1,0
https://www.nature.com/articles/s41598-017-18166-4,Pt,78,Pt,78,Bi2Te3,322,64.4,103684,800.76,467,7.32,5.6,0.165,0.34,50,Si,1.12,0.61,3.815384615,325,68.96588679,2000,0.17,0,0,0,0,0,1,0
https://www.nature.com/articles/s41598-017-18166-4,Pt,78,Pt,78,Bi2Te3,322,64.4,103684,800.76,467,7.32,5.6,0.165,0.34,50,Si,1.12,0.61,3.815384615,325,75.55801887,2000,0.175,0,0,0,0,0,1,0
https://www.nature.com/articles/s41598-017-18166-4,Pt,78,Pt,78,Bi2Te3,322,64.4,103684,800.76,467,7.32,5.6,0.165,0.34,50,Si,1.12,0.61,3.815384615,325,82.42550943,2000,0.18,0,0,0,0,0,1,0
https://www.nature.com/articles/s41598-017-18166-4,Pt,78,Pt,78,Bi2Te3,322,64.4,103684,800.76,467,7.32,5.6,0.165,0.34,50,Si,1.12,0.61,3.815384615,325,89.43590566,2000,0.185,0,0,0,0,0,1,0
https://www.nature.com/articles/s41598-017-18166-4,Pt,78,Pt,78,Bi2Te3,322,64.4,103684,800.76,467,7.32,5.6,0.165,0.34,50,Si,1.12,0.61,3.815384615,325,96.45675472,2000,0.19,0,0,0,0,0,1,0
https://www.nature.com/articles/s41598-017-18166-4,Pt,78,Pt,78,Bi2Te3,322,64.4,103684,800.76,467,7.32,5.6,0.165,0.34,50,Si,1.12,0.61,3.815384615,325,103.3556038,2000,0.195,0,0,0,0,0,1,0
https://www.nature.com/articles/s41598-017-18166-4,Pt,78,Pt,78,Bi2Te3,322,64.4,103684,800.76,467,7.32,5.6,0.165,0.34,50,Si,1.12,0.61,3.815384615,325,110,2000,0.2,0,0,0,0,0,1,0
https://www.nature.com/articles/s41598-017-18166-4,Pt,78,Pt,78,Bi2Te3,322,64.4,103684,800.76,467,7.32,5.6,0.165,0.34,50,Si,1.12,0.61,3.815384615,325,116.2861811,2000,0.205,0,0,0,0,0,1,0
https://www.nature.com/articles/s41598-017-18166-4,Pt,78,Pt,78,Bi2Te3,322,64.4,103684,800.76,467,7.32,5.6,0.165,0.34,50,Si,1.12,0.61,3.815384615,325,122.2251472,2000,0.21,0,0,0,0,0,1,0
https://www.nature.com/articles/s41598-017-18166-4,Pt,78,Pt,78,Bi2Te3,322,64.4,103684,800.76,467,7.32,5.6,0.165,0.34,50,Si,1.12,0.61,3.815384615,325,127.8565887,2000,0.215,0,0,0,0,0,1,0
https://www.nature.com/articles/s41598-017-18166-4,Pt,78,Pt,78,Bi2Te3,322,64.4,103684,800.76,467,7.32,5.6,0.165,0.34,50,Si,1.12,0.61,3.815384615,325,133.2201962,2000,0.22,0,0,0,0,0,1,0
https://www.nature.com/articles/s41598-017-18166-4,Pt,78,Pt,78,Bi2Te3,322,64.4,103684,800.76,467,7.32,5.6,0.165,0.34,50,Si,1.12,0.61,3.815384615,325,138.3556604,2000,0.225,0,0,0,0,0,1,0
https://www.nature.com/articles/s41598-017-18166-4,Pt,78,Pt,78,Bi2Te3,322,64.4,103684,800.76,467,7.32,5.6,0.165,0.34,50,Si,1.12,0.61,3.815384615,325,143.3026717,2000,0.23,0,0,0,0,0,1,0
https://www.nature.com/articles/s41598-017-18166-4,Pt,78,Pt,78,Bi2Te3,322,64.4,103684,800.76,467,7.32,5.6,0.165,0.34,50,Si,1.12,0.61,3.815384615,325,148.1009208,2000,0.235,0,0,0,0,0,1,0
https://www.nature.com/articles/s41598-017-18166-4,Pt,78,Pt,78,Bi2Te3,322,64.4,103684,800.76,467,7.32,5.6,0.165,0.34,50,Si,1.12,0.61,3.815384615,325,152.7900981,2000,0.24,0,0,0,0,0,1,0
https://www.nature.com/articles/s41598-017-18166-4,Pt,78,Pt,78,Bi2Te3,322,64.4,103684,800.76,467,7.32,5.6,0.165,0.34,50,Si,1.12,0.61,3.815384615,325,157.4098943,2000,0.245,0,0,0,0,0,1,0
https://www.nature.com/articles/s41598-017-18166-4,Pt,78,Pt,78,Bi2Te3,322,64.4,103684,800.76,467,7.32,5.6,0.165,0.34,50,Si,1.12,0.61,3.815384615,325,162,2000,0.25,0,0,0,0,0,1,0
https://www.nature.com/articles/s41598-017-18166-4,Pt,78,Pt,78,Bi2Te3,322,64.4,103684,800.76,467,7.32,5.6,0.165,0.34,50,Si,1.12,0.61,3.815384615,325,166.6001057,2000,0.255,0,0,0,0,0,1,0
https://www.nature.com/articles/s41598-017-18166-4,Pt,78,Pt,78,Bi2Te3,322,64.4,103684,800.76,467,7.32,5.6,0.165,0.34,50,Si,1.12,0.61,3.815384615,325,171.2499019,2000,0.26,0,0,0,0,0,1,0
https://www.nature.com/articles/s41598-017-18166-4,Pt,78,Pt,78,Bi2Te3,322,64.4,103684,800.76,467,7.32,5.6,0.165,0.34,50,Si,1.12,0.61,3.815384615,325,175.9890792,2000,0.265,0,0,0,0,0,1,0
https://www.nature.com/articles/s41598-017-18166-4,Pt,78,Pt,78,Bi2Te3,322,64.4,103684,800.76,467,7.32,5.6,0.165,0.34,50,Si,1.12,0.61,3.815384615,325,180.8573283,2000,0.27,0,0,0,0,0,1,0
https://www.nature.com/articles/s41598-017-18166-4,Pt,78,Pt,78,Bi2Te3,322,64.4,103684,800.76,467,7.32,5.6,0.165,0.34,50,Si,1.12,0.61,3.815384615,325,185.8943396,2000,0.275,0,0,0,0,0,1,0
https://www.nature.com/articles/s41598-017-18166-4,Pt,78,Pt,78,Bi2Te3,322,64.4,103684,800.76,467,7.32,5.6,0.165,0.34,50,Si,1.12,0.61,3.815384615,325,191.1398038,2000,0.28,0,0,0,0,0,1,0
https://www.nature.com/articles/s41598-017-18166-4,Pt,78,Pt,78,Bi2Te3,322,64.4,103684,800.76,467,7.32,5.6,0.165,0.34,50,Si,1.12,0.61,3.815384615,325,196.6334113,2000,0.285,0,0,0,0,0,1,0
https://www.nature.com/articles/s41598-017-18166-4,Pt,78,Pt,78,Bi2Te3,322,64.4,103684,800.76,467,7.32,5.6,0.165,0.34,50,Si,1.12,0.61,3.815384615,325,202.4148528,2000,0.29,0,0,0,0,0,1,0
https://www.nature.com/articles/s41598-017-18166-4,Pt,78,Pt,78,Bi2Te3,322,64.4,103684,800.76,467,7.32,5.6,0.165,0.34,50,Si,1.12,0.61,3.815384615,325,208.5238189,2000,0.295,0,0,0,0,0,1,0
https://www.nature.com/articles/s41598-017-18166-4,Pt,78,Pt,78,Bi2Te3,322,64.4,103684,800.76,467,7.32,5.6,0.165,0.34,50,Si,1.12,0.61,3.815384615,325,215,2000,0.3,0,0,0,0,0,1,0
https://link.springer.com/article/10.1140/epjs/s11734-025-01487-1,Pt,78,Ti/Au,79,Ga2O3,86,17.2,7396,187.443,200,5.89,4.8,4.76,2.4,1930,Ga2O3,4.76,2.4,91.85185185,13.5,0.05531,0.02346,0,0,0,0,1,0,0,0
https://link.springer.com/article/10.1140/epjs/s11734-025-01487-1,Pt,78,Ti/Au,79,Ga2O3,86,17.2,7396,187.443,200,5.89,4.8,4.76,2.4,1930,Ga2O3,4.76,2.4,9.538461538,130,0.02,0.02346,0,0,0,0,1,0,0,0
https://link.springer.com/article/10.1140/epjs/s11734-025-01487-1,Pt,78,Ti/Au,79,Ga2O3,86,17.2,7396,187.443,200,5.89,4.8,4.76,2.4,1930,Ga2O3,4.76,2.4,9.393939394,132,0.016263353,0.02346,0,0,0,0,1,0,0,0
https://link.springer.com/article/10.1140/epjs/s11734-025-01487-1,Pt,78,Ti/Au,79,Ga2O3,86,17.2,7396,187.443,200,5.89,4.8,4.76,2.4,1930,Ga2O3,4.76,2.4,9.253731343,134,0.013972528,0.02346,0,0,0,0,1,0,0,0
https://link.springer.com/article/10.1140/epjs/s11734-025-01487-1,Pt,78,Ti/Au,79,Ga2O3,86,17.2,7396,187.443,200,5.89,4.8,4.76,2.4,1930,Ga2O3,4.76,2.4,9.117647059,136,0.012950026,0.02346,0,0,0,0,1,0,0,0
https://link.springer.com/article/10.1140/epjs/s11734-025-01487-1,Pt,78,Ti/Au,79,Ga2O3,86,17.2,7396,187.443,200,5.89,4.8,4.76,2.4,1930,Ga2O3,4.76,2.4,8.985507246,138,0.013018349,0.02346,0,0,0,0,1,0,0,0
https://link.springer.com/article/10.1140/epjs/s11734-025-01487-1,Pt,78,Ti/Au,79,Ga2O3,86,17.2,7396,187.443,200,5.89,4.8,4.76,2.4,1930,Ga2O3,4.76,2.4,8.857142857,140,0.014,0.02346,0,0,0,0,1,0,0,0
https://link.springer.com/article/10.1140/epjs/s11734-025-01487-1,Pt,78,Ti/Au,79,Ga2O3,86,17.2,7396,187.443,200,5.89,4.8,4.76,2.4,1930,Ga2O3,4.76,2.4,8.732394366,142,0.015717481,0.02346,0,0,0,0,1,0,0,0
https://link.springer.com/article/10.1140/epjs/s11734-025-01487-1,Pt,78,Ti/Au,79,Ga2O3,86,17.2,7396,187.443,200,5.89,4.8,4.76,2.4,1930,Ga2O3,4.76,2.4,8.611111111,144,0.017993293,0.02346,0,0,0,0,1,0,0,0
https://link.springer.com/article/10.1140/epjs/s11734-025-01487-1,Pt,78,Ti/Au,79,Ga2O3,86,17.2,7396,187.443,200,5.89,4.8,4.76,2.4,1930,Ga2O3,4.76,2.4,8.493150685,146,0.02064994,0.02346,0,0,0,0,1,0,0,0
https://link.springer.com/article/10.1140/epjs/s11734-025-01487-1,Pt,78,Ti/Au,79,Ga2O3,86,17.2,7396,187.443,200,5.89,4.8,4.76,2.4,1930,Ga2O3,4.76,2.4,8.378378378,148,0.023509922,0.02346,0,0,0,0,1,0,0,0
https://link.springer.com/article/10.1140/epjs/s11734-025-01487-1,Pt,78,Ti/Au,79,Ga2O3,86,17.2,7396,187.443,200,5.89,4.8,4.76,2.4,1930,Ga2O3,4.76,2.4,8.266666667,150,0.026395743,0.02346,0,0,0,0,1,0,0,0
https://link.springer.com/article/10.1140/epjs/s11734-025-01487-1,Pt,78,Ti/Au,79,Ga2O3,86,17.2,7396,187.443,200,5.89,4.8,4.76,2.4,1930,Ga2O3,4.76,2.4,8.157894737,152,0.029129905,0.02346,0,0,0,0,1,0,0,0
https://link.springer.com/article/10.1140/epjs/s11734-025-01487-1,Pt,78,Ti/Au,79,Ga2O3,86,17.2,7396,187.443,200,5.89,4.8,4.76,2.4,1930,Ga2O3,4.76,2.4,8.051948052,154,0.031534909,0.02346,0,0,0,0,1,0,0,0
https://link.springer.com/article/10.1140/epjs/s11734-025-01487-1,Pt,78,Ti/Au,79,Ga2O3,86,17.2,7396,187.443,200,5.89,4.8,4.76,2.4,1930,Ga2O3,4.76,2.4,7.948717949,156,0.033433259,0.02346,0,0,0,0,1,0,0,0
https://link.springer.com/article/10.1140/epjs/s11734-025-01487-1,Pt,78,Ti/Au,79,Ga2O3,86,17.2,7396,187.443,200,5.89,4.8,4.76,2.4,1930,Ga2O3,4.76,2.4,7.848101266,158,0.034647455,0.02346,0,0,0,0,1,0,0,0
https://link.springer.com/article/10.1140/epjs/s11734-025-01487-1,Pt,78,Ti/Au,79,Ga2O3,86,17.2,7396,187.443,200,5.89,4.8,4.76,2.4,1930,Ga2O3,4.76,2.4,7.75,160,0.035,0.02346,0,0,0,0,1,0,0,0
https://link.springer.com/article/10.1140/epjs/s11734-025-01487-1,Pt,78,Ti/Au,79,Ga2O3,86,17.2,7396,187.443,200,5.89,4.8,4.76,2.4,1930,Ga2O3,4.76,2.4,7.654320988,162,0.034434589,0.02346,0,0,0,0,1,0,0,0
https://link.springer.com/article/10.1140/epjs/s11734-025-01487-1,Pt,78,Ti/Au,79,Ga2O3,86,17.2,7396,187.443,200,5.89,4.8,4.76,2.4,1930,Ga2O3,4.76,2.4,7.56097561,164,0.033379682,0.02346,0,0,0,0,1,0,0,0
https://link.springer.com/article/10.1140/epjs/s11734-025-01487-1,Pt,78,Ti/Au,79,Ga2O3,86,17.2,7396,187.443,200,5.89,4.8,4.76,2.4,1930,Ga2O3,4.76,2.4,7.469879518,166,0.032384935,0.02346,0,0,0,0,1,0,0,0
https://link.springer.com/article/10.1140/epjs/s11734-025-01487-1,Pt,78,Ti/Au,79,Ga2O3,86,17.2,7396,187.443,200,5.89,4.8,4.76,2.4,1930,Ga2O3,4.76,2.4,7.380952381,168,0.032,0.02346,0,0,0,0,1,0,0,0
https://link.springer.com/article/10.1140/epjs/s11734-025-01487-1,Pt,78,Ti/Au,79,Ga2O3,86,17.2,7396,187.443,200,5.89,4.8,4.76,2.4,1930,Ga2O3,4.76,2.4,7.294117647,170,0.032618849,0.02346,0,0,0,0,1,0,0,0
https://link.springer.com/article/10.1140/epjs/s11734-025-01487-1,Pt,78,Ti/Au,79,Ga2O3,86,17.2,7396,187.443,200,5.89,4.8,4.76,2.4,1930,Ga2O3,4.76,2.4,7.209302326,172,0.034012718,0.02346,0,0,0,0,1,0,0,0
https://link.springer.com/article/10.1140/epjs/s11734-025-01487-1,Pt,78,Ti/Au,79,Ga2O3,86,17.2,7396,187.443,200,5.89,4.8,4.76,2.4,1930,Ga2O3,4.76,2.4,7.126436782,174,0.035797164,0.02346,0,0,0,0,1,0,0,0
https://link.springer.com/article/10.1140/epjs/s11734-025-01487-1,Pt,78,Ti/Au,79,Ga2O3,86,17.2,7396,187.443,200,5.89,4.8,4.76,2.4,1930,Ga2O3,4.76,2.4,7.045454545,176,0.037587739,0.02346,0,0,0,0,1,0,0,0
https://link.springer.com/article/10.1140/epjs/s11734-025-01487-1,Pt,78,Ti/Au,79,Ga2O3,86,17.2,7396,187.443,200,5.89,4.8,4.76,2.4,1930,Ga2O3,4.76,2.4,6.966292135,178,0.039,0.02346,0,0,0,0,1,0,0,0
https://link.springer.com/article/10.1140/epjs/s11734-025-01487-1,Pt,78,Ti/Au,79,Ga2O3,86,17.2,7396,187.443,200,5.89,4.8,4.76,2.4,1930,Ga2O3,4.76,2.4,6.888888889,180,0.0396495,0.02346,0,0,0,0,1,0,0,0
https://link.springer.com/article/10.1140/epjs/s11734-025-01487-1,Pt,78,Ti/Au,79,Ga2O3,86,17.2,7396,187.443,200,5.89,4.8,4.76,2.4,1930,Ga2O3,4.76,2.4,6.813186813,182,0.039151794,0.02346,0,0,0,0,1,0,0,0
https://link.springer.com/article/10.1140/epjs/s11734-025-01487-1,Pt,78,Ti/Au,79,Ga2O3,86,17.2,7396,187.443,200,5.89,4.8,4.76,2.4,1930,Ga2O3,4.76,2.4,6.739130435,184,0.037122436,0.02346,0,0,0,0,1,0,0,0
https://link.springer.com/article/10.1140/epjs/s11734-025-01487-1,Pt,78,Ti/Au,79,Ga2O3,86,17.2,7396,187.443,200,5.89,4.8,4.76,2.4,1930,Ga2O3,4.76,2.4,6.666666667,186,0.033176982,0.02346,0,0,0,0,1,0,0,0
https://link.springer.com/article/10.1140/epjs/s11734-025-01487-1,Pt,78,Ti/Au,79,Ga2O3,86,17.2,7396,187.443,200,5.89,4.8,4.76,2.4,1930,Ga2O3,4.76,2.4,6.595744681,188,0.026930985,0.02346,0,0,0,0,1,0,0,0
https://link.springer.com/article/10.1140/epjs/s11734-025-01487-1,Pt,78,Ti/Au,79,Ga2O3,86,17.2,7396,187.443,200,5.89,4.8,4.76,2.4,1930,Ga2O3,4.76,2.4,6.526315789,190,0.018,0.02346,0,0,0,0,1,0,0,0
https://link.springer.com/article/10.1140/epjs/s11734-025-01487-1,Pt,78,Ti/Au,79,Ga2O3,86,17.2,7396,187.443,200,5.89,4.8,4.76,2.4,1930,Ga2O3,4.76,2.4,91.85185185,13.5,0.042,0.0025,0,0,0,0,1,0,0,0
https://link.springer.com/article/10.1140/epjs/s11734-025-01487-1,Pt,78,Ti/Au,79,Ga2O3,86,17.2,7396,187.443,200,5.89,4.8,4.76,2.4,1930,Ga2O3,4.76,2.4,91.85185185,13.5,0.038,0.0074,0,0,0,0,1,0,0,0
https://link.springer.com/article/10.1140/epjs/s11734-025-01487-1,Pt,78,Ti/Au,79,Ga2O3,86,17.2,7396,187.443,200,5.89,4.8,4.76,2.4,1930,Ga2O3,4.76,2.4,91.85185185,13.5,0.051,0.0099,0,0,0,0,1,0,0,0
https://link.springer.com/article/10.1140/epjs/s11734-025-01487-1,Pt,78,Ti/Au,79,Ga2O3,86,17.2,7396,187.443,200,5.89,4.8,4.76,2.4,1930,Ga2O3,4.76,2.4,91.85185185,13.5,0.052,0.0148,0,0,0,0,1,0,0,0
https://link.springer.com/article/10.1140/epjs/s11734-025-01487-1,Pt,78,Ti/Au,79,Ga2O3,86,17.2,7396,187.443,200,5.89,4.8,4.76,2.4,1930,Ga2O3,4.76,2.4,91.85185185,13.5,0.053,0.0175,0,0,0,0,1,0,0,0
https://link.springer.com/article/10.1140/epjs/s11734-025-01487-1,Pt,78,Ti/Au,79,Ga2O3,86,17.2,7396,187.443,200,5.89,4.8,4.76,2.4,1930,Ga2O3,4.76,2.4,91.85185185,13.5,0.054,0.0214,0,0,0,0,1,0,0,0
https://link.springer.com/article/10.1140/epjs/s11734-025-01487-1,Pt,78,Ti/Au,79,Ga2O3,86,17.2,7396,187.443,200,5.89,4.8,4.76,2.4,1930,Ga2O3,4.76,2.4,91.85185185,13.5,0.05531,0.02346,0,0,0,0,1,0,0,0
https://pubs.acs.org/doi/10.1021/acsphotonics.5b00164,Au,79,FTO,66,CH3NH3PbI3,260,21.66,67600,605.971,7000,4.28,3.33,1.5,1.57,250,SiO2,8.9,5.72,2.952380952,420,0.26,100,0,0,1,0,0,0,0,0
https://pubs.acs.org/doi/10.1021/acsphotonics.5b00164,Au,79,FTO,67,CH3NH3PbI3,260,21.66,67600,605.971,7000,4.28,3.33,1.5,1.57,250,SiO2,8.9,5.72,2.88372093,430,0.271569378,100,0,0,1,0,0,0,0,0
https://pubs.acs.org/doi/10.1021/acsphotonics.5b00164,Au,79,FTO,68,CH3NH3PbI3,260,21.66,67600,605.971,7000,4.28,3.33,1.5,1.57,250,SiO2,8.9,5.72,2.818181818,440,0.281079143,100,0,0,1,0,0,0,0,0
https://pubs.acs.org/doi/10.1021/acsphotonics.5b00164,Au,79,FTO,69,CH3NH3PbI3,260,21.66,67600,605.971,7000,4.28,3.33,1.5,1.57,250,SiO2,8.9,5.72,2.755555556,450,0.288879761,100,0,0,1,0,0,0,0,0
https://pubs.acs.org/doi/10.1021/acsphotonics.5b00164,Au,79,FTO,70,CH3NH3PbI3,260,21.66,67600,605.971,7000,4.28,3.33,1.5,1.57,250,SiO2,8.9,5.72,2.695652174,460,0.295321692,100,0,0,1,0,0,0,0,0
https://pubs.acs.org/doi/10.1021/acsphotonics.5b00164,Au,79,FTO,71,CH3NH3PbI3,260,21.66,67600,605.971,7000,4.28,3.33,1.5,1.57,250,SiO2,8.9,5.72,2.638297872,470,0.3007554,100,0,0,1,0,0,0,0,0
https://pubs.acs.org/doi/10.1021/acsphotonics.5b00164,Au,79,FTO,72,CH3NH3PbI3,260,21.66,67600,605.971,7000,4.28,3.33,1.5,1.57,250,SiO2,8.9,5.72,2.583333333,480,0.305531349,100,0,0,1,0,0,0,0,0
https://pubs.acs.org/doi/10.1021/acsphotonics.5b00164,Au,79,FTO,73,CH3NH3PbI3,260,21.66,67600,605.971,7000,4.28,3.33,1.5,1.57,250,SiO2,8.9,5.72,2.530612245,490,0.31,100,0,0,1,0,0,0,0,0
https://pubs.acs.org/doi/10.1021/acsphotonics.5b00164,Au,79,FTO,74,CH3NH3PbI3,260,21.66,67600,605.971,7000,4.28,3.33,1.5,1.57,250,SiO2,8.9,5.72,2.48,500,0.314511817,100,0,0,1,0,0,0,0,0
https://pubs.acs.org/doi/10.1021/acsphotonics.5b00164,Au,79,FTO,75,CH3NH3PbI3,260,21.66,67600,605.971,7000,4.28,3.33,1.5,1.57,250,SiO2,8.9,5.72,2.431372549,510,0.319417263,100,0,0,1,0,0,0,0,0
https://pubs.acs.org/doi/10.1021/acsphotonics.5b00164,Au,79,FTO,76,CH3NH3PbI3,260,21.66,67600,605.971,7000,4.28,3.33,1.5,1.57,250,SiO2,8.9,5.72,2.384615385,520,0.3250668,100,0,0,1,0,0,0,0,0
https://pubs.acs.org/doi/10.1021/acsphotonics.5b00164,Au,79,FTO,77,CH3NH3PbI3,260,21.66,67600,605.971,7000,4.28,3.33,1.5,1.57,250,SiO2,8.9,5.72,2.339622642,530,0.331810891,100,0,0,1,0,0,0,0,0
https://pubs.acs.org/doi/10.1021/acsphotonics.5b00164,Au,79,FTO,78,CH3NH3PbI3,260,21.66,67600,605.971,7000,4.28,3.33,1.5,1.57,250,SiO2,8.9,5.72,2.296296296,540,0.34,100,0,0,1,0,0,0,0,0
https://pubs.acs.org/doi/10.1021/acsphotonics.5b00164,Au,79,FTO,79,CH3NH3PbI3,260,21.66,67600,605.971,7000,4.28,3.33,1.5,1.57,250,SiO2,8.9,5.72,2.254545455,550,0.34971095,100,0,0,1,0,0,0,0,0
https://pubs.acs.org/doi/10.1021/acsphotonics.5b00164,Au,79,FTO,80,CH3NH3PbI3,260,21.66,67600,605.971,7000,4.28,3.33,1.5,1.57,250,SiO2,8.9,5.72,2.214285714,560,0.359926012,100,0,0,1,0,0,0,0,0
https://pubs.acs.org/doi/10.1021/acsphotonics.5b00164,Au,79,FTO,81,CH3NH3PbI3,260,21.66,67600,605.971,7000,4.28,3.33,1.5,1.57,250,SiO2,8.9,5.72,2.175438596,570,0.369353817,100,0,0,1,0,0,0,0,0
https://pubs.acs.org/doi/10.1021/acsphotonics.5b00164,Au,79,FTO,82,CH3NH3PbI3,260,21.66,67600,605.971,7000,4.28,3.33,1.5,1.57,250,SiO2,8.9,5.72,2.137931034,580,0.376702996,100,0,0,1,0,0,0,0,0
https://pubs.acs.org/doi/10.1021/acsphotonics.5b00164,Au,79,FTO,83,CH3NH3PbI3,260,21.66,67600,605.971,7000,4.28,3.33,1.5,1.57,250,SiO2,8.9,5.72,2.101694915,590,0.380682179,100,0,0,1,0,0,0,0,0
https://pubs.acs.org/doi/10.1021/acsphotonics.5b00164,Au,79,FTO,84,CH3NH3PbI3,260,21.66,67600,605.971,7000,4.28,3.33,1.5,1.57,250,SiO2,8.9,5.72,2.066666667,600,0.38,100,0,0,1,0,0,0,0,0
https://pubs.acs.org/doi/10.1021/acsphotonics.5b00164,Au,79,FTO,85,CH3NH3PbI3,260,21.66,67600,605.971,7000,4.28,3.33,1.5,1.57,250,SiO2,8.9,5.72,2.032786885,610,0.373871702,100,0,0,1,0,0,0,0,0
https://pubs.acs.org/doi/10.1021/acsphotonics.5b00164,Au,79,FTO,86,CH3NH3PbI3,260,21.66,67600,605.971,7000,4.28,3.33,1.5,1.57,250,SiO2,8.9,5.72,2,620,0.363538983,100,0,0,1,0,0,0,0,0
https://pubs.acs.org/doi/10.1021/acsphotonics.5b00164,Au,79,FTO,87,CH3NH3PbI3,260,21.66,67600,605.971,7000,4.28,3.33,1.5,1.57,250,SiO2,8.9,5.72,1.968253968,630,0.350750156,100,0,0,1,0,0,0,0,0
https://pubs.acs.org/doi/10.1021/acsphotonics.5b00164,Au,79,FTO,88,CH3NH3PbI3,260,21.66,67600,605.971,7000,4.28,3.33,1.5,1.57,250,SiO2,8.9,5.72,1.9375,640,0.337253533,100,0,0,1,0,0,0,0,0
https://pubs.acs.org/doi/10.1021/acsphotonics.5b00164,Au,79,FTO,89,CH3NH3PbI3,260,21.66,67600,605.971,7000,4.28,3.33,1.5,1.57,250,SiO2,8.9,5.72,1.907692308,650,0.324797424,100,0,0,1,0,0,0,0,0
https://pubs.acs.org/doi/10.1021/acsphotonics.5b00164,Au,79,FTO,90,CH3NH3PbI3,260,21.66,67600,605.971,7000,4.28,3.33,1.5,1.57,250,SiO2,8.9,5.72,1.878787879,660,0.315130143,100,0,0,1,0,0,0,0,0
https://pubs.acs.org/doi/10.1021/acsphotonics.5b00164,Au,79,FTO,91,CH3NH3PbI3,260,21.66,67600,605.971,7000,4.28,3.33,1.5,1.57,250,SiO2,8.9,5.72,1.850746269,670,0.31,100,0,0,1,0,0,0,0,0
https://pubs.acs.org/doi/10.1021/acsphotonics.5b00164,Au,79,FTO,92,CH3NH3PbI3,260,21.66,67600,605.971,7000,4.28,3.33,1.5,1.57,250,SiO2,8.9,5.72,1.823529412,680,0.310810289,100,0,0,1,0,0,0,0,0
https://pubs.acs.org/doi/10.1021/acsphotonics.5b00164,Au,79,FTO,93,CH3NH3PbI3,260,21.66,67600,605.971,7000,4.28,3.33,1.5,1.57,250,SiO2,8.9,5.72,1.797101449,690,0.317584223,100,0,0,1,0,0,0,0,0
https://pubs.acs.org/doi/10.1021/acsphotonics.5b00164,Au,79,FTO,94,CH3NH3PbI3,260,21.66,67600,605.971,7000,4.28,3.33,1.5,1.57,250,SiO2,8.9,5.72,1.771428571,700,0.33,100,0,0,1,0,0,0,0,0
https://pubs.acs.org/doi/10.1021/acsphotonics.5b00164,Au,79,FTO,95,CH3NH3PbI3,260,21.66,67600,605.971,7000,4.28,3.33,1.5,1.57,250,SiO2,8.9,5.72,1.746478873,710,0.346732267,100,0,0,1,0,0,0,0,0
https://pubs.acs.org/doi/10.1021/acsphotonics.5b00164,Au,79,FTO,96,CH3NH3PbI3,260,21.66,67600,605.971,7000,4.28,3.33,1.5,1.57,250,SiO2,8.9,5.72,1.722222222,720,0.362441487,100,0,0,1,0,0,0,0,0
https://pubs.acs.org/doi/10.1021/acsphotonics.5b00164,Au,79,FTO,97,CH3NH3PbI3,260,21.66,67600,605.971,7000,4.28,3.33,1.5,1.57,250,SiO2,8.9,5.72,1.698630137,730,0.370784572,100,0,0,1,0,0,0,0,0
https://pubs.acs.org/doi/10.1021/acsphotonics.5b00164,Au,79,FTO,98,CH3NH3PbI3,260,21.66,67600,605.971,7000,4.28,3.33,1.5,1.57,250,SiO2,8.9,5.72,1.675675676,740,0.365418438,100,0,0,1,0,0,0,0,0
https://pubs.acs.org/doi/10.1021/acsphotonics.5b00164,Au,79,FTO,99,CH3NH3PbI3,260,21.66,67600,605.971,7000,4.28,3.33,1.5,1.57,250,SiO2,8.9,5.72,1.653333333,750,0.34,100,0,0,1,0,0,0,0,0
https://pubs.acs.org/doi/10.1021/acsphotonics.5b00164,Au,79,FTO,100,CH3NH3PbI3,260,21.66,67600,605.971,7000,4.28,3.33,1.5,1.57,250,SiO2,8.9,5.72,1.631578947,760,0.288186171,100,0,0,1,0,0,0,0,0
https://pubs.acs.org/doi/10.1021/acsphotonics.5b00164,Au,79,FTO,101,CH3NH3PbI3,260,21.66,67600,605.971,7000,4.28,3.33,1.5,1.57,250,SiO2,8.9,5.72,1.61038961,770,0.203633866,100,0,0,1,0,0,0,0,0
https://pubs.acs.org/doi/10.1021/acsphotonics.5b00164,Au,79,FTO,102,CH3NH3PbI3,260,21.66,67600,605.971,7000,4.28,3.33,1.5,1.57,250,SiO2,8.9,5.72,1.58974359,780,0.08,100,0,0,1,0,0,0,0,0
https://pubs.acs.org/doi/10.1021/acsphotonics.5b00164,Au,79,FTO,102,CH3NH3PbI3,260,21.66,67600,605.971,7000,4.28,3.33,1.5,1.57,250,SiO2,8.9,5.72,2.066666667,600,0.37,100,0.5,0,1,0,0,0,0,0
https://pubs.acs.org/doi/10.1021/acsphotonics.5b00164,Au,79,FTO,102,CH3NH3PbI3,260,21.66,67600,605.971,7000,4.28,3.33,1.5,1.57,250,SiO2,8.9,5.72,2.066666667,600,0.398,100,1,0,1,0,0,0,0,0
https://pubs.acs.org/doi/10.1021/acsphotonics.5b00164,Au,79,FTO,102,CH3NH3PbI3,260,21.66,67600,605.971,7000,4.28,64,1.5,1.57,250,SiO2,8.9,5.72,1.9375,640,0.368,10,0,0,1,0,0,0,0,0
https://pubs.acs.org/doi/10.1021/acsphotonics.5b00164,Au,79,FTO,102,CH3NH3PbI3,260,21.66,67600,605.971,7000,4.28,64,1.5,1.57,250,SiO2,8.9,5.72,1.9375,640,0.367,20,0,0,1,0,0,0,0,0
https://pubs.acs.org/doi/10.1021/acsphotonics.5b00164,Au,79,FTO,102,CH3NH3PbI3,260,21.66,67600,605.971,7000,4.28,64,1.5,1.57,250,SiO2,8.9,5.72,1.9375,640,0.365,40,0,0,1,0,0,0,0,0
https://pubs.acs.org/doi/10.1021/acsphotonics.5b00164,Au,79,FTO,102,CH3NH3PbI3,260,21.66,67600,605.971,7000,4.28,64,1.5,1.57,250,SiO2,8.9,5.72,1.9375,640,0.363,60,0,0,1,0,0,0,0,0
https://pubs.acs.org/doi/10.1021/acsphotonics.5b00164,Au,79,FTO,102,CH3NH3PbI3,260,21.66,67600,605.971,7000,4.28,64,1.5,1.57,250,SiO2,8.9,5.72,1.9375,640,0.361,80,0,0,1,0,0,0,0,0
https://pubs.acs.org/doi/10.1021/acsphotonics.5b00164,Au,79,FTO,102,CH3NH3PbI3,260,21.66,67600,605.971,7000,4.28,64,1.5,1.57,250,SiO2,8.9,5.72,1.9375,640,0.359,100,0,0,1,0,0,0,0,0
https://pubs.acs.org/doi/10.1021/acsphotonics.5b00164,Au,79,FTO,102,CH3NH3PbI3,260,21.66,67600,605.971,7000,4.28,64,1.5,1.57,250,SiO2,8.9,5.72,1.9375,640,0.358555556,300,0,0,1,0,0,0,0,0
https://pubs.acs.org/doi/10.1021/acsphotonics.5b00164,Au,79,FTO,102,CH3NH3PbI3,260,21.66,67600,605.971,7000,4.28,64,1.5,1.57,250,SiO2,8.9,5.72,1.9375,640,0.358111111,500,0,0,1,0,0,0,0,0
https://pubs.acs.org/doi/10.1021/acsphotonics.5b00164,Au,79,FTO,102,CH3NH3PbI3,260,21.66,67600,605.971,7000,4.28,64,1.5,1.57,250,SiO2,8.9,5.72,1.9375,640,0.357666667,700,0,0,1,0,0,0,0,0
https://pubs.acs.org/doi/10.1021/acsphotonics.5b00164,Au,79,FTO,102,CH3NH3PbI3,260,21.66,67600,605.971,7000,4.28,64,1.5,1.57,250,SiO2,8.9,5.72,1.9375,640,0.357,1000,0,0,1,0,0,0,0,0
https://pubs.acs.org/doi/10.1021/acsphotonics.5b00164,Au,79,FTO,102,CH3NH3PbI3,260,21.66,67600,605.971,7000,4.28,64,1.5,1.57,250,SiO2,8.9,5.72,1.9375,640,0.356444444,2000,0,0,1,0,0,0,0,0
https://pubs.acs.org/doi/10.1021/acsphotonics.5b00164,Au,79,FTO,102,CH3NH3PbI3,260,21.66,67600,605.971,7000,4.28,64,1.5,1.57,250,SiO2,8.9,5.72,1.9375,640,0.354777778,5000,0,0,1,0,0,0,0,0
https://pubs.acs.org/doi/10.1021/acsphotonics.5b00164,Au,79,FTO,102,CH3NH3PbI3,260,21.66,67600,605.971,7000,4.28,64,1.5,1.57,250,SiO2,8.9,5.72,1.9375,640,0.353111111,8000,0,0,1,0,0,0,0,0
https://pubs.acs.org/doi/10.1021/acsphotonics.5b00164,Au,79,FTO,102,CH3NH3PbI3,260,21.66,67600,605.971,7000,4.28,64,1.5,1.57,250,SiO2,8.9,5.72,1.9375,640,0.352,10000,0,0,1,0,0,0,0,0
https://www.nature.com/articles/s41377-024-01670-4,Al,13,Al,13,Ge,32,32,1024,72.64,3800,5.28,4,0.66,0.66,302000,Ge,0.66,0.66,6.2,200,0.2023,0.264968153,0,1,0,0,0,0,0,0
https://www.nature.com/articles/s41377-024-01670-4,Al,13,Al,13,Ge,32,32,1024,72.64,3800,5.28,4,0.66,0.66,302000,Ge,0.66,0.66,6.048780488,205,0.2038,0.417834395,0,1,0,0,0,0,0,0
https://www.nature.com/articles/s41377-024-01670-4,Al,13,Al,13,Ge,32,32,1024,72.64,3800,5.28,4,0.66,0.66,302000,Ge,0.66,0.66,5.904761905,210,0.2096,0.560509554,0,1,0,0,0,0,0,0
https://www.nature.com/articles/s41377-024-01670-4,Al,13,Al,13,Ge,32,32,1024,72.64,3800,5.28,4,0.66,0.66,302000,Ge,0.66,0.66,5.76744186,215,0.2169,0.713375796,0,1,0,0,0,0,0,0
https://www.nature.com/articles/s41377-024-01670-4,Al,13,Al,13,Ge,32,32,1024,72.64,3800,5.28,4,0.66,0.66,302000,Ge,0.66,0.66,5.636363636,220,0.2226,0.866242038,0,1,0,0,0,0,0,0
https://www.nature.com/articles/s41377-024-01670-4,Al,13,Al,13,Ge,32,32,1024,72.64,3800,5.28,4,0.66,0.66,302000,Ge,0.66,0.66,5.511111111,225,0.227,1.01910828,0,1,0,0,0,0,0,0
https://www.nature.com/articles/s41377-024-01670-4,Al,13,Al,13,Ge,32,32,1024,72.64,3800,5.28,4,0.66,0.66,302000,Ge,0.66,0.66,5.391304348,230,0.2305,1.121019108,0,1,0,0,0,0,0,0
https://www.nature.com/articles/s41377-024-01670-4,Al,13,Al,13,Ge,32,32,1024,72.64,3800,5.28,4,0.66,0.66,302000,Ge,0.66,0.66,5.276595745,235,0.2336,1.222929936,0,1,0,0,0,0,0,0
https://www.nature.com/articles/s41377-024-01670-4,Al,13,Al,13,Ge,32,32,1024,72.64,3800,5.28,4,0.66,0.66,302000,Ge,0.66,0.66,5.166666667,240,0.2356,1.27388535,0,1,0,0,0,0,0,0
https://www.nature.com/articles/s41377-024-01670-4,Al,13,Al,13,Ge,32,32,1024,72.64,3800,5.28,4,0.66,0.66,302000,Ge,0.66,0.66,5.06122449,245,0.2369,1.375796178,0,1,0,0,0,0,0,0
https://www.nature.com/articles/s41377-024-01670-4,Al,13,Al,13,Ge,32,32,1024,72.64,3800,5.28,4,0.66,0.66,302000,Ge,0.66,0.66,4.96,250,0.2375,1.426751592,0,1,0,0,0,0,0,0
https://www.nature.com/articles/s41377-024-01670-4,Al,13,Al,13,Ge,32,32,1024,72.64,3800,5.28,4,0.66,0.66,302000,Ge,0.66,0.66,4.862745098,255,0.2371,1.52866242,0,1,0,0,0,0,0,0
https://www.nature.com/articles/s41377-024-01670-4,Al,13,Al,13,Ge,32,32,1024,72.64,3800,5.28,4,0.66,0.66,302000,Ge,0.66,0.66,4.769230769,260,0.2359,1.579617834,0,1,0,0,0,0,0,0
https://www.nature.com/articles/s41377-024-01670-4,Al,13,Al,13,Ge,32,32,1024,72.64,3800,5.28,4,0.66,0.66,302000,Ge,0.66,0.66,4.679245283,265,0.2359,1.630573248,0,1,0,0,0,0,0,0
https://www.nature.com/articles/s41377-024-01670-4,Al,13,Al,13,Ge,32,32,1024,72.64,3800,5.28,4,0.66,0.66,302000,Ge,0.66,0.66,4.592592593,270,0.2366,1.171974522,0,1,0,0,0,0,0,0
https://www.nature.com/articles/s41377-024-01670-4,Al,13,Al,13,Ge,32,32,1024,72.64,3800,5.28,4,0.66,0.66,302000,Ge,0.66,0.66,4.509090909,275,0.2381,0.815286624,0,1,0,0,0,0,0,0
https://www.nature.com/articles/s41377-024-01670-4,Al,13,Al,13,Ge,32,32,1024,72.64,3800,5.28,4,0.66,0.66,302000,Ge,0.66,0.66,4.428571429,280,0.2417,1.01910828,0,1,0,0,0,0,0,0
https://www.nature.com/articles/s41377-024-01670-4,Al,13,Al,13,Ge,32,32,1024,72.64,3800,5.28,4,0.66,0.66,302000,Ge,0.66,0.66,4.350877193,285,0.2428,1.171974522,0,1,0,0,0,0,0,0
https://www.nature.com/articles/s41377-024-01670-4,Al,13,Al,13,Ge,32,32,1024,72.64,3800,5.28,4,0.66,0.66,302000,Ge,0.66,0.66,4.275862069,290,0.2409,1.375796178,0,1,0,0,0,0,0,0
https://www.nature.com/articles/s41377-024-01670-4,Al,13,Al,13,Ge,32,32,1024,72.64,3800,5.28,4,0.66,0.66,302000,Ge,0.66,0.66,4.203389831,295,0.24,1.52866242,0,1,0,0,0,0,0,0
https://www.nature.com/articles/s41377-024-01670-4,Al,13,Al,13,Ge,32,32,1024,72.64,3800,5.28,4,0.66,0.66,302000,Ge,0.66,0.66,4.133333333,300,0.2397,1.732484076,0,1,0,0,0,0,0,0
https://www.nature.com/articles/s41377-024-01670-4,Al,13,Al,13,Ge,32,32,1024,72.64,3800,5.28,4,0.66,0.66,302000,Ge,0.66,0.66,4.06557377,305,0.2396,1.885350318,0,1,0,0,0,0,0,0
https://www.nature.com/articles/s41377-024-01670-4,Al,13,Al,13,Ge,32,32,1024,72.64,3800,5.28,4,0.66,0.66,302000,Ge,0.66,0.66,4,310,0.2397,2.038216561,0,1,0,0,0,0,0,0
https://www.nature.com/articles/s41377-024-01670-4,Al,13,Al,13,Ge,32,32,1024,72.64,3800,5.28,4,0.66,0.66,302000,Ge,0.66,0.66,3.936507937,315,0.2397,2.242038217,0,1,0,0,0,0,0,0
https://www.nature.com/articles/s41377-024-01670-4,Al,13,Al,13,Ge,32,32,1024,72.64,3800,5.28,4,0.66,0.66,302000,Ge,0.66,0.66,3.875,320,0.2397,2.394904459,0,1,0,0,0,0,0,0
https://www.nature.com/articles/s41377-024-01670-4,Al,13,Al,13,Ge,32,32,1024,72.64,3800,5.28,4,0.66,0.66,302000,Ge,0.66,0.66,3.815384615,325,0.24,2.598726115,0,1,0,0,0,0,0,0
https://www.nature.com/articles/s41377-024-01670-4,Al,13,Al,13,Ge,32,32,1024,72.64,3800,5.28,4,0.66,0.66,302000,Ge,0.66,0.66,3.757575758,330,0.2404,2.802547771,0,1,0,0,0,0,0,0
https://www.nature.com/articles/s41377-024-01670-4,Al,13,Al,13,Ge,32,32,1024,72.64,3800,5.28,4,0.66,0.66,302000,Ge,0.66,0.66,3.701492537,335,0.2415,3.006369427,0,1,0,0,0,0,0,0
https://www.nature.com/articles/s41377-024-01670-4,Al,13,Al,13,Ge,32,32,1024,72.64,3800,5.28,4,0.66,0.66,302000,Ge,0.66,0.66,3.647058824,340,0.2429,3.261146497,0,1,0,0,0,0,0,0
https://www.nature.com/articles/s41377-024-01670-4,Al,13,Al,13,Ge,32,32,1024,72.64,3800,5.28,4,0.66,0.66,302000,Ge,0.66,0.66,3.594202899,345,0.2447,3.464968153,0,1,0,0,0,0,0,0
https://www.nature.com/articles/s41377-024-01670-4,Al,13,Al,13,Ge,32,32,1024,72.64,3800,5.28,4,0.66,0.66,302000,Ge,0.66,0.66,3.542857143,350,0.247,3.668789809,0,1,0,0,0,0,0,0
https://www.nature.com/articles/s41377-024-01670-4,Al,13,Al,13,Ge,32,32,1024,72.64,3800,5.28,4,0.66,0.66,302000,Ge,0.66,0.66,3.492957746,355,0.2495,3.872611465,0,1,0,0,0,0,0,0
https://www.nature.com/articles/s41377-024-01670-4,Al,13,Al,13,Ge,32,32,1024,72.64,3800,5.28,4,0.66,0.66,302000,Ge,0.66,0.66,3.444444444,360,0.2524,4.025477707,0,1,0,0,0,0,0,0
https://www.nature.com/articles/s41377-024-01670-4,Al,13,Al,13,Ge,32,32,1024,72.64,3800,5.28,4,0.66,0.66,302000,Ge,0.66,0.66,3.397260274,365,0.2552,4.229299363,0,1,0,0,0,0,0,0
https://www.nature.com/articles/s41377-024-01670-4,Al,13,Al,13,Ge,32,32,1024,72.64,3800,5.28,4,0.66,0.66,302000,Ge,0.66,0.66,3.351351351,370,0.2583,4.382165605,0,1,0,0,0,0,0,0
https://www.nature.com/articles/s41377-024-01670-4,Al,13,Al,13,Ge,32,32,1024,72.64,3800,5.28,4,0.66,0.66,302000,Ge,0.66,0.66,3.306666667,375,0.2612,4.484076433,0,1,0,0,0,0,0,0
https://www.nature.com/articles/s41377-024-01670-4,Al,13,Al,13,Ge,32,32,1024,72.64,3800,5.28,4,0.66,0.66,302000,Ge,0.66,0.66,3.263157895,380,0.2642,4.636942675,0,1,0,0,0,0,0,0
https://www.nature.com/articles/s41377-024-01670-4,Al,13,Al,13,Ge,32,32,1024,72.64,3800,5.28,4,0.66,0.66,302000,Ge,0.66,0.66,3.220779221,385,0.267,4.687898089,0,1,0,0,0,0,0,0
https://www.nature.com/articles/s41377-024-01670-4,Al,13,Al,13,Ge,32,32,1024,72.64,3800,5.28,4,0.66,0.66,302000,Ge,0.66,0.66,3.179487179,390,0.2693,4.789808917,0,1,0,0,0,0,0,0
https://www.nature.com/articles/s41377-024-01670-4,Al,13,Al,13,Ge,32,32,1024,72.64,3800,5.28,4,0.66,0.66,302000,Ge,0.66,0.66,3.139240506,395,0.2704,2.700636943,0,1,0,0,0,0,0,0
https://www.nature.com/articles/s41377-024-01670-4,Al,13,Al,13,Ge,32,32,1024,72.64,3800,5.28,4,0.66,0.66,302000,Ge,0.66,0.66,3.1,400,0.2721,2.700636943,0,1,0,0,0,0,0,0
https://www.nature.com/articles/s41377-024-01670-4,Al,13,Al,13,Ge,32,32,1024,72.64,3800,5.28,4,0.66,0.66,302000,Ge,0.66,0.66,3.061728395,405,0.2736,2.649681529,0,1,0,0,0,0,0,0
https://www.nature.com/articles/s41377-024-01670-4,Al,13,Al,13,Ge,32,32,1024,72.64,3800,5.28,4,0.66,0.66,302000,Ge,0.66,0.66,3.024390244,410,0.2747,0.443312102,0,1,0,0,0,0,0,0
https://www.nature.com/articles/s41377-024-01670-4,Al,13,Al,13,Ge,32,32,1024,72.64,3800,5.28,4,0.66,0.66,302000,Ge,0.66,0.66,2.987951807,415,0.2768,0.494267516,0,1,0,0,0,0,0,0
https://www.nature.com/articles/s41377-024-01670-4,Al,13,Al,13,Ge,32,32,1024,72.64,3800,5.28,4,0.66,0.66,302000,Ge,0.66,0.66,2.952380952,420,0.2794,0.560509554,0,1,0,0,0,0,0,0
https://www.nature.com/articles/s41377-024-01670-4,Al,13,Al,13,Ge,32,32,1024,72.64,3800,5.28,4,0.66,0.66,302000,Ge,0.66,0.66,2.917647059,425,0.2828,0.611464968,0,1,0,0,0,0,0,0
https://www.nature.com/articles/s41377-024-01670-4,Al,13,Al,13,Ge,32,32,1024,72.64,3800,5.28,4,0.66,0.66,302000,Ge,0.66,0.66,2.88372093,430,0.2864,0.611464968,0,1,0,0,0,0,0,0
https://www.nature.com/articles/s41377-024-01670-4,Al,13,Al,13,Ge,32,32,1024,72.64,3800,5.28,4,0.66,0.66,302000,Ge,0.66,0.66,2.850574713,435,0.2895,0.662420382,0,1,0,0,0,0,0,0
https://www.nature.com/articles/s41377-024-01670-4,Al,13,Al,13,Ge,32,32,1024,72.64,3800,5.28,4,0.66,0.66,302000,Ge,0.66,0.66,2.818181818,440,0.2922,0.713375796,0,1,0,0,0,0,0,0
https://www.nature.com/articles/s41377-024-01670-4,Al,13,Al,13,Ge,32,32,1024,72.64,3800,5.28,4,0.66,0.66,302000,Ge,0.66,0.66,2.786516854,445,0.2955,0.76433121,0,1,0,0,0,0,0,0
https://www.nature.com/articles/s41377-024-01670-4,Al,13,Al,13,Ge,32,32,1024,72.64,3800,5.28,4,0.66,0.66,302000,Ge,0.66,0.66,2.755555556,450,0.2991,0.815286624,0,1,0,0,0,0,0,0
https://www.nature.com/articles/s41377-024-01670-4,Al,13,Al,13,Ge,32,32,1024,72.64,3800,5.28,4,0.66,0.66,302000,Ge,0.66,0.66,2.725274725,455,0.3025,0.866242038,0,1,0,0,0,0,0,0
https://www.nature.com/articles/s41377-024-01670-4,Al,13,Al,13,Ge,32,32,1024,72.64,3800,5.28,4,0.66,0.66,302000,Ge,0.66,0.66,2.695652174,460,0.3057,0.917197452,0,1,0,0,0,0,0,0
https://www.nature.com/articles/s41377-024-01670-4,Al,13,Al,13,Ge,32,32,1024,72.64,3800,5.28,4,0.66,0.66,302000,Ge,0.66,0.66,2.666666667,465,0.3094,0.968152866,0,1,0,0,0,0,0,0
https://www.nature.com/articles/s41377-024-01670-4,Al,13,Al,13,Ge,32,32,1024,72.64,3800,5.28,4,0.66,0.66,302000,Ge,0.66,0.66,2.638297872,470,0.3129,0.968152866,0,1,0,0,0,0,0,0
https://www.nature.com/articles/s41377-024-01670-4,Al,13,Al,13,Ge,32,32,1024,72.64,3800,5.28,4,0.66,0.66,302000,Ge,0.66,0.66,2.610526316,475,0.3165,1.01910828,0,1,0,0,0,0,0,0
https://www.nature.com/articles/s41377-024-01670-4,Al,13,Al,13,Ge,32,32,1024,72.64,3800,5.28,4,0.66,0.66,302000,Ge,0.66,0.66,2.583333333,480,0.32,1.070063694,0,1,0,0,0,0,0,0
https://www.nature.com/articles/s41377-024-01670-4,Al,13,Al,13,Ge,32,32,1024,72.64,3800,5.28,4,0.66,0.66,302000,Ge,0.66,0.66,2.556701031,485,0.3233,1.121019108,0,1,0,0,0,0,0,0
https://www.nature.com/articles/s41377-024-01670-4,Al,13,Al,13,Ge,32,32,1024,72.64,3800,5.28,4,0.66,0.66,302000,Ge,0.66,0.66,2.530612245,490,0.3269,1.121019108,0,1,0,0,0,0,0,0
https://www.nature.com/articles/s41377-024-01670-4,Al,13,Al,13,Ge,32,32,1024,72.64,3800,5.28,4,0.66,0.66,302000,Ge,0.66,0.66,2.505050505,495,0.3305,1.171974522,0,1,0,0,0,0,0,0
https://www.nature.com/articles/s41377-024-01670-4,Al,13,Al,13,Ge,32,32,1024,72.64,3800,5.28,4,0.66,0.66,302000,Ge,0.66,0.66,2.48,500,0.3343,1.222929936,0,1,0,0,0,0,0,0
https://www.nature.com/articles/s41377-024-01670-4,Al,13,Al,13,Ge,32,32,1024,72.64,3800,5.28,4,0.66,0.66,302000,Ge,0.66,0.66,2.431372549,510,0.3413,1.27388535,0,1,0,0,0,0,0,0
https://www.nature.com/articles/s41377-024-01670-4,Al,13,Al,13,Ge,32,32,1024,72.64,3800,5.28,4,0.66,0.66,302000,Ge,0.66,0.66,2.384615385,520,0.3483,1.324840764,0,1,0,0,0,0,0,0
https://www.nature.com/articles/s41377-024-01670-4,Al,13,Al,13,Ge,32,32,1024,72.64,3800,5.28,4,0.66,0.66,302000,Ge,0.66,0.66,2.339622642,530,0.3551,1.426751592,0,1,0,0,0,0,0,0
https://www.nature.com/articles/s41377-024-01670-4,Al,13,Al,13,Ge,32,32,1024,72.64,3800,5.28,4,0.66,0.66,302000,Ge,0.66,0.66,2.296296296,540,0.3617,1.477707006,0,1,0,0,0,0,0,0
https://www.nature.com/articles/s41377-024-01670-4,Al,13,Al,13,Ge,32,32,1024,72.64,3800,5.28,4,0.66,0.66,302000,Ge,0.66,0.66,2.254545455,550,0.3689,1.477707006,0,1,0,0,0,0,0,0
https://www.nature.com/articles/s41377-024-01670-4,Al,13,Al,13,Ge,32,32,1024,72.64,3800,5.28,4,0.66,0.66,302000,Ge,0.66,0.66,2.214285714,560,0.3763,1.52866242,0,1,0,0,0,0,0,0
https://www.nature.com/articles/s41377-024-01670-4,Al,13,Al,13,Ge,32,32,1024,72.64,3800,5.28,4,0.66,0.66,302000,Ge,0.66,0.66,2.175438596,570,0.3837,1.52866242,0,1,0,0,0,0,0,0
https://www.nature.com/articles/s41377-024-01670-4,Al,13,Al,13,Ge,32,32,1024,72.64,3800,5.28,4,0.66,0.66,302000,Ge,0.66,0.66,2.137931034,580,0.3907,1.52866242,0,1,0,0,0,0,0,0
https://www.nature.com/articles/s41377-024-01670-4,Al,13,Al,13,Ge,32,32,1024,72.64,3800,5.28,4,0.66,0.66,302000,Ge,0.66,0.66,2.101694915,590,0.398,1.477707006,0,1,0,0,0,0,0,0
https://www.nature.com/articles/s41377-024-01670-4,Al,13,Al,13,Ge,32,32,1024,72.64,3800,5.28,4,0.66,0.66,302000,Ge,0.66,0.66,2.066666667,600,0.4061,1.477707006,0,1,0,0,0,0,0,0
https://www.nature.com/articles/s41377-024-01670-4,Al,13,Al,13,Ge,32,32,1024,72.64,3800,5.28,4,0.66,0.66,302000,Ge,0.66,0.66,2.032786885,610,0.414,1.426751592,0,1,0,0,0,0,0,0
https://www.nature.com/articles/s41377-024-01670-4,Al,13,Al,13,Ge,32,32,1024,72.64,3800,5.28,4,0.66,0.66,302000,Ge,0.66,0.66,2,620,0.4222,1.375796178,0,1,0,0,0,0,0,0
https://www.nature.com/articles/s41377-024-01670-4,Al,13,Al,13,Ge,32,32,1024,72.64,3800,5.28,4,0.66,0.66,302000,Ge,0.66,0.66,1.968253968,630,0.4304,1.324840764,0,1,0,0,0,0,0,0
https://www.nature.com/articles/s41377-024-01670-4,Al,13,Al,13,Ge,32,32,1024,72.64,3800,5.28,4,0.66,0.66,302000,Ge,0.66,0.66,1.9375,640,0.4381,1.222929936,0,1,0,0,0,0,0,0
https://www.nature.com/articles/s41377-024-01670-4,Al,13,Al,13,Ge,32,32,1024,72.64,3800,5.28,4,0.66,0.66,302000,Ge,0.66,0.66,1.907692308,650,0.4461,1.121019108,0,1,0,0,0,0,0,0
https://www.nature.com/articles/s41377-024-01670-4,Al,13,Al,13,Ge,32,32,1024,72.64,3800,5.28,4,0.66,0.66,302000,Ge,0.66,0.66,1.878787879,660,0.4541,0.968152866,0,1,0,0,0,0,0,0
https://www.nature.com/articles/s41377-024-01670-4,Al,13,Al,13,Ge,32,32,1024,72.64,3800,5.28,4,0.66,0.66,302000,Ge,0.66,0.66,1.850746269,670,0.4623,0.968152866,0,1,0,0,0,0,0,0
https://www.nature.com/articles/s41377-024-01670-4,Al,13,Al,13,Ge,32,32,1024,72.64,3800,5.28,4,0.66,0.66,302000,Ge,0.66,0.66,1.823529412,680,0.47,1.171974522,0,1,0,0,0,0,0,0
https://www.nature.com/articles/s41377-024-01670-4,Al,13,Al,13,Ge,32,32,1024,72.64,3800,5.28,4,0.66,0.66,302000,Ge,0.66,0.66,1.797101449,690,0.4779,1.27388535,0,1,0,0,0,0,0,0
https://www.nature.com/articles/s41377-024-01670-4,Al,13,Al,13,Ge,32,32,1024,72.64,3800,5.28,4,0.66,0.66,302000,Ge,0.66,0.66,1.771428571,700,0.4851,2.853503185,0,1,0,0,0,0,0,0
https://www.nature.com/articles/s41377-024-01670-4,Al,13,Al,13,Ge,32,32,1024,72.64,3800,5.28,4,0.66,0.66,302000,Ge,0.66,0.66,1.746478873,710,0.4921,4.636942675,0,1,0,0,0,0,0,0
https://www.nature.com/articles/s41377-024-01670-4,Al,13,Al,13,Ge,32,32,1024,72.64,3800,5.28,4,0.66,0.66,302000,Ge,0.66,0.66,1.722222222,720,0.5,4.840764331,0,1,0,0,0,0,0,0
https://www.nature.com/articles/s41377-024-01670-4,Al,13,Al,13,Ge,32,32,1024,72.64,3800,5.28,4,0.66,0.66,302000,Ge,0.66,0.66,1.698630137,730,0.5078,5.044585987,0,1,0,0,0,0,0,0
https://www.nature.com/articles/s41377-024-01670-4,Al,13,Al,13,Ge,32,32,1024,72.64,3800,5.28,4,0.66,0.66,302000,Ge,0.66,0.66,1.675675676,740,0.5155,5.095541401,0,1,0,0,0,0,0,0
https://www.nature.com/articles/s41377-024-01670-4,Al,13,Al,13,Ge,32,32,1024,72.64,3800,5.28,4,0.66,0.66,302000,Ge,0.66,0.66,1.653333333,750,0.5233,5.095541401,0,1,0,0,0,0,0,0
https://www.nature.com/articles/s41377-024-01670-4,Al,13,Al,13,Ge,32,32,1024,72.64,3800,5.28,4,0.66,0.66,302000,Ge,0.66,0.66,1.631578947,760,0.5311,5.095541401,0,1,0,0,0,0,0,0
https://www.nature.com/articles/s41377-024-01670-4,Al,13,Al,13,Ge,32,32,1024,72.64,3800,5.28,4,0.66,0.66,302000,Ge,0.66,0.66,1.61038961,770,0.5389,5.095541401,0,1,0,0,0,0,0,0
https://www.nature.com/articles/s41377-024-01670-4,Al,13,Al,13,Ge,32,32,1024,72.64,3800,5.28,4,0.66,0.66,302000,Ge,0.66,0.66,1.58974359,780,0.5467,5.095541401,0,1,0,0,0,0,0,0
https://www.nature.com/articles/s41377-024-01670-4,Al,13,Al,13,Ge,32,32,1024,72.64,3800,5.28,4,0.66,0.66,302000,Ge,0.66,0.66,1.569620253,790,0.5544,4.993630573,0,1,0,0,0,0,0,0
https://www.nature.com/articles/s41377-024-01670-4,Al,13,Al,13,Ge,32,32,1024,72.64,3800,5.28,4,0.66,0.66,302000,Ge,0.66,0.66,1.55,800,0.5622,4.942675159,0,1,0,0,0,0,0,0
https://www.nature.com/articles/s41377-024-01670-4,Al,13,Al,13,Ge,32,32,1024,72.64,3800,5.28,4,0.66,0.66,302000,Ge,0.66,0.66,1.530864198,810,0.5699,4.585987261,0,1,0,0,0,0,0,0
https://www.nature.com/articles/s41377-024-01670-4,Al,13,Al,13,Ge,32,32,1024,72.64,3800,5.28,4,0.66,0.66,302000,Ge,0.66,0.66,1.512195122,820,0.5776,4.382165605,0,1,0,0,0,0,0,0
https://www.nature.com/articles/s41377-024-01670-4,Al,13,Al,13,Ge,32,32,1024,72.64,3800,5.28,4,0.66,0.66,302000,Ge,0.66,0.66,1.493975904,830,0.5853,4.433121019,0,1,0,0,0,0,0,0
https://www.nature.com/articles/s41377-024-01670-4,Al,13,Al,13,Ge,32,32,1024,72.64,3800,5.28,4,0.66,0.66,302000,Ge,0.66,0.66,1.476190476,840,0.5931,4.636942675,0,1,0,0,0,0,0,0
https://www.nature.com/articles/s41377-024-01670-4,Al,13,Al,13,Ge,32,32,1024,72.64,3800,5.28,4,0.66,0.66,302000,Ge,0.66,0.66,1.458823529,850,0.6007,4.993630573,0,1,0,0,0,0,0,0
https://www.nature.com/articles/s41377-024-01670-4,Al,13,Al,13,Ge,32,32,1024,72.64,3800,5.28,4,0.66,0.66,302000,Ge,0.66,0.66,1.441860465,860,0.6085,5.605095541,0,1,0,0,0,0,0,0
https://www.nature.com/articles/s41377-024-01670-4,Al,13,Al,13,Ge,32,32,1024,72.64,3800,5.28,4,0.66,0.66,302000,Ge,0.66,0.66,1.425287356,870,0.6161,6.114649682,0,1,0,0,0,0,0,0
https://www.nature.com/articles/s41377-024-01670-4,Al,13,Al,13,Ge,32,32,1024,72.64,3800,5.28,4,0.66,0.66,302000,Ge,0.66,0.66,1.409090909,880,0.6238,7.133757962,0,1,0,0,0,0,0,0
https://www.nature.com/articles/s41377-024-01670-4,Al,13,Al,13,Ge,32,32,1024,72.64,3800,5.28,4,0.66,0.66,302000,Ge,0.66,0.66,1.393258427,890,0.6315,7.643312102,0,1,0,0,0,0,0,0
https://www.nature.com/articles/s41377-024-01670-4,Al,13,Al,13,Ge,32,32,1024,72.64,3800,5.28,4,0.66,0.66,302000,Ge,0.66,0.66,1.377777778,900,0.6393,8.662420382,0,1,0,0,0,0,0,0
https://www.nature.com/articles/s41377-024-01670-4,Al,13,Al,13,Ge,32,32,1024,72.64,3800,5.28,4,0.66,0.66,302000,Ge,0.66,0.66,1.370165746,905,0.6432,9.171974522,0,1,0,0,0,0,0,0
https://www.nature.com/articles/s41377-024-01670-4,Al,13,Al,13,Ge,32,32,1024,72.64,3800,5.28,4,0.66,0.66,302000,Ge,0.66,0.66,1.362637363,910,0.647,9.681528662,0,1,0,0,0,0,0,0
https://www.nature.com/articles/s41377-024-01670-4,Al,13,Al,13,Ge,32,32,1024,72.64,3800,5.28,4,0.66,0.66,302000,Ge,0.66,0.66,1.355191257,915,0.6509,10.1910828,0,1,0,0,0,0,0,0
https://www.nature.com/articles/s41377-024-01670-4,Al,13,Al,13,Ge,32,32,1024,72.64,3800,5.28,4,0.66,0.66,302000,Ge,0.66,0.66,1.347826087,920,0.6547,11.21019108,0,1,0,0,0,0,0,0
https://www.nature.com/articles/s41377-024-01670-4,Al,13,Al,13,Ge,32,32,1024,72.64,3800,5.28,4,0.66,0.66,302000,Ge,0.66,0.66,1.340540541,925,0.6585,11.71974522,0,1,0,0,0,0,0,0
https://www.nature.com/articles/s41377-024-01670-4,Al,13,Al,13,Ge,32,32,1024,72.64,3800,5.28,4,0.66,0.66,302000,Ge,0.66,0.66,1.333333333,930,0.6623,12.7388535,0,1,0,0,0,0,0,0
https://www.nature.com/articles/s41377-024-01670-4,Al,13,Al,13,Ge,32,32,1024,72.64,3800,5.28,4,0.66,0.66,302000,Ge,0.66,0.66,1.326203209,935,0.666,13.24840764,0,1,0,0,0,0,0,0
https://www.nature.com/articles/s41377-024-01670-4,Al,13,Al,13,Ge,32,32,1024,72.64,3800,5.28,4,0.66,0.66,302000,Ge,0.66,0.66,1.319148936,940,0.6698,13.75796178,0,1,0,0,0,0,0,0
https://www.nature.com/articles/s41377-024-01670-4,Al,13,Al,13,Ge,32,32,1024,72.64,3800,5.28,4,0.66,0.66,302000,Ge,0.66,0.66,1.312169312,945,0.6736,14.77707006,0,1,0,0,0,0,0,0
https://www.nature.com/articles/s41377-024-01670-4,Al,13,Al,13,Ge,32,32,1024,72.64,3800,5.28,4,0.66,0.66,302000,Ge,0.66,0.66,1.305263158,950,0.6776,15.2866242,0,1,0,0,0,0,0,0
https://www.nature.com/articles/s41377-024-01670-4,Al,13,Al,13,Ge,32,32,1024,72.64,3800,5.28,4,0.66,0.66,302000,Ge,0.66,0.66,1.298429319,955,0.6815,16.30573248,0,1,0,0,0,0,0,0
https://www.nature.com/articles/s41377-024-01670-4,Al,13,Al,13,Ge,32,32,1024,72.64,3800,5.28,4,0.66,0.66,302000,Ge,0.66,0.66,1.291666667,960,0.6855,16.81528662,0,1,0,0,0,0,0,0
https://www.nature.com/articles/s41377-024-01670-4,Al,13,Al,13,Ge,32,32,1024,72.64,3800,5.28,4,0.66,0.66,302000,Ge,0.66,0.66,1.284974093,965,0.6893,17.32484076,0,1,0,0,0,0,0,0
https://www.nature.com/articles/s41377-024-01670-4,Al,13,Al,13,Ge,32,32,1024,72.64,3800,5.28,4,0.66,0.66,302000,Ge,0.66,0.66,1.278350515,970,0.6932,17.8343949,0,1,0,0,0,0,0,0
https://www.nature.com/articles/s41377-024-01670-4,Al,13,Al,13,Ge,32,32,1024,72.64,3800,5.28,4,0.66,0.66,302000,Ge,0.66,0.66,1.271794872,975,0.697,18.34394904,0,1,0,0,0,0,0,0
https://www.nature.com/articles/s41377-024-01670-4,Al,13,Al,13,Ge,32,32,1024,72.64,3800,5.28,4,0.66,0.66,302000,Ge,0.66,0.66,1.265306122,980,0.7008,18.85350318,0,1,0,0,0,0,0,0
https://www.nature.com/articles/s41377-024-01670-4,Al,13,Al,13,Ge,32,32,1024,72.64,3800,5.28,4,0.66,0.66,302000,Ge,0.66,0.66,1.258883249,985,0.7047,19.36305732,0,1,0,0,0,0,0,0
https://www.nature.com/articles/s41377-024-01670-4,Al,13,Al,13,Ge,32,32,1024,72.64,3800,5.28,4,0.66,0.66,302000,Ge,0.66,0.66,1.252525253,990,0.7086,19.87261146,0,1,0,0,0,0,0,0
https://www.nature.com/articles/s41377-024-01670-4,Al,13,Al,13,Ge,32,32,1024,72.64,3800,5.28,4,0.66,0.66,302000,Ge,0.66,0.66,1.246231156,995,0.7124,19.87261146,0,1,0,0,0,0,0,0
https://www.nature.com/articles/s41377-024-01670-4,Al,13,Al,13,Ge,32,32,1024,72.64,3800,5.28,4,0.66,0.66,302000,Ge,0.66,0.66,1.24,1000,0.7163,20.38216561,0,1,0,0,0,0,0,0
https://www.nature.com/articles/s41377-024-01670-4,Al,13,Al,13,Ge,32,32,1024,72.64,3800,5.28,4,0.66,0.66,302000,Ge,0.66,0.66,1.233830846,1005,0.7208,20.89171975,0,1,0,0,0,0,0,0
https://www.nature.com/articles/s41377-024-01670-4,Al,13,Al,13,Ge,32,32,1024,72.64,3800,5.28,4,0.66,0.66,302000,Ge,0.66,0.66,1.227722772,1010,0.7244,20.89171975,0,1,0,0,0,0,0,0
https://www.nature.com/articles/s41377-024-01670-4,Al,13,Al,13,Ge,32,32,1024,72.64,3800,5.28,4,0.66,0.66,302000,Ge,0.66,0.66,1.221674877,1015,0.7279,21.40127389,0,1,0,0,0,0,0,0
https://www.nature.com/articles/s41377-024-01670-4,Al,13,Al,13,Ge,32,32,1024,72.64,3800,5.28,4,0.66,0.66,302000,Ge,0.66,0.66,1.215686275,1020,0.7312,21.40127389,0,1,0,0,0,0,0,0
https://www.nature.com/articles/s41377-024-01670-4,Al,13,Al,13,Ge,32,32,1024,72.64,3800,5.28,4,0.66,0.66,302000,Ge,0.66,0.66,1.209756098,1025,0.7349,21.91082803,0,1,0,0,0,0,0,0
https://www.nature.com/articles/s41377-024-01670-4,Al,13,Al,13,Ge,32,32,1024,72.64,3800,5.28,4,0.66,0.66,302000,Ge,0.66,0.66,1.203883495,1030,0.739,21.91082803,0,1,0,0,0,0,0,0
https://www.nature.com/articles/s41377-024-01670-4,Al,13,Al,13,Ge,32,32,1024,72.64,3800,5.28,4,0.66,0.66,302000,Ge,0.66,0.66,1.198067633,1035,0.7435,21.91082803,0,1,0,0,0,0,0,0
https://www.nature.com/articles/s41377-024-01670-4,Al,13,Al,13,Ge,32,32,1024,72.64,3800,5.28,4,0.66,0.66,302000,Ge,0.66,0.66,1.192307692,1040,0.7478,22.42038217,0,1,0,0,0,0,0,0
https://www.nature.com/articles/s41377-024-01670-4,Al,13,Al,13,Ge,32,32,1024,72.64,3800,5.28,4,0.66,0.66,302000,Ge,0.66,0.66,1.186602871,1045,0.7517,22.42038217,0,1,0,0,0,0,0,0
https://www.nature.com/articles/s41377-024-01670-4,Al,13,Al,13,Ge,32,32,1024,72.64,3800,5.28,4,0.66,0.66,302000,Ge,0.66,0.66,1.180952381,1050,0.7555,22.42038217,0,1,0,0,0,0,0,0
https://www.nature.com/articles/s41377-024-01670-4,Al,13,Al,13,Ge,32,32,1024,72.64,3800,5.28,4,0.66,0.66,302000,Ge,0.66,0.66,1.17535545,1055,0.7592,22.42038217,0,1,0,0,0,0,0,0
https://www.nature.com/articles/s41377-024-01670-4,Al,13,Al,13,Ge,32,32,1024,72.64,3800,5.28,4,0.66,0.66,302000,Ge,0.66,0.66,1.169811321,1060,0.7631,22.42038217,0,1,0,0,0,0,0,0
https://www.nature.com/articles/s41377-024-01670-4,Al,13,Al,13,Ge,32,32,1024,72.64,3800,5.28,4,0.66,0.66,302000,Ge,0.66,0.66,1.164319249,1065,0.7669,22.42038217,0,1,0,0,0,0,0,0
https://www.nature.com/articles/s41377-024-01670-4,Al,13,Al,13,Ge,32,32,1024,72.64,3800,5.28,4,0.66,0.66,302000,Ge,0.66,0.66,1.158878505,1070,0.7707,22.42038217,0,1,0,0,0,0,0,0
https://www.nature.com/articles/s41377-024-01670-4,Al,13,Al,13,Ge,32,32,1024,72.64,3800,5.28,4,0.66,0.66,302000,Ge,0.66,0.66,1.153488372,1075,0.7744,22.42038217,0,1,0,0,0,0,0,0
https://www.nature.com/articles/s41377-024-01670-4,Al,13,Al,13,Ge,32,32,1024,72.64,3800,5.28,4,0.66,0.66,302000,Ge,0.66,0.66,1.148148148,1080,0.7782,22.42038217,0,1,0,0,0,0,0,0
https://www.nature.com/articles/s41377-024-01670-4,Al,13,Al,13,Ge,32,32,1024,72.64,3800,5.28,4,0.66,0.66,302000,Ge,0.66,0.66,1.142857143,1085,0.782,22.42038217,0,1,0,0,0,0,0,0
https://www.nature.com/articles/s41377-024-01670-4,Al,13,Al,13,Ge,32,32,1024,72.64,3800,5.28,4,0.66,0.66,302000,Ge,0.66,0.66,1.137614679,1090,0.7858,22.42038217,0,1,0,0,0,0,0,0
https://www.nature.com/articles/s41377-024-01670-4,Al,13,Al,13,Ge,32,32,1024,72.64,3800,5.28,4,0.66,0.66,302000,Ge,0.66,0.66,1.132420091,1095,0.7896,22.42038217,0,1,0,0,0,0,0,0
https://www.nature.com/articles/s41377-024-01670-4,Al,13,Al,13,Ge,32,32,1024,72.64,3800,5.28,4,0.66,0.66,302000,Ge,0.66,0.66,1.127272727,1100,0.7934,22.42038217,0,1,0,0,0,0,0,0
https://www.nature.com/articles/s41377-024-01670-4,Al,13,Al,13,Ge,32,32,1024,72.64,3800,5.28,4,0.66,0.66,302000,Ge,0.66,0.66,1.122171946,1105,0.7972,22.42038217,0,1,0,0,0,0,0,0
https://www.nature.com/articles/s41377-024-01670-4,Al,13,Al,13,Ge,32,32,1024,72.64,3800,5.28,4,0.66,0.66,302000,Ge,0.66,0.66,1.117117117,1110,0.8013,21.91082803,0,1,0,0,0,0,0,0
https://www.nature.com/articles/s41377-024-01670-4,Al,13,Al,13,Ge,32,32,1024,72.64,3800,5.28,4,0.66,0.66,302000,Ge,0.66,0.66,1.112107623,1115,0.8054,21.91082803,0,1,0,0,0,0,0,0
https://www.nature.com/articles/s41377-024-01670-4,Al,13,Al,13,Ge,32,32,1024,72.64,3800,5.28,4,0.66,0.66,302000,Ge,0.66,0.66,1.107142857,1120,0.8094,21.40127389,0,1,0,0,0,0,0,0
https://www.nature.com/articles/s41377-024-01670-4,Al,13,Al,13,Ge,32,32,1024,72.64,3800,5.28,4,0.66,0.66,302000,Ge,0.66,0.66,1.102222222,1125,0.8133,21.40127389,0,1,0,0,0,0,0,0
https://www.nature.com/articles/s41377-024-01670-4,Al,13,Al,13,Ge,32,32,1024,72.64,3800,5.28,4,0.66,0.66,302000,Ge,0.66,0.66,1.097345133,1130,0.8172,21.40127389,0,1,0,0,0,0,0,0
https://www.nature.com/articles/s41377-024-01670-4,Al,13,Al,13,Ge,32,32,1024,72.64,3800,5.28,4,0.66,0.66,302000,Ge,0.66,0.66,1.092511013,1135,0.8211,20.89171975,0,1,0,0,0,0,0,0
https://www.nature.com/articles/s41377-024-01670-4,Al,13,Al,13,Ge,32,32,1024,72.64,3800,5.28,4,0.66,0.66,302000,Ge,0.66,0.66,1.087719298,1140,0.8252,20.89171975,0,1,0,0,0,0,0,0
https://www.nature.com/articles/s41377-024-01670-4,Al,13,Al,13,Ge,32,32,1024,72.64,3800,5.28,4,0.66,0.66,302000,Ge,0.66,0.66,1.082969432,1145,0.8292,20.89171975,0,1,0,0,0,0,0,0
https://www.nature.com/articles/s41377-024-01670-4,Al,13,Al,13,Ge,32,32,1024,72.64,3800,5.28,4,0.66,0.66,302000,Ge,0.66,0.66,1.07826087,1150,0.8333,20.89171975,0,1,0,0,0,0,0,0
https://www.nature.com/articles/s41377-024-01670-4,Al,13,Al,13,Ge,32,32,1024,72.64,3800,5.28,4,0.66,0.66,302000,Ge,0.66,0.66,1.073593074,1155,0.8372,20.89171975,0,1,0,0,0,0,0,0
https://www.nature.com/articles/s41377-024-01670-4,Al,13,Al,13,Ge,32,32,1024,72.64,3800,5.28,4,0.66,0.66,302000,Ge,0.66,0.66,1.068965517,1160,0.8413,19.87261146,0,1,0,0,0,0,0,0
https://www.nature.com/articles/s41377-024-01670-4,Al,13,Al,13,Ge,32,32,1024,72.64,3800,5.28,4,0.66,0.66,302000,Ge,0.66,0.66,1.064377682,1165,0.8452,19.87261146,0,1,0,0,0,0,0,0
https://www.nature.com/articles/s41377-024-01670-4,Al,13,Al,13,Ge,32,32,1024,72.64,3800,5.28,4,0.66,0.66,302000,Ge,0.66,0.66,1.05982906,1170,0.8491,19.87261146,0,1,0,0,0,0,0,0
https://www.nature.com/articles/s41377-024-01670-4,Al,13,Al,13,Ge,32,32,1024,72.64,3800,5.28,4,0.66,0.66,302000,Ge,0.66,0.66,1.055319149,1175,0.8528,19.87261146,0,1,0,0,0,0,0,0
https://www.nature.com/articles/s41377-024-01670-4,Al,13,Al,13,Ge,32,32,1024,72.64,3800,5.28,4,0.66,0.66,302000,Ge,0.66,0.66,1.050847458,1180,0.8565,19.87261146,0,1,0,0,0,0,0,0
https://www.nature.com/articles/s41377-024-01670-4,Al,13,Al,13,Ge,32,32,1024,72.64,3800,5.28,4,0.66,0.66,302000,Ge,0.66,0.66,1.046413502,1185,0.8602,19.87261146,0,1,0,0,0,0,0,0
https://www.nature.com/articles/s41377-024-01670-4,Al,13,Al,13,Ge,32,32,1024,72.64,3800,5.28,4,0.66,0.66,302000,Ge,0.66,0.66,1.042016807,1190,0.8638,19.87261146,0,1,0,0,0,0,0,0
https://www.nature.com/articles/s41377-024-01670-4,Al,13,Al,13,Ge,32,32,1024,72.64,3800,5.28,4,0.66,0.66,302000,Ge,0.66,0.66,1.037656904,1195,0.8675,19.87261146,0,1,0,0,0,0,0,0
https://www.nature.com/articles/s41377-024-01670-4,Al,13,Al,13,Ge,32,32,1024,72.64,3800,5.28,4,0.66,0.66,302000,Ge,0.66,0.66,1.033333333,1200,0.8713,19.87261146,0,1,0,0,0,0,0,0
https://www.nature.com/articles/s41377-024-01670-4,Al,13,Al,13,Ge,32,32,1024,72.64,3800,5.28,4,0.66,0.66,302000,Ge,0.66,0.66,1.029045643,1205,0.8753,19.36305732,0,1,0,0,0,0,0,0
https://www.nature.com/articles/s41377-024-01670-4,Al,13,Al,13,Ge,32,32,1024,72.64,3800,5.28,4,0.66,0.66,302000,Ge,0.66,0.66,1.024793388,1210,0.8793,19.36305732,0,1,0,0,0,0,0,0
https://www.nature.com/articles/s41377-024-01670-4,Al,13,Al,13,Ge,32,32,1024,72.64,3800,5.28,4,0.66,0.66,302000,Ge,0.66,0.66,1.020576132,1215,0.8835,19.36305732,0,1,0,0,0,0,0,0
https://www.nature.com/articles/s41377-024-01670-4,Al,13,Al,13,Ge,32,32,1024,72.64,3800,5.28,4,0.66,0.66,302000,Ge,0.66,0.66,1.016393443,1220,0.8875,18.85350318,0,1,0,0,0,0,0,0
https://www.nature.com/articles/s41377-024-01670-4,Al,13,Al,13,Ge,32,32,1024,72.64,3800,5.28,4,0.66,0.66,302000,Ge,0.66,0.66,1.008130081,1230,0.8956,18.85350318,0,1,0,0,0,0,0,0
https://www.nature.com/articles/s41377-024-01670-4,Al,13,Al,13,Ge,32,32,1024,72.64,3800,5.28,4,0.66,0.66,302000,Ge,0.66,0.66,1,1240,0.9033,18.85350318,0,1,0,0,0,0,0,0
https://www.nature.com/articles/s41377-024-01670-4,Al,13,Al,13,Ge,32,32,1024,72.64,3800,5.28,4,0.66,0.66,302000,Ge,0.66,0.66,0.992,1250,0.9109,18.34394904,0,1,0,0,0,0,0,0
https://www.nature.com/articles/s41377-024-01670-4,Al,13,Al,13,Ge,32,32,1024,72.64,3800,5.28,4,0.66,0.66,302000,Ge,0.66,0.66,0.984126984,1260,0.9188,17.8343949,0,1,0,0,0,0,0,0
https://www.nature.com/articles/s41377-024-01670-4,Al,13,Al,13,Ge,32,32,1024,72.64,3800,5.28,4,0.66,0.66,302000,Ge,0.66,0.66,0.976377953,1270,0.9267,17.8343949,0,1,0,0,0,0,0,0
https://www.nature.com/articles/s41377-024-01670-4,Al,13,Al,13,Ge,32,32,1024,72.64,3800,5.28,4,0.66,0.66,302000,Ge,0.66,0.66,0.96875,1280,0.9344,17.32484076,0,1,0,0,0,0,0,0
https://www.nature.com/articles/s41377-024-01670-4,Al,13,Al,13,Ge,32,32,1024,72.64,3800,5.28,4,0.66,0.66,302000,Ge,0.66,0.66,0.96124031,1290,0.9418,16.81528662,0,1,0,0,0,0,0,0
https://www.nature.com/articles/s41377-024-01670-4,Al,13,Al,13,Ge,32,32,1024,72.64,3800,5.28,4,0.66,0.66,302000,Ge,0.66,0.66,0.953846154,1300,0.9497,16.81528662,0,1,0,0,0,0,0,0
https://www.nature.com/articles/s41377-024-01670-4,Al,13,Al,13,Ge,32,32,1024,72.64,3800,5.28,4,0.66,0.66,302000,Ge,0.66,0.66,0.946564885,1310,0.9584,16.30573248,0,1,0,0,0,0,0,0
https://www.nature.com/articles/s41377-024-01670-4,Al,13,Al,13,Ge,32,32,1024,72.64,3800,5.28,4,0.66,0.66,302000,Ge,0.66,0.66,0.939393939,1320,0.9665,15.79617834,0,1,0,0,0,0,0,0
https://www.nature.com/articles/s41377-024-01670-4,Al,13,Al,13,Ge,32,32,1024,72.64,3800,5.28,4,0.66,0.66,302000,Ge,0.66,0.66,0.932330827,1330,0.9738,18.34394904,0,1,0,0,0,0,0,0
https://www.nature.com/articles/s41377-024-01670-4,Al,13,Al,13,Ge,32,32,1024,72.64,3800,5.28,4,0.66,0.66,302000,Ge,0.66,0.66,0.925373134,1340,0.9811,19.87261146,0,1,0,0,0,0,0,0
https://www.nature.com/articles/s41377-024-01670-4,Al,13,Al,13,Ge,32,32,1024,72.64,3800,5.28,4,0.66,0.66,302000,Ge,0.66,0.66,0.918518519,1350,0.9884,18.85350318,0,1,0,0,0,0,0,0
https://www.nature.com/articles/s41377-024-01670-4,Al,13,Al,13,Ge,32,32,1024,72.64,3800,5.28,4,0.66,0.66,302000,Ge,0.66,0.66,0.911764706,1360,0.996,16.81528662,0,1,0,0,0,0,0,0
https://www.nature.com/articles/s41377-024-01670-4,Al,13,Al,13,Ge,32,32,1024,72.64,3800,5.28,4,0.66,0.66,302000,Ge,0.66,0.66,0.905109489,1370,1.0036,16.81528662,0,1,0,0,0,0,0,0
https://www.nature.com/articles/s41377-024-01670-4,Al,13,Al,13,Ge,32,32,1024,72.64,3800,5.28,4,0.66,0.66,302000,Ge,0.66,0.66,0.898550725,1380,1.0121,15.2866242,0,1,0,0,0,0,0,0
https://www.nature.com/articles/s41377-024-01670-4,Al,13,Al,13,Ge,32,32,1024,72.64,3800,5.28,4,0.66,0.66,302000,Ge,0.66,0.66,0.892086331,1390,1.0208,15.2866242,0,1,0,0,0,0,0,0
https://www.nature.com/articles/s41377-024-01670-4,Al,13,Al,13,Ge,32,32,1024,72.64,3800,5.28,4,0.66,0.66,302000,Ge,0.66,0.66,0.885714286,1400,1.0288,16.81528662,0,1,0,0,0,0,0,0
https://www.nature.com/articles/s41377-024-01670-4,Al,13,Al,13,Ge,32,32,1024,72.64,3800,5.28,4,0.66,0.66,302000,Ge,0.66,0.66,0.879432624,1410,1.0356,20.89171975,0,1,0,0,0,0,0,0
https://www.nature.com/articles/s41377-024-01670-4,Al,13,Al,13,Ge,32,32,1024,72.64,3800,5.28,4,0.66,0.66,302000,Ge,0.66,0.66,0.873239437,1420,1.0426,21.91082803,0,1,0,0,0,0,0,0
https://www.nature.com/articles/s41377-024-01670-4,Al,13,Al,13,Ge,32,32,1024,72.64,3800,5.28,4,0.66,0.66,302000,Ge,0.66,0.66,0.867132867,1430,1.0503,23.43949045,0,1,0,0,0,0,0,0
https://www.nature.com/articles/s41377-024-01670-4,Al,13,Al,13,Ge,32,32,1024,72.64,3800,5.28,4,0.66,0.66,302000,Ge,0.66,0.66,0.861111111,1440,1.0584,24.45859873,0,1,0,0,0,0,0,0
https://www.nature.com/articles/s41377-024-01670-4,Al,13,Al,13,Ge,32,32,1024,72.64,3800,5.28,4,0.66,0.66,302000,Ge,0.66,0.66,0.855172414,1450,1.0667,25.47770701,0,1,0,0,0,0,0,0
https://www.nature.com/articles/s41377-024-01670-4,Al,13,Al,13,Ge,32,32,1024,72.64,3800,5.28,4,0.66,0.66,302000,Ge,0.66,0.66,0.849315068,1460,1.0741,25.98726115,0,1,0,0,0,0,0,0
https://www.nature.com/articles/s41377-024-01670-4,Al,13,Al,13,Ge,32,32,1024,72.64,3800,5.28,4,0.66,0.66,302000,Ge,0.66,0.66,0.843537415,1470,1.0814,27.00636943,0,1,0,0,0,0,0,0
https://www.nature.com/articles/s41377-024-01670-4,Al,13,Al,13,Ge,32,32,1024,72.64,3800,5.28,4,0.66,0.66,302000,Ge,0.66,0.66,0.837837838,1480,1.0897,28.02547771,0,1,0,0,0,0,0,0
https://www.nature.com/articles/s41377-024-01670-4,Al,13,Al,13,Ge,32,32,1024,72.64,3800,5.28,4,0.66,0.66,302000,Ge,0.66,0.66,0.832214765,1490,1.0985,28.53503185,0,1,0,0,0,0,0,0
https://www.nature.com/articles/s41377-024-01670-4,Al,13,Al,13,Ge,32,32,1024,72.64,3800,5.28,4,0.66,0.66,302000,Ge,0.66,0.66,0.826666667,1500,1.106,29.55414013,0,1,0,0,0,0,0,0
https://www.nature.com/articles/s41377-024-01670-4,Al,13,Al,13,Ge,32,32,1024,72.64,3800,5.28,4,0.66,0.66,302000,Ge,0.66,0.66,0.821192053,1510,1.1124,30.57324841,0,1,0,0,0,0,0,0
https://www.nature.com/articles/s41377-024-01670-4,Al,13,Al,13,Ge,32,32,1024,72.64,3800,5.28,4,0.66,0.66,302000,Ge,0.66,0.66,0.815789474,1520,1.12,31.08280255,0,1,0,0,0,0,0,0
https://www.nature.com/articles/s41377-024-01670-4,Al,13,Al,13,Ge,32,32,1024,72.64,3800,5.28,4,0.66,0.66,302000,Ge,0.66,0.66,0.810457516,1530,1.1292,31.59235669,0,1,0,0,0,0,0,0
https://www.nature.com/articles/s41377-024-01670-4,Al,13,Al,13,Ge,32,32,1024,72.64,3800,5.28,4,0.66,0.66,302000,Ge,0.66,0.66,0.80781759,1535,1.1338,32.10191083,0,1,0,0,0,0,0,0
https://www.nature.com/articles/s41377-024-01670-4,Al,13,Al,13,Ge,32,32,1024,72.64,3800,5.28,4,0.66,0.66,302000,Ge,0.66,0.66,0.805194805,1540,1.1383,32.61146497,0,1,0,0,0,0,0,0
https://www.nature.com/articles/s41377-024-01670-4,Al,13,Al,13,Ge,32,32,1024,72.64,3800,5.28,4,0.66,0.66,302000,Ge,0.66,0.66,0.802588997,1545,1.1423,32.61146497,0,1,0,0,0,0,0,0
https://www.nature.com/articles/s41377-024-01670-4,Al,13,Al,13,Ge,32,32,1024,72.64,3800,5.28,4,0.66,0.66,302000,Ge,0.66,0.66,0.8,1550,1.1461,33.12101911,0,1,0,0,0,0,0,0
https://www.nature.com/articles/s41377-024-01670-4,Al,13,Al,13,Ge,32,32,1024,72.64,3800,5.28,4,0.66,0.66,302000,Ge,0.66,0.66,0.797427653,1555,1.1493,33.12101911,0,1,0,0,0,0,0,0
https://www.nature.com/articles/s41377-024-01670-4,Al,13,Al,13,Ge,32,32,1024,72.64,3800,5.28,4,0.66,0.66,302000,Ge,0.66,0.66,0.794871795,1560,1.1531,33.63057325,0,1,0,0,0,0,0,0
https://www.nature.com/articles/s41377-024-01670-4,Al,13,Al,13,Ge,32,32,1024,72.64,3800,5.28,4,0.66,0.66,302000,Ge,0.66,0.66,0.792332268,1565,1.1559,34.14012739,0,1,0,0,0,0,0,0
https://www.nature.com/articles/s41377-024-01670-4,Al,13,Al,13,Ge,32,32,1024,72.64,3800,5.28,4,0.66,0.66,302000,Ge,0.66,0.66,0.789808917,1570,1.1595,34.14012739,0,1,0,0,0,0,0,0
https://www.nature.com/articles/s41377-024-01670-4,Al,13,Al,13,Ge,32,32,1024,72.64,3800,5.28,4,0.66,0.66,302000,Ge,0.66,0.66,0.787301587,1575,1.1627,34.64968153,0,1,0,0,0,0,0,0
https://www.nature.com/articles/s41377-024-01670-4,Al,13,Al,13,Ge,32,32,1024,72.64,3800,5.28,4,0.66,0.66,302000,Ge,0.66,0.66,0.784810127,1580,1.1659,34.64968153,0,1,0,0,0,0,0,0
https://www.nature.com/articles/s41377-024-01670-4,Al,13,Al,13,Ge,32,32,1024,72.64,3800,5.28,4,0.66,0.66,302000,Ge,0.66,0.66,0.782334385,1585,1.1687,35.15923567,0,1,0,0,0,0,0,0
https://www.nature.com/articles/s41377-024-01670-4,Al,13,Al,13,Ge,32,32,1024,72.64,3800,5.28,4,0.66,0.66,302000,Ge,0.66,0.66,0.779874214,1590,1.1717,35.15923567,0,1,0,0,0,0,0,0
https://www.nature.com/articles/s41377-024-01670-4,Al,13,Al,13,Ge,32,32,1024,72.64,3800,5.28,4,0.66,0.66,302000,Ge,0.66,0.66,0.777429467,1595,1.174,35.15923567,0,1,0,0,0,0,0,0
https://www.nature.com/articles/s41377-024-01670-4,Al,13,Al,13,Ge,32,32,1024,72.64,3800,5.28,4,0.66,0.66,302000,Ge,0.66,0.66,0.775,1600,1.1763,35.66878981,0,1,0,0,0,0,0,0
https://www.nature.com/articles/s41377-024-01670-4,Al,13,Al,13,Ge,32,32,1024,72.64,3800,5.28,4,0.66,0.66,302000,Ge,0.66,0.66,0.77258567,1605,1.1784,35.66878981,0,1,0,0,0,0,0,0
https://www.nature.com/articles/s41377-024-01670-4,Al,13,Al,13,Ge,32,32,1024,72.64,3800,5.28,4,0.66,0.66,302000,Ge,0.66,0.66,0.770186335,1610,1.1799,35.66878981,0,1,0,0,0,0,0,0
https://www.nature.com/articles/s41377-024-01670-4,Al,13,Al,13,Ge,32,32,1024,72.64,3800,5.28,4,0.66,0.66,302000,Ge,0.66,0.66,0.767801858,1615,1.181,35.66878981,0,1,0,0,0,0,0,0
https://www.nature.com/articles/s41377-024-01670-4,Al,13,Al,13,Ge,32,32,1024,72.64,3800,5.28,4,0.66,0.66,302000,Ge,0.66,0.66,0.765432099,1620,1.1817,35.66878981,0,1,0,0,0,0,0,0
https://www.nature.com/articles/s41377-024-01670-4,Al,13,Al,13,Ge,32,32,1024,72.64,3800,5.28,4,0.66,0.66,302000,Ge,0.66,0.66,0.763076923,1625,1.1825,36.17834395,0,1,0,0,0,0,0,0
https://www.nature.com/articles/s41377-024-01670-4,Al,13,Al,13,Ge,32,32,1024,72.64,3800,5.28,4,0.66,0.66,302000,Ge,0.66,0.66,0.760736196,1630,1.1833,36.17834395,0,1,0,0,0,0,0,0
https://www.nature.com/articles/s41377-024-01670-4,Al,13,Al,13,Ge,32,32,1024,72.64,3800,5.28,4,0.66,0.66,302000,Ge,0.66,0.66,0.758409786,1635,1.1843,36.17834395,0,1,0,0,0,0,0,0
https://www.nature.com/articles/s41377-024-01670-4,Al,13,Al,13,Ge,32,32,1024,72.64,3800,5.28,4,0.66,0.66,302000,Ge,0.66,0.66,0.756097561,1640,1.1852,36.17834395,0,1,0,0,0,0,0,0
https://www.nature.com/articles/s41377-024-01670-4,Al,13,Al,13,Ge,32,32,1024,72.64,3800,5.28,4,0.66,0.66,302000,Ge,0.66,0.66,0.753799392,1645,1.186,36.17834395,0,1,0,0,0,0,0,0
https://www.nature.com/articles/s41377-024-01670-4,Al,13,Al,13,Ge,32,32,1024,72.64,3800,5.28,4,0.66,0.66,302000,Ge,0.66,0.66,0.751515152,1650,1.1859,36.17834395,0,1,0,0,0,0,0,0
https://www.nature.com/articles/s41377-024-01670-4,Al,13,Al,13,Ge,32,32,1024,72.64,3800,5.28,4,0.66,0.66,302000,Ge,0.66,0.66,0.749244713,1655,1.1852,36.17834395,0,1,0,0,0,0,0,0
https://www.nature.com/articles/s41377-024-01670-4,Al,13,Al,13,Ge,32,32,1024,72.64,3800,5.28,4,0.66,0.66,302000,Ge,0.66,0.66,0.746987952,1660,1.1848,36.17834395,0,1,0,0,0,0,0,0
https://www.nature.com/articles/s41377-024-01670-4,Al,13,Al,13,Ge,32,32,1024,72.64,3800,5.28,4,0.66,0.66,302000,Ge,0.66,0.66,0.744744745,1665,1.1843,36.68789809,0,1,0,0,0,0,0,0
https://www.nature.com/articles/s41377-024-01670-4,Al,13,Al,13,Ge,32,32,1024,72.64,3800,5.28,4,0.66,0.66,302000,Ge,0.66,0.66,0.74251497,1670,1.1841,36.68789809,0,1,0,0,0,0,0,0
https://www.nature.com/articles/s41377-024-01670-4,Al,13,Al,13,Ge,32,32,1024,72.64,3800,5.28,4,0.66,0.66,302000,Ge,0.66,0.66,0.740298507,1675,1.1827,36.68789809,0,1,0,0,0,0,0,0
https://www.nature.com/articles/s41377-024-01670-4,Al,13,Al,13,Ge,32,32,1024,72.64,3800,5.28,4,0.66,0.66,302000,Ge,0.66,0.66,0.738095238,1680,1.182,36.68789809,0,1,0,0,0,0,0,0
https://www.nature.com/articles/s41377-024-01670-4,Al,13,Al,13,Ge,32,32,1024,72.64,3800,5.28,4,0.66,0.66,302000,Ge,0.66,0.66,0.735905045,1685,1.18,36.68789809,0,1,0,0,0,0,0,0
https://www.nature.com/articles/s41377-024-01670-4,Al,13,Al,13,Ge,32,32,1024,72.64,3800,5.28,4,0.66,0.66,302000,Ge,0.66,0.66,0.733727811,1690,1.179,36.68789809,0,1,0,0,0,0,0,0
https://www.nature.com/articles/s41377-024-01670-4,Al,13,Al,13,Ge,32,32,1024,72.64,3800,5.28,4,0.66,0.66,302000,Ge,0.66,0.66,0.731563422,1695,1.176,36.68789809,0,1,0,0,0,0,0,0
https://www.nature.com/articles/s41377-024-01670-4,Al,13,Al,13,Ge,32,32,1024,72.64,3800,5.28,4,0.66,0.66,302000,Ge,0.66,0.66,0.729411765,1700,1.173,36.17834395,0,1,0,0,0,0,0,0
https://www.nature.com/articles/s41377-024-01670-4,Al,13,Al,13,Ge,32,32,1024,72.64,3800,5.28,4,0.66,0.66,302000,Ge,0.66,0.66,0.727272727,1705,1.171,36.17834395,0,1,0,0,0,0,0,0
https://www.nature.com/articles/s41377-024-01670-4,Al,13,Al,13,Ge,32,32,1024,72.64,3800,5.28,4,0.66,0.66,302000,Ge,0.66,0.66,0.725146199,1710,1.168,36.17834395,0,1,0,0,0,0,0,0
https://www.nature.com/articles/s41377-024-01670-4,Al,13,Al,13,Ge,32,32,1024,72.64,3800,5.28,4,0.66,0.66,302000,Ge,0.66,0.66,0.720930233,1720,1.16,36.17834395,0,1,0,0,0,0,0,0
https://www.nature.com/articles/s41377-024-01670-4,Al,13,Al,13,Ge,32,32,1024,72.64,3800,5.28,4,0.66,0.66,302000,Ge,0.66,0.66,0.716763006,1730,1.15,36.17834395,0,1,0,0,0,0,0,0
https://www.nature.com/articles/s41377-024-01670-4,Al,13,Al,13,Ge,32,32,1024,72.64,3800,5.28,4,0.66,0.66,302000,Ge,0.66,0.66,0.712643678,1740,1.138,35.66878981,0,1,0,0,0,0,0,0
https://www.nature.com/articles/s41377-024-01670-4,Al,13,Al,13,Ge,32,32,1024,72.64,3800,5.28,4,0.66,0.66,302000,Ge,0.66,0.66,0.708571429,1750,1.123,35.66878981,0,1,0,0,0,0,0,0
https://www.nature.com/articles/s41377-024-01670-4,Al,13,Al,13,Ge,32,32,1024,72.64,3800,5.28,4,0.66,0.66,302000,Ge,0.66,0.66,0.704545455,1760,1.104,35.15923567,0,1,0,0,0,0,0,0
https://www.nature.com/articles/s41377-024-01670-4,Al,13,Al,13,Ge,32,32,1024,72.64,3800,5.28,4,0.66,0.66,302000,Ge,0.66,0.66,0.700564972,1770,1.081,34.64968153,0,1,0,0,0,0,0,0
https://www.nature.com/articles/s41377-024-01670-4,Al,13,Al,13,Ge,32,32,1024,72.64,3800,5.28,4,0.66,0.66,302000,Ge,0.66,0.66,0.696629213,1780,1.053,33.63057325,0,1,0,0,0,0,0,0
https://www.nature.com/articles/s41377-024-01670-4,Al,13,Al,13,Ge,32,32,1024,72.64,3800,5.28,4,0.66,0.66,302000,Ge,0.66,0.66,0.69273743,1790,1.016,32.61146497,0,1,0,0,0,0,0,0
https://www.nature.com/articles/s41377-024-01670-4,Al,13,Al,13,Ge,32,32,1024,72.64,3800,5.28,4,0.66,0.66,302000,Ge,0.66,0.66,0.688888889,1800,0.96,31.59235669,0,1,0,0,0,0,0,0
https://www.nature.com/articles/s41377-024-01670-4,Al,13,Al,13,Ge,32,32,1024,72.64,3800,5.28,4,0.66,0.66,302000,Ge,0.66,0.66,0.685082873,1810,0.905,31.59235669,0,1,0,0,0,0,0,0
https://www.nature.com/articles/s41377-024-01670-4,Al,13,Al,13,Ge,32,32,1024,72.64,3800,5.28,4,0.66,0.66,302000,Ge,0.66,0.66,0.681318681,1820,0.856,31.08280255,0,1,0,0,0,0,0,0
https://www.nature.com/articles/s41377-024-01670-4,Al,13,Al,13,Ge,32,32,1024,72.64,3800,5.28,4,0.66,0.66,302000,Ge,0.66,0.66,0.677595628,1830,0.8,30.57324841,0,1,0,0,0,0,0,0
https://www.nature.com/articles/s41377-024-01670-4,Al,13,Al,13,Ge,32,32,1024,72.64,3800,5.28,4,0.66,0.66,302000,Ge,0.66,0.66,0.673913043,1840,0.74,29.55414013,0,1,0,0,0,0,0,0
https://www.nature.com/articles/s41377-024-01670-4,Al,13,Al,13,Ge,32,32,1024,72.64,3800,5.28,4,0.66,0.66,302000,Ge,0.66,0.66,0.67027027,1850,0.676,30.57324841,0,1,0,0,0,0,0,0
https://www.nature.com/articles/s41377-024-01670-4,Al,13,Al,13,Ge,32,32,1024,72.64,3800,5.28,4,0.66,0.66,302000,Ge,0.66,0.66,0.666666667,1860,0.615,31.08280255,0,1,0,0,0,0,0,0
https://www.nature.com/articles/s41377-024-01670-4,Al,13,Al,13,Ge,32,32,1024,72.64,3800,5.28,4,0.66,0.66,302000,Ge,0.66,0.66,0.663101604,1870,0.553,29.55414013,0,1,0,0,0,0,0,0
https://www.nature.com/articles/s41377-024-01670-4,Al,13,Al,13,Ge,32,32,1024,72.64,3800,5.28,4,0.66,0.66,302000,Ge,0.66,0.66,0.659574468,1880,0.492,31.08280255,0,1,0,0,0,0,0,0
https://www.nature.com/articles/s41377-024-01670-4,Al,13,Al,13,Ge,32,32,1024,72.64,3800,5.28,4,0.66,0.66,302000,Ge,0.66,0.66,0.656084656,1890,0.432,31.59235669,0,1,0,0,0,0,0,0
https://doi.org/10.1063/1.117016,PtSi,92,PtSi,92,PtSi,92,46,8464,223.17,168,12.28,7,0.25,0.43,7,Si,1.12,0.61,10.33333333,120,0.018,250,0,0,0,0,1,0,0,0
https://doi.org/10.1063/1.117016,PtSi,92,PtSi,92,PtSi,92,46,8464,223.17,168,12.28,7,0.25,0.43,7,Si,1.12,0.61,9.92,125,0.020029802,250,0,0,0,0,1,0,0,0
https://doi.org/10.1063/1.117016,PtSi,92,PtSi,92,PtSi,92,46,8464,223.17,168,12.28,7,0.25,0.43,7,Si,1.12,0.61,9.538461538,130,0.021674504,250,0,0,0,0,1,0,0,0
https://doi.org/10.1063/1.117016,PtSi,92,PtSi,92,PtSi,92,46,8464,223.17,168,12.28,7,0.25,0.43,7,Si,1.12,0.61,9.185185185,135,0.022963991,250,0,0,0,0,1,0,0,0
https://doi.org/10.1063/1.117016,PtSi,92,PtSi,92,PtSi,92,46,8464,223.17,168,12.28,7,0.25,0.43,7,Si,1.12,0.61,8.857142857,140,0.023928146,250,0,0,0,0,1,0,0,0
https://doi.org/10.1063/1.117016,PtSi,92,PtSi,92,PtSi,92,46,8464,223.17,168,12.28,7,0.25,0.43,7,Si,1.12,0.61,8.551724138,145,0.024596855,250,0,0,0,0,1,0,0,0
https://doi.org/10.1063/1.117016,PtSi,92,PtSi,92,PtSi,92,46,8464,223.17,168,12.28,7,0.25,0.43,7,Si,1.12,0.61,8.266666667,150,0.025,250,0,0,0,0,1,0,0,0
https://doi.org/10.1063/1.117016,PtSi,92,PtSi,92,PtSi,92,46,8464,223.17,168,12.28,7,0.25,0.43,7,Si,1.12,0.61,8,155,0.025167466,250,0,0,0,0,1,0,0,0
https://doi.org/10.1063/1.117016,PtSi,92,PtSi,92,PtSi,92,46,8464,223.17,168,12.28,7,0.25,0.43,7,Si,1.12,0.61,7.75,160,0.025129138,250,0,0,0,0,1,0,0,0
https://doi.org/10.1063/1.117016,PtSi,92,PtSi,92,PtSi,92,46,8464,223.17,168,12.28,7,0.25,0.43,7,Si,1.12,0.61,7.515151515,165,0.024914899,250,0,0,0,0,1,0,0,0
https://doi.org/10.1063/1.117016,PtSi,92,PtSi,92,PtSi,92,46,8464,223.17,168,12.28,7,0.25,0.43,7,Si,1.12,0.61,7.294117647,170,0.024554634,250,0,0,0,0,1,0,0,0
https://doi.org/10.1063/1.117016,PtSi,92,PtSi,92,PtSi,92,46,8464,223.17,168,12.28,7,0.25,0.43,7,Si,1.12,0.61,7.085714286,175,0.024078226,250,0,0,0,0,1,0,0,0
https://doi.org/10.1063/1.117016,PtSi,92,PtSi,92,PtSi,92,46,8464,223.17,168,12.28,7,0.25,0.43,7,Si,1.12,0.61,6.888888889,180,0.023515561,250,0,0,0,0,1,0,0,0
https://doi.org/10.1063/1.117016,PtSi,92,PtSi,92,PtSi,92,46,8464,223.17,168,12.28,7,0.25,0.43,7,Si,1.12,0.61,6.702702703,185,0.022896521,250,0,0,0,0,1,0,0,0
https://doi.org/10.1063/1.117016,PtSi,92,PtSi,92,PtSi,92,46,8464,223.17,168,12.28,7,0.25,0.43,7,Si,1.12,0.61,6.526315789,190,0.022250992,250,0,0,0,0,1,0,0,0
https://doi.org/10.1063/1.117016,PtSi,92,PtSi,92,PtSi,92,46,8464,223.17,168,12.28,7,0.25,0.43,7,Si,1.12,0.61,6.358974359,195,0.021608857,250,0,0,0,0,1,0,0,0
https://doi.org/10.1063/1.117016,PtSi,92,PtSi,92,PtSi,92,46,8464,223.17,168,12.28,7,0.25,0.43,7,Si,1.12,0.61,6.2,200,0.021,250,0,0,0,0,1,0,0,0
https://doi.org/10.1063/1.117016,PtSi,92,PtSi,92,PtSi,92,46,8464,223.17,168,12.28,7,0.25,0.43,7,Si,1.12,0.61,6.048780488,205,0.02045099,250,0,0,0,0,1,0,0,0
https://doi.org/10.1063/1.117016,PtSi,92,PtSi,92,PtSi,92,46,8464,223.17,168,12.28,7,0.25,0.43,7,Si,1.12,0.61,5.904761905,210,0.019975129,250,0,0,0,0,1,0,0,0
https://doi.org/10.1063/1.117016,PtSi,92,PtSi,92,PtSi,92,46,8464,223.17,168,12.28,7,0.25,0.43,7,Si,1.12,0.61,5.76744186,215,0.019582404,250,0,0,0,0,1,0,0,0
https://doi.org/10.1063/1.117016,PtSi,92,PtSi,92,PtSi,92,46,8464,223.17,168,12.28,7,0.25,0.43,7,Si,1.12,0.61,5.636363636,220,0.019282801,250,0,0,0,0,1,0,0,0
https://doi.org/10.1063/1.117016,PtSi,92,PtSi,92,PtSi,92,46,8464,223.17,168,12.28,7,0.25,0.43,7,Si,1.12,0.61,5.511111111,225,0.019086307,250,0,0,0,0,1,0,0,0
https://doi.org/10.1063/1.117016,PtSi,92,PtSi,92,PtSi,92,46,8464,223.17,168,12.28,7,0.25,0.43,7,Si,1.12,0.61,5.391304348,230,0.019002909,250,0,0,0,0,1,0,0,0
https://doi.org/10.1063/1.117016,PtSi,92,PtSi,92,PtSi,92,46,8464,223.17,168,12.28,7,0.25,0.43,7,Si,1.12,0.61,5.276595745,235,0.019042592,250,0,0,0,0,1,0,0,0
https://doi.org/10.1063/1.117016,PtSi,92,PtSi,92,PtSi,92,46,8464,223.17,168,12.28,7,0.25,0.43,7,Si,1.12,0.61,5.166666667,240,0.019215344,250,0,0,0,0,1,0,0,0
https://doi.org/10.1063/1.117016,PtSi,92,PtSi,92,PtSi,92,46,8464,223.17,168,12.28,7,0.25,0.43,7,Si,1.12,0.61,5.06122449,245,0.019531151,250,0,0,0,0,1,0,0,0
https://doi.org/10.1063/1.117016,PtSi,92,PtSi,92,PtSi,92,46,8464,223.17,168,12.28,7,0.25,0.43,7,Si,1.12,0.61,4.96,250,0.02,250,0,0,0,0,1,0,0,0
https://doi.org/10.1063/1.117016,PtSi,92,PtSi,92,PtSi,92,46,8464,223.17,168,12.28,7,0.25,0.43,7,Si,1.12,0.61,4.862745098,255,0.020624574,250,0,0,0,0,1,0,0,0
https://doi.org/10.1063/1.117016,PtSi,92,PtSi,92,PtSi,92,46,8464,223.17,168,12.28,7,0.25,0.43,7,Si,1.12,0.61,4.769230769,260,0.021378346,250,0,0,0,0,1,0,0,0
https://doi.org/10.1063/1.117016,PtSi,92,PtSi,92,PtSi,92,46,8464,223.17,168,12.28,7,0.25,0.43,7,Si,1.12,0.61,4.679245283,265,0.022227485,250,0,0,0,0,1,0,0,0
https://doi.org/10.1063/1.117016,PtSi,92,PtSi,92,PtSi,92,46,8464,223.17,168,12.28,7,0.25,0.43,7,Si,1.12,0.61,4.592592593,270,0.023138162,250,0,0,0,0,1,0,0,0
https://doi.org/10.1063/1.117016,PtSi,92,PtSi,92,PtSi,92,46,8464,223.17,168,12.28,7,0.25,0.43,7,Si,1.12,0.61,4.509090909,275,0.024076545,250,0,0,0,0,1,0,0,0
https://doi.org/10.1063/1.117016,PtSi,92,PtSi,92,PtSi,92,46,8464,223.17,168,12.28,7,0.25,0.43,7,Si,1.12,0.61,4.428571429,280,0.025008805,250,0,0,0,0,1,0,0,0
https://doi.org/10.1063/1.117016,PtSi,92,PtSi,92,PtSi,92,46,8464,223.17,168,12.28,7,0.25,0.43,7,Si,1.12,0.61,4.350877193,285,0.02590111,250,0,0,0,0,1,0,0,0
https://doi.org/10.1063/1.117016,PtSi,92,PtSi,92,PtSi,92,46,8464,223.17,168,12.28,7,0.25,0.43,7,Si,1.12,0.61,4.275862069,290,0.026719632,250,0,0,0,0,1,0,0,0
https://doi.org/10.1063/1.117016,PtSi,92,PtSi,92,PtSi,92,46,8464,223.17,168,12.28,7,0.25,0.43,7,Si,1.12,0.61,4.203389831,295,0.027430538,250,0,0,0,0,1,0,0,0
https://doi.org/10.1063/1.117016,PtSi,92,PtSi,92,PtSi,92,46,8464,223.17,168,12.28,7,0.25,0.43,7,Si,1.12,0.61,4.133333333,300,0.028,250,0,0,0,0,1,0,0,0
https://doi.org/10.1063/1.117016,PtSi,92,PtSi,92,PtSi,92,46,8464,223.17,168,12.28,7,0.25,0.43,7,Si,1.12,0.61,4.06557377,305,0.028410714,250,0,0,0,0,1,0,0,0
https://doi.org/10.1063/1.117016,PtSi,92,PtSi,92,PtSi,92,46,8464,223.17,168,12.28,7,0.25,0.43,7,Si,1.12,0.61,4,310,0.028711487,250,0,0,0,0,1,0,0,0
https://doi.org/10.1063/1.117016,PtSi,92,PtSi,92,PtSi,92,46,8464,223.17,168,12.28,7,0.25,0.43,7,Si,1.12,0.61,3.936507937,315,0.028967655,250,0,0,0,0,1,0,0,0
https://doi.org/10.1063/1.117016,PtSi,92,PtSi,92,PtSi,92,46,8464,223.17,168,12.28,7,0.25,0.43,7,Si,1.12,0.61,3.875,320,0.029244551,250,0,0,0,0,1,0,0,0
https://doi.org/10.1063/1.117016,PtSi,92,PtSi,92,PtSi,92,46,8464,223.17,168,12.28,7,0.25,0.43,7,Si,1.12,0.61,3.815384615,325,0.029607512,250,0,0,0,0,1,0,0,0
https://doi.org/10.1063/1.117016,PtSi,92,PtSi,92,PtSi,92,46,8464,223.17,168,12.28,7,0.25,0.43,7,Si,1.12,0.61,3.757575758,330,0.030121872,250,0,0,0,0,1,0,0,0
https://doi.org/10.1063/1.117016,PtSi,92,PtSi,92,PtSi,92,46,8464,223.17,168,12.28,7,0.25,0.43,7,Si,1.12,0.61,3.701492537,335,0.030852966,250,0,0,0,0,1,0,0,0
https://doi.org/10.1063/1.117016,PtSi,92,PtSi,92,PtSi,92,46,8464,223.17,168,12.28,7,0.25,0.43,7,Si,1.12,0.61,3.647058824,340,0.031866129,250,0,0,0,0,1,0,0,0
https://doi.org/10.1063/1.117016,PtSi,92,PtSi,92,PtSi,92,46,8464,223.17,168,12.28,7,0.25,0.43,7,Si,1.12,0.61,3.594202899,345,0.033226695,250,0,0,0,0,1,0,0,0
https://doi.org/10.1063/1.117016,PtSi,92,PtSi,92,PtSi,92,46,8464,223.17,168,12.28,7,0.25,0.43,7,Si,1.12,0.61,3.542857143,350,0.035,250,0,0,0,0,1,0,0,0
https://doi.org/10.1063/1.117016,PtSi,92,PtSi,92,PtSi,92,46,8464,223.17,168,12.28,7,0.25,0.43,7,Si,1.12,0.61,3.492957746,355,0.037236571,250,0,0,0,0,1,0,0,0
https://doi.org/10.1063/1.117016,PtSi,92,PtSi,92,PtSi,92,46,8464,223.17,168,12.28,7,0.25,0.43,7,Si,1.12,0.61,3.444444444,360,0.039927706,250,0,0,0,0,1,0,0,0
https://doi.org/10.1063/1.117016,PtSi,92,PtSi,92,PtSi,92,46,8464,223.17,168,12.28,7,0.25,0.43,7,Si,1.12,0.61,3.397260274,365,0.043049897,250,0,0,0,0,1,0,0,0
https://doi.org/10.1063/1.117016,PtSi,92,PtSi,92,PtSi,92,46,8464,223.17,168,12.28,7,0.25,0.43,7,Si,1.12,0.61,3.351351351,370,0.046579633,250,0,0,0,0,1,0,0,0
https://doi.org/10.1063/1.117016,PtSi,92,PtSi,92,PtSi,92,46,8464,223.17,168,12.28,7,0.25,0.43,7,Si,1.12,0.61,3.306666667,375,0.050493406,250,0,0,0,0,1,0,0,0
https://doi.org/10.1063/1.117016,PtSi,92,PtSi,92,PtSi,92,46,8464,223.17,168,12.28,7,0.25,0.43,7,Si,1.12,0.61,3.263157895,380,0.054767706,250,0,0,0,0,1,0,0,0
https://doi.org/10.1063/1.117016,PtSi,92,PtSi,92,PtSi,92,46,8464,223.17,168,12.28,7,0.25,0.43,7,Si,1.12,0.61,3.220779221,385,0.059379025,250,0,0,0,0,1,0,0,0
https://doi.org/10.1063/1.117016,PtSi,92,PtSi,92,PtSi,92,46,8464,223.17,168,12.28,7,0.25,0.43,7,Si,1.12,0.61,3.179487179,390,0.064303853,250,0,0,0,0,1,0,0,0
https://doi.org/10.1063/1.117016,PtSi,92,PtSi,92,PtSi,92,46,8464,223.17,168,12.28,7,0.25,0.43,7,Si,1.12,0.61,3.139240506,395,0.069518681,250,0,0,0,0,1,0,0,0
https://doi.org/10.1063/1.117016,PtSi,92,PtSi,92,PtSi,92,46,8464,223.17,168,12.28,7,0.25,0.43,7,Si,1.12,0.61,3.1,400,0.075,250,0,0,0,0,1,0,0,0
https://doi.org/10.1063/1.117016,PtSi,92,PtSi,92,PtSi,92,46,8464,223.17,168,12.28,7,0.25,0.43,7,Si,1.12,0.61,3.061728395,405,0.080720002,250,0,0,0,0,1,0,0,0
https://doi.org/10.1063/1.117016,PtSi,92,PtSi,92,PtSi,92,46,8464,223.17,168,12.28,7,0.25,0.43,7,Si,1.12,0.61,3.024390244,410,0.086633688,250,0,0,0,0,1,0,0,0
https://doi.org/10.1063/1.117016,PtSi,92,PtSi,92,PtSi,92,46,8464,223.17,168,12.28,7,0.25,0.43,7,Si,1.12,0.61,2.987951807,415,0.092691759,250,0,0,0,0,1,0,0,0
https://doi.org/10.1063/1.117016,PtSi,92,PtSi,92,PtSi,92,46,8464,223.17,168,12.28,7,0.25,0.43,7,Si,1.12,0.61,2.952380952,420,0.098844918,250,0,0,0,0,1,0,0,0
https://doi.org/10.1063/1.117016,PtSi,92,PtSi,92,PtSi,92,46,8464,223.17,168,12.28,7,0.25,0.43,7,Si,1.12,0.61,2.917647059,425,0.105043865,250,0,0,0,0,1,0,0,0
https://doi.org/10.1063/1.117016,PtSi,92,PtSi,92,PtSi,92,46,8464,223.17,168,12.28,7,0.25,0.43,7,Si,1.12,0.61,2.88372093,430,0.111239303,250,0,0,0,0,1,0,0,0
https://doi.org/10.1063/1.117016,PtSi,92,PtSi,92,PtSi,92,46,8464,223.17,168,12.28,7,0.25,0.43,7,Si,1.12,0.61,2.850574713,435,0.117381934,250,0,0,0,0,1,0,0,0
https://doi.org/10.1063/1.117016,PtSi,92,PtSi,92,PtSi,92,46,8464,223.17,168,12.28,7,0.25,0.43,7,Si,1.12,0.61,2.818181818,440,0.123422459,250,0,0,0,0,1,0,0,0
https://doi.org/10.1063/1.117016,PtSi,92,PtSi,92,PtSi,92,46,8464,223.17,168,12.28,7,0.25,0.43,7,Si,1.12,0.61,2.786516854,445,0.12931158,250,0,0,0,0,1,0,0,0
https://doi.org/10.1063/1.117016,PtSi,92,PtSi,92,PtSi,92,46,8464,223.17,168,12.28,7,0.25,0.43,7,Si,1.12,0.61,2.755555556,450,0.135,250,0,0,0,0,1,0,0,0
https://doi.org/10.1063/1.117016,PtSi,92,PtSi,92,PtSi,92,46,8464,223.17,168,12.28,7,0.25,0.43,7,Si,1.12,0.61,2.725274725,455,0.14043842,250,0,0,0,0,1,0,0,0
https://doi.org/10.1063/1.117016,PtSi,92,PtSi,92,PtSi,92,46,8464,223.17,168,12.28,7,0.25,0.43,7,Si,1.12,0.61,2.695652174,460,0.145577541,250,0,0,0,0,1,0,0,0
https://doi.org/10.1063/1.117016,PtSi,92,PtSi,92,PtSi,92,46,8464,223.17,168,12.28,7,0.25,0.43,7,Si,1.12,0.61,2.666666667,465,0.150368066,250,0,0,0,0,1,0,0,0
https://doi.org/10.1063/1.117016,PtSi,92,PtSi,92,PtSi,92,46,8464,223.17,168,12.28,7,0.25,0.43,7,Si,1.12,0.61,2.638297872,470,0.154760697,250,0,0,0,0,1,0,0,0
https://doi.org/10.1063/1.117016,PtSi,92,PtSi,92,PtSi,92,46,8464,223.17,168,12.28,7,0.25,0.43,7,Si,1.12,0.61,2.610526316,475,0.158706135,250,0,0,0,0,1,0,0,0
https://doi.org/10.1063/1.117016,PtSi,92,PtSi,92,PtSi,92,46,8464,223.17,168,12.28,7,0.25,0.43,7,Si,1.12,0.61,2.583333333,480,0.162155082,250,0,0,0,0,1,0,0,0
https://doi.org/10.1063/1.117016,PtSi,92,PtSi,92,PtSi,92,46,8464,223.17,168,12.28,7,0.25,0.43,7,Si,1.12,0.61,2.556701031,485,0.165058241,250,0,0,0,0,1,0,0,0
https://doi.org/10.1063/1.117016,PtSi,92,PtSi,92,PtSi,92,46,8464,223.17,168,12.28,7,0.25,0.43,7,Si,1.12,0.61,2.530612245,490,0.167366312,250,0,0,0,0,1,0,0,0
https://doi.org/10.1063/1.117016,PtSi,92,PtSi,92,PtSi,92,46,8464,223.17,168,12.28,7,0.25,0.43,7,Si,1.12,0.61,2.505050505,495,0.169029998,250,0,0,0,0,1,0,0,0
https://doi.org/10.1063/1.117016,PtSi,92,PtSi,92,PtSi,92,46,8464,223.17,168,12.28,7,0.25,0.43,7,Si,1.12,0.61,2.48,500,0.17,250,0,0,0,0,1,0,0,0
https://doi.org/10.1016/j.nima.2004.09.042,Pt,78,Ti/Ni/Al,22,GaN,38,19,1444,83.73,1050,6.08,4,3.4,3.4,4100,Al2O3,8.8,8.6,24.8,50,0.011,3.26,0,0,0,0,1,0,0,0
https://doi.org/10.1016/j.nima.2004.09.042,Pt,78,Ti/Ni/Al,22,GaN,38,19,1444,83.73,1050,6.08,4,3.4,3.4,4100,Al2O3,8.8,8.6,22.54545455,55,0.01106,3.26,0,0,0,0,1,0,0,0
https://doi.org/10.1016/j.nima.2004.09.042,Pt,78,Ti/Ni/Al,22,GaN,38,19,1444,83.73,1050,6.08,4,3.4,3.4,4100,Al2O3,8.8,8.6,20.66666667,60,0.01112,3.26,0,0,0,0,1,0,0,0
https://doi.org/10.1016/j.nima.2004.09.042,Pt,78,Ti/Ni/Al,22,GaN,38,19,1444,83.73,1050,6.08,4,3.4,3.4,4100,Al2O3,8.8,8.6,19.07692308,65,0.01118,3.26,0,0,0,0,1,0,0,0
https://doi.org/10.1016/j.nima.2004.09.042,Pt,78,Ti/Ni/Al,22,GaN,38,19,1444,83.73,1050,6.08,4,3.4,3.4,4100,Al2O3,8.8,8.6,17.71428571,70,0.01124,3.26,0,0,0,0,1,0,0,0
https://doi.org/10.1016/j.nima.2004.09.042,Pt,78,Ti/Ni/Al,22,GaN,38,19,1444,83.73,1050,6.08,4,3.4,3.4,4100,Al2O3,8.8,8.6,16.53333333,75,0.0113,3.26,0,0,0,0,1,0,0,0
https://doi.org/10.1016/j.nima.2004.09.042,Pt,78,Ti/Ni/Al,22,GaN,38,19,1444,83.73,1050,6.08,4,3.4,3.4,4100,Al2O3,8.8,8.6,15.5,80,0.01144,3.26,0,0,0,0,1,0,0,0
https://doi.org/10.1016/j.nima.2004.09.042,Pt,78,Ti/Ni/Al,22,GaN,38,19,1444,83.73,1050,6.08,4,3.4,3.4,4100,Al2O3,8.8,8.6,14.58823529,85,0.01158,3.26,0,0,0,0,1,0,0,0
https://doi.org/10.1016/j.nima.2004.09.042,Pt,78,Ti/Ni/Al,22,GaN,38,19,1444,83.73,1050,6.08,4,3.4,3.4,4100,Al2O3,8.8,8.6,13.77777778,90,0.01172,3.26,0,0,0,0,1,0,0,0
https://doi.org/10.1016/j.nima.2004.09.042,Pt,78,Ti/Ni/Al,22,GaN,38,19,1444,83.73,1050,6.08,4,3.4,3.4,4100,Al2O3,8.8,8.6,13.05263158,95,0.01186,3.26,0,0,0,0,1,0,0,0
https://doi.org/10.1016/j.nima.2004.09.042,Pt,78,Ti/Ni/Al,22,GaN,38,19,1444,83.73,1050,6.08,4,3.4,3.4,4100,Al2O3,8.8,8.6,12.4,100,0.012,3.26,0,0,0,0,1,0,0,0
https://doi.org/10.1016/j.nima.2004.09.042,Pt,78,Ti/Ni/Al,22,GaN,38,19,1444,83.73,1050,6.08,4,3.4,3.4,4100,Al2O3,8.8,8.6,11.80952381,105,0.0148,3.26,0,0,0,0,1,0,0,0
https://doi.org/10.1016/j.nima.2004.09.042,Pt,78,Ti/Ni/Al,22,GaN,38,19,1444,83.73,1050,6.08,4,3.4,3.4,4100,Al2O3,8.8,8.6,11.27272727,110,0.0176,3.26,0,0,0,0,1,0,0,0
https://doi.org/10.1016/j.nima.2004.09.042,Pt,78,Ti/Ni/Al,22,GaN,38,19,1444,83.73,1050,6.08,4,3.4,3.4,4100,Al2O3,8.8,8.6,10.7826087,115,0.0204,3.26,0,0,0,0,1,0,0,0
https://doi.org/10.1016/j.nima.2004.09.042,Pt,78,Ti/Ni/Al,22,GaN,38,19,1444,83.73,1050,6.08,4,3.4,3.4,4100,Al2O3,8.8,8.6,10.33333333,120,0.0232,3.26,0,0,0,0,1,0,0,0
https://doi.org/10.1016/j.nima.2004.09.042,Pt,78,Ti/Ni/Al,22,GaN,38,19,1444,83.73,1050,6.08,4,3.4,3.4,4100,Al2O3,8.8,8.6,9.92,125,0.026,3.26,0,0,0,0,1,0,0,0
https://doi.org/10.1016/j.nima.2004.09.042,Pt,78,Ti/Ni/Al,22,GaN,38,19,1444,83.73,1050,6.08,4,3.4,3.4,4100,Al2O3,8.8,8.6,9.538461538,130,0.0288,3.26,0,0,0,0,1,0,0,0
https://doi.org/10.1016/j.nima.2004.09.042,Pt,78,Ti/Ni/Al,22,GaN,38,19,1444,83.73,1050,6.08,4,3.4,3.4,4100,Al2O3,8.8,8.6,9.185185185,135,0.0316,3.26,0,0,0,0,1,0,0,0
https://doi.org/10.1016/j.nima.2004.09.042,Pt,78,Ti/Ni/Al,22,GaN,38,19,1444,83.73,1050,6.08,4,3.4,3.4,4100,Al2O3,8.8,8.6,8.857142857,140,0.0344,3.26,0,0,0,0,1,0,0,0
https://doi.org/10.1016/j.nima.2004.09.042,Pt,78,Ti/Ni/Al,22,GaN,38,19,1444,83.73,1050,6.08,4,3.4,3.4,4100,Al2O3,8.8,8.6,8.551724138,145,0.0372,3.26,0,0,0,0,1,0,0,0
https://doi.org/10.1016/j.nima.2004.09.042,Pt,78,Ti/Ni/Al,22,GaN,38,19,1444,83.73,1050,6.08,4,3.4,3.4,4100,Al2O3,8.8,8.6,8.266666667,150,0.04,3.26,0,0,0,0,1,0,0,0
https://doi.org/10.1016/j.nima.2004.09.042,Pt,78,Ti/Ni/Al,22,GaN,38,19,1444,83.73,1050,6.08,4,3.4,3.4,4100,Al2O3,8.8,8.6,8,155,0.042,3.26,0,0,0,0,1,0,0,0
https://doi.org/10.1016/j.nima.2004.09.042,Pt,78,Ti/Ni/Al,22,GaN,38,19,1444,83.73,1050,6.08,4,3.4,3.4,4100,Al2O3,8.8,8.6,7.75,160,0.044,3.26,0,0,0,0,1,0,0,0
https://doi.org/10.1016/j.nima.2004.09.042,Pt,78,Ti/Ni/Al,22,GaN,38,19,1444,83.73,1050,6.08,4,3.4,3.4,4100,Al2O3,8.8,8.6,7.515151515,165,0.046,3.26,0,0,0,0,1,0,0,0
https://doi.org/10.1016/j.nima.2004.09.042,Pt,78,Ti/Ni/Al,22,GaN,38,19,1444,83.73,1050,6.08,4,3.4,3.4,4100,Al2O3,8.8,8.6,7.294117647,170,0.048,3.26,0,0,0,0,1,0,0,0
https://doi.org/10.1016/j.nima.2004.09.042,Pt,78,Ti/Ni/Al,22,GaN,38,19,1444,83.73,1050,6.08,4,3.4,3.4,4100,Al2O3,8.8,8.6,7.085714286,175,0.05,3.26,0,0,0,0,1,0,0,0
https://doi.org/10.1016/j.nima.2004.09.042,Pt,78,Ti/Ni/Al,22,GaN,38,19,1444,83.73,1050,6.08,4,3.4,3.4,4100,Al2O3,8.8,8.6,6.888888889,180,0.052,3.26,0,0,0,0,1,0,0,0
https://doi.org/10.1016/j.nima.2004.09.042,Pt,78,Ti/Ni/Al,22,GaN,38,19,1444,83.73,1050,6.08,4,3.4,3.4,4100,Al2O3,8.8,8.6,6.702702703,185,0.054,3.26,0,0,0,0,1,0,0,0
https://doi.org/10.1016/j.nima.2004.09.042,Pt,78,Ti/Ni/Al,22,GaN,38,19,1444,83.73,1050,6.08,4,3.4,3.4,4100,Al2O3,8.8,8.6,6.526315789,190,0.056,3.26,0,0,0,0,1,0,0,0
https://doi.org/10.1016/j.nima.2004.09.042,Pt,78,Ti/Ni/Al,22,GaN,38,19,1444,83.73,1050,6.08,4,3.4,3.4,4100,Al2O3,8.8,8.6,6.358974359,195,0.058,3.26,0,0,0,0,1,0,0,0
https://doi.org/10.1016/j.nima.2004.09.042,Pt,78,Ti/Ni/Al,22,GaN,38,19,1444,83.73,1050,6.08,4,3.4,3.4,4100,Al2O3,8.8,8.6,6.2,200,0.06,3.26,0,0,0,0,1,0,0,0
https://doi.org/10.1016/j.nima.2004.09.042,Pt,78,Ti/Ni/Al,22,GaN,38,19,1444,83.73,1050,6.08,4,3.4,3.4,4100,Al2O3,8.8,8.6,6.048780488,205,0.0617,3.26,0,0,0,0,1,0,0,0
https://doi.org/10.1016/j.nima.2004.09.042,Pt,78,Ti/Ni/Al,22,GaN,38,19,1444,83.73,1050,6.08,4,3.4,3.4,4100,Al2O3,8.8,8.6,5.904761905,210,0.0634,3.26,0,0,0,0,1,0,0,0
https://doi.org/10.1016/j.nima.2004.09.042,Pt,78,Ti/Ni/Al,22,GaN,38,19,1444,83.73,1050,6.08,4,3.4,3.4,4100,Al2O3,8.8,8.6,5.76744186,215,0.0651,3.26,0,0,0,0,1,0,0,0
https://doi.org/10.1016/j.nima.2004.09.042,Pt,78,Ti/Ni/Al,22,GaN,38,19,1444,83.73,1050,6.08,4,3.4,3.4,4100,Al2O3,8.8,8.6,5.636363636,220,0.0668,3.26,0,0,0,0,1,0,0,0
https://doi.org/10.1016/j.nima.2004.09.042,Pt,78,Ti/Ni/Al,22,GaN,38,19,1444,83.73,1050,6.08,4,3.4,3.4,4100,Al2O3,8.8,8.6,5.511111111,225,0.0685,3.26,0,0,0,0,1,0,0,0
https://doi.org/10.1016/j.nima.2004.09.042,Pt,78,Ti/Ni/Al,22,GaN,38,19,1444,83.73,1050,6.08,4,3.4,3.4,4100,Al2O3,8.8,8.6,5.391304348,230,0.0702,3.26,0,0,0,0,1,0,0,0
https://doi.org/10.1016/j.nima.2004.09.042,Pt,78,Ti/Ni/Al,22,GaN,38,19,1444,83.73,1050,6.08,4,3.4,3.4,4100,Al2O3,8.8,8.6,5.276595745,235,0.0719,3.26,0,0,0,0,1,0,0,0
https://doi.org/10.1016/j.nima.2004.09.042,Pt,78,Ti/Ni/Al,22,GaN,38,19,1444,83.73,1050,6.08,4,3.4,3.4,4100,Al2O3,8.8,8.6,5.166666667,240,0.0736,3.26,0,0,0,0,1,0,0,0
https://doi.org/10.1016/j.nima.2004.09.042,Pt,78,Ti/Ni/Al,22,GaN,38,19,1444,83.73,1050,6.08,4,3.4,3.4,4100,Al2O3,8.8,8.6,5.06122449,245,0.0753,3.26,0,0,0,0,1,0,0,0
https://doi.org/10.1016/j.nima.2004.09.042,Pt,78,Ti/Ni/Al,22,GaN,38,19,1444,83.73,1050,6.08,4,3.4,3.4,4100,Al2O3,8.8,8.6,4.96,250,0.077,3.26,0,0,0,0,1,0,0,0
https://doi.org/10.1016/j.nima.2004.09.042,Pt,78,Ti/Ni/Al,22,GaN,38,19,1444,83.73,1050,6.08,4,3.4,3.4,4100,Al2O3,8.8,8.6,4.862745098,255,0.0772,3.26,0,0,0,0,1,0,0,0
https://doi.org/10.1016/j.nima.2004.09.042,Pt,78,Ti/Ni/Al,22,GaN,38,19,1444,83.73,1050,6.08,4,3.4,3.4,4100,Al2O3,8.8,8.6,4.769230769,260,0.0774,3.26,0,0,0,0,1,0,0,0
https://doi.org/10.1016/j.nima.2004.09.042,Pt,78,Ti/Ni/Al,22,GaN,38,19,1444,83.73,1050,6.08,4,3.4,3.4,4100,Al2O3,8.8,8.6,4.679245283,265,0.0776,3.26,0,0,0,0,1,0,0,0
https://doi.org/10.1016/j.nima.2004.09.042,Pt,78,Ti/Ni/Al,22,GaN,38,19,1444,83.73,1050,6.08,4,3.4,3.4,4100,Al2O3,8.8,8.6,4.592592593,270,0.0778,3.26,0,0,0,0,1,0,0,0
https://doi.org/10.1016/j.nima.2004.09.042,Pt,78,Ti/Ni/Al,22,GaN,38,19,1444,83.73,1050,6.08,4,3.4,3.4,4100,Al2O3,8.8,8.6,4.509090909,275,0.078,3.26,0,0,0,0,1,0,0,0
https://doi.org/10.1016/j.nima.2004.09.042,Pt,78,Ti/Ni/Al,22,GaN,38,19,1444,83.73,1050,6.08,4,3.4,3.4,4100,Al2O3,8.8,8.6,4.428571429,280,0.0782,3.26,0,0,0,0,1,0,0,0
https://doi.org/10.1016/j.nima.2004.09.042,Pt,78,Ti/Ni/Al,22,GaN,38,19,1444,83.73,1050,6.08,4,3.4,3.4,4100,Al2O3,8.8,8.6,4.350877193,285,0.0784,3.26,0,0,0,0,1,0,0,0
https://doi.org/10.1016/j.nima.2004.09.042,Pt,78,Ti/Ni/Al,22,GaN,38,19,1444,83.73,1050,6.08,4,3.4,3.4,4100,Al2O3,8.8,8.6,4.275862069,290,0.0786,3.26,0,0,0,0,1,0,0,0
https://doi.org/10.1016/j.nima.2004.09.042,Pt,78,Ti/Ni/Al,22,GaN,38,19,1444,83.73,1050,6.08,4,3.4,3.4,4100,Al2O3,8.8,8.6,4.203389831,295,0.0788,3.26,0,0,0,0,1,0,0,0
https://doi.org/10.1016/j.nima.2004.09.042,Pt,78,Ti/Ni/Al,22,GaN,38,19,1444,83.73,1050,6.08,4,3.4,3.4,4100,Al2O3,8.8,8.6,4.133333333,300,0.079,3.26,0,0,0,0,1,0,0,0
https://doi.org/10.1016/j.nima.2004.09.042,Pt,78,Ti/Ni/Al,22,GaN,38,19,1444,83.73,1050,6.08,4,3.4,3.4,4100,Al2O3,8.8,8.6,4.06557377,305,0.07898,3.26,0,0,0,0,1,0,0,0
https://doi.org/10.1016/j.nima.2004.09.042,Pt,78,Ti/Ni/Al,22,GaN,38,19,1444,83.73,1050,6.08,4,3.4,3.4,4100,Al2O3,8.8,8.6,4,310,0.07895,3.26,0,0,0,0,1,0,0,0
https://doi.org/10.1016/j.nima.2004.09.042,Pt,78,Ti/Ni/Al,22,GaN,38,19,1444,83.73,1050,6.08,4,3.4,3.4,4100,Al2O3,8.8,8.6,3.936507937,315,0.07893,3.26,0,0,0,0,1,0,0,0
https://doi.org/10.1016/j.nima.2004.09.042,Pt,78,Ti/Ni/Al,22,GaN,38,19,1444,83.73,1050,6.08,4,3.4,3.4,4100,Al2O3,8.8,8.6,3.875,320,0.0789,3.26,0,0,0,0,1,0,0,0
https://doi.org/10.1016/j.nima.2004.09.042,Pt,78,Ti/Ni/Al,22,GaN,38,19,1444,83.73,1050,6.08,4,3.4,3.4,4100,Al2O3,8.8,8.6,3.815384615,325,0.07887,3.26,0,0,0,0,1,0,0,0
https://doi.org/10.1016/j.nima.2004.09.042,Pt,78,Ti/Ni/Al,22,GaN,38,19,1444,83.73,1050,6.08,4,3.4,3.4,4100,Al2O3,8.8,8.6,3.757575758,330,0.07883,3.26,0,0,0,0,1,0,0,0
https://doi.org/10.1016/j.nima.2004.09.042,Pt,78,Ti/Ni/Al,22,GaN,38,19,1444,83.73,1050,6.08,4,3.4,3.4,4100,Al2O3,8.8,8.6,3.701492537,335,0.0788,3.26,0,0,0,0,1,0,0,0
https://doi.org/10.1016/j.nima.2004.09.042,Pt,78,Ti/Ni/Al,22,GaN,38,19,1444,83.73,1050,6.08,4,3.4,3.4,4100,Al2O3,8.8,8.6,3.647058824,340,0.0788,3.26,0,0,0,0,1,0,0,0
https://doi.org/10.1016/j.nima.2004.09.042,Pt,78,Ti/Ni/Al,22,GaN,38,19,1444,83.73,1050,6.08,4,3.4,3.4,4100,Al2O3,8.8,8.6,3.594202899,345,0.07875,3.26,0,0,0,0,1,0,0,0
https://doi.org/10.1016/j.nima.2004.09.042,Pt,78,Ti/Ni/Al,22,GaN,38,19,1444,83.73,1050,6.08,4,3.4,3.4,4100,Al2O3,8.8,8.6,3.542857143,350,0.0787,3.26,0,0,0,0,1,0,0,0
https://doi.org/10.1016/j.nima.2004.09.042,Pt,78,Ti/Ni/Al,22,GaN,38,19,1444,83.73,1050,6.08,4,3.4,3.4,4100,Al2O3,8.8,8.6,3.492957746,355,0.0528,3.26,0,0,0,0,1,0,0,0
https://doi.org/10.1016/j.nima.2004.09.042,Pt,78,Ti/Ni/Al,22,GaN,38,19,1444,83.73,1050,6.08,4,3.4,3.4,4100,Al2O3,8.8,8.6,3.444444444,360,0.0269,3.26,0,0,0,0,1,0,0,0
https://doi.org/10.1016/j.nima.2004.09.042,Pt,78,Ti/Ni/Al,22,GaN,38,19,1444,83.73,1050,6.08,4,3.4,3.4,4100,Al2O3,8.8,8.6,3.397260274,365,0.001,3.26,0,0,0,0,1,0,0,0
https://doi.org/10.1016/j.nima.2004.09.042,Pt,78,Ti/Ni/Al,22,GaN,38,19,1444,83.73,1050,6.08,4,3.4,3.4,4100,Al2O3,8.8,8.6,3.351351351,370,0.00056,3.26,0,0,0,0,1,0,0,0
https://doi.org/10.1016/j.nima.2004.09.042,Pt,78,Ti/Ni/Al,22,GaN,38,19,1444,83.73,1050,6.08,4,3.4,3.4,4100,Al2O3,8.8,8.6,3.306666667,375,0.00012,3.26,0,0,0,0,1,0,0,0
https://doi.org/10.1016/j.nima.2004.09.042,Pt,78,Ti/Ni/Al,22,GaN,38,19,1444,83.73,1050,6.08,4,3.4,3.4,4100,Al2O3,8.8,8.6,3.263157895,380,0.00012,3.26,0,0,0,0,1,0,0,0
https://doi.org/10.1016/j.nima.2004.09.042,Pt,78,Ti/Ni/Al,22,GaN,38,19,1444,83.73,1050,6.08,4,3.4,3.4,4100,Al2O3,8.8,8.6,3.220779221,385,0.00011,3.26,0,0,0,0,1,0,0,0
https://doi.org/10.1016/j.nima.2004.09.042,Pt,78,Ti/Ni/Al,22,GaN,38,19,1444,83.73,1050,6.08,4,3.4,3.4,4100,Al2O3,8.8,8.6,3.179487179,390,0.00011,3.26,0,0,0,0,1,0,0,0
https://doi.org/10.1016/j.nima.2004.09.042,Pt,78,Ti/Ni/Al,22,GaN,38,19,1444,83.73,1050,6.08,4,3.4,3.4,4100,Al2O3,8.8,8.6,3.139240506,395,0.0001,3.26,0,0,0,0,1,0,0,0
https://doi.org/10.1016/j.nima.2004.09.042,Pt,78,Ti/Ni/Al,22,GaN,38,19,1444,83.73,1050,6.08,4,3.4,3.4,4100,Al2O3,8.8,8.6,3.1,400,0.0001,3.26,0,0,0,0,1,0,0,0
https://doi.org/10.1016/j.nima.2004.09.042,Pt,78,Ti/Ni/Al,22,GaN,38,19,1444,83.73,1050,6.08,4,3.4,3.4,4100,Al2O3,8.8,8.6,3.061728395,405,0.0001,3.26,0,0,0,0,1,0,0,0
https://doi.org/10.1016/j.nima.2004.09.042,Pt,78,Ti/Ni/Al,22,GaN,38,19,1444,83.73,1050,6.08,4,3.4,3.4,4100,Al2O3,8.8,8.6,3.024390244,410,0.0001,3.26,0,0,0,0,1,0,0,0
https://doi.org/10.1016/j.nima.2004.09.042,Pt,78,Ti/Ni/Al,22,GaN,38,19,1444,83.73,1050,6.08,4,3.4,3.4,4100,Al2O3,8.8,8.6,2.987951807,415,0.0001,3.26,0,0,0,0,1,0,0,0
https://doi.org/10.1016/j.nima.2004.09.042,Pt,78,Ti/Ni/Al,22,GaN,38,19,1444,83.73,1050,6.08,4,3.4,3.4,4100,Al2O3,8.8,8.6,2.917647059,425,0.0001,3.26,0,0,0,0,1,0,0,0
https://doi.org/10.1016/j.nima.2004.09.042,Pt,78,Ti/Ni/Al,22,GaN,38,19,1444,83.73,1050,6.08,4,3.4,3.4,4100,Al2O3,8.8,8.6,2.850574713,435,0.0001,3.26,0,0,0,0,1,0,0,0
https://doi.org/10.1016/j.nima.2004.09.042,Pt,78,Ti/Ni/Al,22,GaN,38,19,1444,83.73,1050,6.08,4,3.4,3.4,4100,Al2O3,8.8,8.6,2.695652174,460,0.0001,3.26,0,0,0,0,1,0,0,0
https://doi.org/10.1016/j.nima.2004.09.042,Pt,78,Ti/Ni/Al,22,GaN,38,19,1444,83.73,1050,6.08,4,3.4,3.4,4100,Al2O3,8.8,8.6,2.583333333,480,0.0001,3.26,0,0,0,0,1,0,0,0
https://ieeexplore.ieee.org/document/5414855,Al,13,Al,13,Si,14,14,196,28.085,1400,2.31,4,1.12,1.1,200,Si,1.12,1.1,206.6666667,6,0.25,34.6,10,0,0,0,0,0,0,1
https://ieeexplore.ieee.org/document/5414855,Al,13,Al,13,Si,14,14,196,28.085,1400,2.31,4,1.12,1.1,200,Si,1.12,1.1,190.7692308,6.5,0.254,34.6,10,0,0,0,0,0,0,1
https://ieeexplore.ieee.org/document/5414855,Al,13,Al,13,Si,14,14,196,28.085,1400,2.31,4,1.12,1.1,200,Si,1.12,1.1,177.1428571,7,0.257,34.6,10,0,0,0,0,0,0,1
https://ieeexplore.ieee.org/document/5414855,Al,13,Al,13,Si,14,14,196,28.085,1400,2.31,4,1.12,1.1,200,Si,1.12,1.1,103.3333333,12,0.26,34.6,10,0,0,0,0,0,0,1
https://ieeexplore.ieee.org/document/5414855,Al,13,Al,13,Si,14,14,196,28.085,1400,2.31,4,1.12,1.1,200,Si,1.12,1.1,91.85185185,13.5,0.27,34.6,10,0,0,0,0,0,0,1
https://ieeexplore.ieee.org/document/5414855,Al,13,Al,13,Si,14,14,196,28.085,1400,2.31,4,1.12,1.1,200,Si,1.12,1.1,88.57142857,14,0.266,34.6,10,0,0,0,0,0,0,1
https://ieeexplore.ieee.org/document/5414855,Al,13,Al,13,Si,14,14,196,28.085,1400,2.31,4,1.12,1.1,200,Si,1.12,1.1,85.51724138,14.5,0.264,34.6,10,0,0,0,0,0,0,1
https://ieeexplore.ieee.org/document/5414855,Al,13,Al,13,Si,14,14,196,28.085,1400,2.31,4,1.12,1.1,200,Si,1.12,1.1,82.66666667,15,0.263,34.6,10,0,0,0,0,0,0,1
https://pubs.acs.org/doi/10.1021/nl400107k,Au/Cr,79,Au/Cr,79,GaS,47,23.5,2209,101.78,1000,3.78,4.5,3.05,3,5,Si,1.12,1.1,4.881889764,254,4.1,500,2,0,0,0,0,0,1,0
https://pubs.acs.org/doi/10.1021/nl400107k,Au/Cr,79,Au/Cr,79,GaS,47,23.5,2209,101.78,1000,3.78,4.5,3.05,3,5,Si,1.12,1.1,4.769230769,260,4.06738,500,2,0,0,0,0,0,1,0
https://pubs.acs.org/doi/10.1021/nl400107k,Au/Cr,79,Au/Cr,79,GaS,47,23.5,2209,101.78,1000,3.78,4.5,3.05,3,5,Si,1.12,1.1,4.592592593,270,4.01041,500,2,0,0,0,0,0,1,0
https://pubs.acs.org/doi/10.1021/nl400107k,Au/Cr,79,Au/Cr,79,GaS,47,23.5,2209,101.78,1000,3.78,4.5,3.05,3,5,Si,1.12,1.1,4.428571429,280,3.9483,500,2,0,0,0,0,0,1,0
https://pubs.acs.org/doi/10.1021/nl400107k,Au/Cr,79,Au/Cr,79,GaS,47,23.5,2209,101.78,1000,3.78,4.5,3.05,3,5,Si,1.12,1.1,4.275862069,290,3.87889,500,2,0,0,0,0,0,1,0
https://pubs.acs.org/doi/10.1021/nl400107k,Au/Cr,79,Au/Cr,79,GaS,47,23.5,2209,101.78,1000,3.78,4.5,3.05,3,5,Si,1.12,1.1,4.133333333,300,3.8,500,2,0,0,0,0,0,1,0
https://pubs.acs.org/doi/10.1021/nl400107k,Au/Cr,79,Au/Cr,79,GaS,47,23.5,2209,101.78,1000,3.78,4.5,3.05,3,5,Si,1.12,1.1,4,310,3.70946,500,2,0,0,0,0,0,1,0
https://pubs.acs.org/doi/10.1021/nl400107k,Au/Cr,79,Au/Cr,79,GaS,47,23.5,2209,101.78,1000,3.78,4.5,3.05,3,5,Si,1.12,1.1,3.875,320,3.6051,500,2,0,0,0,0,0,1,0
https://pubs.acs.org/doi/10.1021/nl400107k,Au/Cr,79,Au/Cr,79,GaS,47,23.5,2209,101.78,1000,3.78,4.5,3.05,3,5,Si,1.12,1.1,3.757575758,330,3.48475,500,2,0,0,0,0,0,1,0
https://pubs.acs.org/doi/10.1021/nl400107k,Au/Cr,79,Au/Cr,79,GaS,47,23.5,2209,101.78,1000,3.78,4.5,3.05,3,5,Si,1.12,1.1,3.647058824,340,3.34623,500,2,0,0,0,0,0,1,0
https://pubs.acs.org/doi/10.1021/nl400107k,Au/Cr,79,Au/Cr,79,GaS,47,23.5,2209,101.78,1000,3.78,4.5,3.05,3,5,Si,1.12,1.1,3.542857143,350,3.18738,500,2,0,0,0,0,0,1,0
https://pubs.acs.org/doi/10.1021/nl400107k,Au/Cr,79,Au/Cr,79,GaS,47,23.5,2209,101.78,1000,3.78,4.5,3.05,3,5,Si,1.12,1.1,3.444444444,360,3.00603,500,2,0,0,0,0,0,1,0
https://pubs.acs.org/doi/10.1021/nl400107k,Au/Cr,79,Au/Cr,79,GaS,47,23.5,2209,101.78,1000,3.78,4.5,3.05,3,5,Si,1.12,1.1,3.351351351,370,2.8,500,2,0,0,0,0,0,1,0
https://pubs.acs.org/doi/10.1021/nl400107k,Au/Cr,79,Au/Cr,79,GaS,47,23.5,2209,101.78,1000,3.78,4.5,3.05,3,5,Si,1.12,1.1,3.263157895,380,2.5686,500,2,0,0,0,0,0,1,0
https://pubs.acs.org/doi/10.1021/nl400107k,Au/Cr,79,Au/Cr,79,GaS,47,23.5,2209,101.78,1000,3.78,4.5,3.05,3,5,Si,1.12,1.1,3.179487179,390,2.31706,500,2,0,0,0,0,0,1,0
https://pubs.acs.org/doi/10.1021/nl400107k,Au/Cr,79,Au/Cr,79,GaS,47,23.5,2209,101.78,1000,3.78,4.5,3.05,3,5,Si,1.12,1.1,3.1,400,2.0521,500,2,0,0,0,0,0,1,0
https://pubs.acs.org/doi/10.1021/nl400107k,Au/Cr,79,Au/Cr,79,GaS,47,23.5,2209,101.78,1000,3.78,4.5,3.05,3,5,Si,1.12,1.1,3.024390244,410,1.78041,500,2,0,0,0,0,0,1,0
https://pubs.acs.org/doi/10.1021/nl400107k,Au/Cr,79,Au/Cr,79,GaS,47,23.5,2209,101.78,1000,3.78,4.5,3.05,3,5,Si,1.12,1.1,2.952380952,420,1.50871,500,2,0,0,0,0,0,1,0
https://pubs.acs.org/doi/10.1021/nl400107k,Au/Cr,79,Au/Cr,79,GaS,47,23.5,2209,101.78,1000,3.78,4.5,3.05,3,5,Si,1.12,1.1,2.88372093,430,1.2437,500,2,0,0,0,0,0,1,0
https://pubs.acs.org/doi/10.1021/nl400107k,Au/Cr,79,Au/Cr,79,GaS,47,23.5,2209,101.78,1000,3.78,4.5,3.05,3,5,Si,1.12,1.1,2.818181818,440,0.9921,500,2,0,0,0,0,0,1,0
https://pubs.acs.org/doi/10.1021/nl400107k,Au/Cr,79,Au/Cr,79,GaS,47,23.5,2209,101.78,1000,3.78,4.5,3.05,3,5,Si,1.12,1.1,2.755555556,450,0.76062,500,2,0,0,0,0,0,1,0
https://pubs.acs.org/doi/10.1021/nl400107k,Au/Cr,79,Au/Cr,79,GaS,47,23.5,2209,101.78,1000,3.78,4.5,3.05,3,5,Si,1.12,1.1,2.695652174,460,0.55596,500,2,0,0,0,0,0,1,0
https://pubs.acs.org/doi/10.1021/nl400107k,Au/Cr,79,Au/Cr,79,GaS,47,23.5,2209,101.78,1000,3.78,4.5,3.05,3,5,Si,1.12,1.1,2.638297872,470,0.38483,500,2,0,0,0,0,0,1,0
https://pubs.acs.org/doi/10.1021/nl400107k,Au/Cr,79,Au/Cr,79,GaS,47,23.5,2209,101.78,1000,3.78,4.5,3.05,3,5,Si,1.12,1.1,2.583333333,480,0.25394,500,2,0,0,0,0,0,1,0
https://pubs.acs.org/doi/10.1021/nl400107k,Au/Cr,79,Au/Cr,79,GaS,47,23.5,2209,101.78,1000,3.78,4.5,3.05,3,5,Si,1.12,1.1,2.530612245,490,0.17,500,2,0,0,0,0,0,1,0
https://pubs.acs.org/doi/10.1021/nl400107k,Au/Cr,79,Au/Cr,79,GaS,47,23.5,2209,101.78,1000,3.78,4.5,3.05,3,5,Si,1.12,1.1,2.48,500,0.13509,500,2,0,0,0,0,0,1,0
https://pubs.acs.org/doi/10.1021/nl400107k,Au/Cr,79,Au/Cr,79,GaS,47,23.5,2209,101.78,1000,3.78,4.5,3.05,3,5,Si,1.12,1.1,2.431372549,510,0.13278,500,2,0,0,0,0,0,1,0
https://pubs.acs.org/doi/10.1021/nl400107k,Au/Cr,79,Au/Cr,79,GaS,47,23.5,2209,101.78,1000,3.78,4.5,3.05,3,5,Si,1.12,1.1,2.384615385,520,0.142,500,2,0,0,0,0,0,1,0
https://pubs.acs.org/doi/10.1021/nl400107k,Au/Cr,79,Au/Cr,79,GaS,47,23.5,2209,101.78,1000,3.78,4.5,3.05,3,5,Si,1.12,1.1,2.339622642,530,0.14583,500,2,0,0,0,0,0,1,0
https://pubs.acs.org/doi/10.1021/nl400107k,Au/Cr,79,Au/Cr,79,GaS,47,23.5,2209,101.78,1000,3.78,4.5,3.05,3,5,Si,1.12,1.1,2.296296296,540,0.14391,500,2,0,0,0,0,0,1,0
https://pubs.acs.org/doi/10.1021/nl400107k,Au/Cr,79,Au/Cr,79,GaS,47,23.5,2209,101.78,1000,3.78,4.5,3.05,3,5,Si,1.12,1.1,2.254545455,550,0.14,500,2,0,0,0,0,0,1,0
https://pubs.acs.org/doi/10.1021/nl400107k,Au/Cr,79,Au/Cr,79,GaS,47,23.5,2209,101.78,1000,3.78,4.5,3.05,3,5,Si,1.12,1.1,2.214285714,560,0.13715,500,2,0,0,0,0,0,1,0
https://pubs.acs.org/doi/10.1021/nl400107k,Au/Cr,79,Au/Cr,79,GaS,47,23.5,2209,101.78,1000,3.78,4.5,3.05,3,5,Si,1.12,1.1,2.175438596,570,0.13553,500,2,0,0,0,0,0,1,0
https://pubs.acs.org/doi/10.1021/nl400107k,Au/Cr,79,Au/Cr,79,GaS,47,23.5,2209,101.78,1000,3.78,4.5,3.05,3,5,Si,1.12,1.1,2.137931034,580,0.13456,500,2,0,0,0,0,0,1,0
https://pubs.acs.org/doi/10.1021/nl400107k,Au/Cr,79,Au/Cr,79,GaS,47,23.5,2209,101.78,1000,3.78,4.5,3.05,3,5,Si,1.12,1.1,2.101694915,590,0.1337,500,2,0,0,0,0,0,1,0
https://pubs.acs.org/doi/10.1021/nl400107k,Au/Cr,79,Au/Cr,79,GaS,47,23.5,2209,101.78,1000,3.78,4.5,3.05,3,5,Si,1.12,1.1,2.066666667,600,0.13236,500,2,0,0,0,0,0,1,0
https://pubs.acs.org/doi/10.1021/nl400107k,Au/Cr,79,Au/Cr,79,GaS,47,23.5,2209,101.78,1000,3.78,4.5,3.05,3,5,Si,1.12,1.1,2.032786885,610,0.13,500,2,0,0,0,0,0,1,0
